# -*- coding: utf-8 -*-

# Resource object code
#
# Created by: The Resource Compiler for PyQt5 (Qt v5.15.2)
#
# WARNING! All changes made in this file will be lost!

from PyQt5 import QtCore

qt_resource_data = b"\
\x00\x00\xf1\x90\
\x89\
\x50\x4e\x47\x0d\x0a\x1a\x0a\x00\x00\x00\x0d\x49\x48\x44\x52\x00\
\x00\x00\x9d\x00\x00\x00\xcf\x08\x06\x00\x00\x00\xef\x60\xd3\x2a\
\x00\x00\x00\x01\x73\x52\x47\x42\x00\xae\xce\x1c\xe9\x00\x00\x00\
\x04\x67\x41\x4d\x41\x00\x00\xb1\x8f\x0b\xfc\x61\x05\x00\x00\x00\
\x09\x70\x48\x59\x73\x00\x00\x12\x74\x00\x00\x12\x74\x01\xde\x66\
\x1f\x78\x00\x00\xf1\x25\x49\x44\x41\x54\x78\x5e\xec\xfd\x77\x9c\
\x6d\xd9\x55\xdf\x8b\x7e\xe7\x9c\x2b\xee\x58\xb9\xea\xd4\xc9\xa1\
\x73\x56\x27\x49\x8d\x72\x44\x09\x09\xcb\x04\x5b\x04\x83\xc9\x18\
\x03\x06\x7c\x6d\x7f\xfc\x9e\x7d\x1d\xe0\x62\x4c\xb0\xaf\x7d\xc1\
\x60\x32\x18\x09\xb0\x30\x19\x99\x28\x21\x24\x24\xb5\x52\x77\x4b\
\x9d\xbb\x4f\x9f\x5c\xb9\x76\x5a\x7b\xa5\x39\xef\x1f\x63\xae\x5d\
\xd5\x9c\xbe\xef\xbf\x77\x3f\xef\xf3\x79\x77\x49\xd5\xe7\x9c\xaa\
\x5d\x7b\xaf\x35\xe7\x98\x23\xfc\xc6\x6f\x8c\xa1\x8e\x9e\xbe\xc9\
\xf1\x7f\xcb\xf5\x7f\xd3\xc7\xfc\x3f\xd7\xff\xcf\x5d\xea\xd0\xdf\
\x1d\xa0\x0f\xfd\xfb\xff\xcb\x97\xfa\x1b\x1f\xff\xff\x5c\xff\xff\
\x78\x29\x40\xfd\x4d\x4d\xf7\xee\xb7\xbf\x85\x38\x8e\x70\xb6\x11\
\x11\x85\xb5\x0e\x6b\x6b\xc0\x02\x0a\xad\x35\x4a\x29\x94\xc2\xff\
\xcc\xe1\x1a\x4d\xe6\x1c\x28\x45\x10\x04\xc4\x71\x4c\x14\x85\x04\
\x41\x88\xd6\x0a\xad\xb4\xff\x54\x85\x42\x03\x0e\xa5\xe4\x33\xfe\
\xe6\x69\x00\xe7\xff\xa2\xb0\xae\xb9\x45\x87\x75\xf2\x11\xb8\xc3\
\x9f\x09\xee\xd0\xbf\x9d\x75\xf2\x6f\xe7\x70\x28\xac\xb5\xf2\x3b\
\x38\x14\x60\x94\x22\x30\x1a\x1d\x28\xb6\x36\xf7\xa8\xa7\x05\x2b\
\xcb\x0b\x5c\xbd\xb6\xc3\x24\xcb\x71\xf2\x01\x38\xe7\xb0\xce\x62\
\x9d\xc3\x39\x39\xa1\x69\x1a\x93\xc4\x21\x0a\x85\xb5\x35\x75\x6d\
\xa9\xad\xa3\x28\x2b\xf2\xa2\xa0\x28\x72\x6a\xeb\x50\x4a\xce\xb3\
\xf3\x6b\x63\xfd\x67\x47\x81\xc1\x39\x85\x75\x72\x4f\x5a\x81\xd6\
\x1a\xad\x35\x95\xb5\xd4\x55\x45\x6d\x6b\x6a\x6b\xd9\xdf\x1f\x50\
\x94\x15\x37\xdf\x74\x03\x8b\x73\x3d\x76\x77\xf6\x19\x8d\xc6\xf2\
\x73\xe7\x30\xc6\x10\x04\x06\xeb\x2c\x79\x5e\x62\x71\xe4\x79\xce\
\x60\x6f\x40\xa7\xdb\x23\x8c\x22\x9c\xad\xe5\x79\x94\x92\x3f\xfd\
\x3a\x35\xf7\x07\xf8\xbd\x94\xaf\x24\x89\x58\x9c\xef\x52\x96\x35\
\xa7\x4e\x1d\x67\x34\x9e\xe0\x9c\x46\x01\xb5\xad\xb1\xce\x82\xd2\
\x28\xad\x51\x68\xbf\x7f\xce\xcb\x86\x46\x2b\x44\x2e\x00\xad\x34\
\x46\x83\x56\x8a\x28\x0c\x68\xa5\x29\xed\x76\xeb\x7a\xa1\xfb\xea\
\x2f\xff\x32\xe2\x38\xc6\xda\xc3\x1b\xed\xa8\xeb\x1a\x9c\x45\x6b\
\x11\x18\xa5\xe4\x66\x2d\xf6\xd0\x6b\x65\xf3\x01\xc2\x20\x24\x4e\
\x62\xe2\x38\x26\x0c\x02\xb9\xc9\x43\x0f\x27\x82\x87\x08\x9c\xbf\
\xd1\x99\x6c\x21\x9b\x3c\x93\xbb\x43\xdf\x93\x2f\x11\x2f\xe7\x64\
\x23\x67\x3f\x6b\x04\xe5\x90\xd0\x35\x87\xc6\x39\xeb\x55\xbb\x26\
\x09\x43\x26\x79\xce\xf6\xe6\x0e\x8b\xbd\x2e\xf3\xbd\x0e\x57\xaf\
\x6d\xb3\xb3\x37\xa2\xf6\x9b\xe4\x9c\xf5\x02\x67\xfd\xc7\xcb\x26\
\xb7\xd2\x84\x40\x6b\xaa\xca\x92\x17\x05\x75\x5d\x89\x20\x07\x01\
\x61\x18\x60\x6b\x4b\x59\x55\x14\x65\xc5\xb4\x28\xb1\xb5\x05\xe5\
\xe4\x99\x1d\x84\x81\x01\xad\xb0\x95\x23\x4e\x63\xa2\x20\x40\x6b\
\x45\x6d\x2d\x45\x51\x52\xd5\xb5\xbc\x47\x59\x52\xd6\xf2\x3e\x83\
\xc1\x90\xa5\xf9\x39\xd6\x56\x96\xd8\xdd\x1b\x60\x71\x22\xec\xb5\
\xc5\xe1\xd0\x46\x53\x7b\xe1\x76\xce\x31\x18\x0c\x29\xcb\x92\x76\
\xa7\x83\xd1\x1a\xe7\xec\x6c\x21\x1d\xa2\x6e\x94\x2c\xcd\x6c\x7d\
\x15\x0a\xad\x0d\xd6\x3a\xe2\x38\x64\x61\xbe\x8b\x73\x70\xec\xe8\
\x1a\xd6\xca\xc1\x9a\xad\xb9\xd6\x04\x26\xa0\xd3\x69\xd1\x6a\xb5\
\x88\xa3\x88\x30\x0c\x89\xa3\x48\xf6\x3c\x89\x48\xe2\x98\x24\x49\
\x48\xbc\x0c\x74\x5a\x2d\x5a\xed\x94\x24\x49\xae\x17\xba\xaf\x7a\
\xcf\xbb\xbc\xd0\xc9\x26\x35\x1b\x5a\x55\x15\xce\x5a\x8c\x56\x68\
\xa5\x30\xc6\x80\x52\x94\x75\xe5\x37\x55\xc9\x6b\x65\x7f\x08\xb4\
\x26\x8a\x63\xa2\x38\x24\x30\x01\x4a\x2b\x94\x32\x72\xaa\x0f\x0b\
\xdd\x4c\xc5\xc9\x2a\x1c\xbc\xcb\xa1\x15\x9a\x69\x1d\xf9\x96\xb3\
\xa2\x71\x9b\x25\x53\xc8\x29\xb6\xb6\xc6\x02\xae\xf6\x02\xd7\xbc\
\xc4\x1f\x90\xc0\x68\x92\x38\x66\x67\x67\x40\x9d\x17\x2c\xf7\xfb\
\x04\x46\xb3\xbd\xb7\xcf\xe6\xf6\x3e\x75\x7d\x20\x68\xce\x5a\xac\
\xab\x9b\x9b\x43\x6b\x4d\x14\x06\x38\xeb\xc8\xf3\x82\xc0\x68\xaf\
\xc5\x03\xb4\xd6\x80\x12\x41\xb5\x96\xb2\xac\x28\xeb\x9a\x71\x96\
\x53\x95\x25\x4a\x1f\xe8\xf1\x99\xb6\xc7\xdf\x9b\x03\x13\x18\x5a\
\x49\x42\xed\x2c\x59\x36\xc5\x5a\x4b\x18\x87\xb8\xda\x31\x1c\x8f\
\x71\x38\xf6\xf7\x07\x28\xe7\x38\x76\xf4\x08\xd3\xbc\x20\x8a\x42\
\x8a\xbc\xa4\xa8\x6a\x59\x2f\x25\x0f\x6b\x9d\xa3\xae\x2c\x79\x2e\
\xef\x13\xc7\x91\xac\x92\xf3\xda\xcd\x0b\x9a\xf2\x87\x77\x76\x29\
\x25\x2b\xa9\x45\x29\x68\xad\x98\xeb\xf5\xd0\xda\x71\x6c\x7d\x0d\
\x13\x86\x94\x65\x85\x03\xc2\x30\xe4\xc8\xda\x0a\xb7\xde\x78\x8e\
\xf5\xf5\x23\xb4\xda\x6d\xe2\x24\x22\x8c\x62\xa2\x38\xc2\x04\x01\
\x46\x1b\x8c\x31\x68\x23\x16\x4e\x6b\x23\xef\xcd\x4b\x98\xd7\x46\
\xe8\x6a\x2b\x27\x5c\x01\xd6\x41\x55\x96\x58\x5b\x13\x06\x86\xbc\
\xac\xd9\x1d\x4c\xd8\xd9\x1d\x31\x1a\x4f\xa9\x2a\x39\x49\xce\x2f\
\xa6\xa8\x71\xeb\x1f\xea\xf0\xdb\x1f\x98\x65\x79\xde\x83\x9f\x29\
\x1a\x2d\x78\xe8\xbb\x5e\xc8\x64\x3d\x45\xe8\x0e\x7e\xa0\x66\x9b\
\x27\xbf\x8b\x3f\xe9\x07\xc2\xd8\xbc\xd6\x29\x08\x4c\x40\xbf\xdb\
\x66\x69\xbe\xc7\xfa\xd2\x3c\x47\x97\x16\xa9\xad\x65\x6b\x77\x8f\
\x6b\x9b\x3b\x38\x27\xda\xa3\xd1\x70\x38\x37\x53\x07\xd6\x39\xaa\
\xaa\xc4\x68\x8d\x56\x9a\x38\x8e\x49\xe3\x68\xa6\xed\x41\x61\x2d\
\x94\x65\xc1\x24\x2f\xbc\x06\xf4\x66\xd5\xbf\xa7\x52\x72\xa7\x5e\
\xf9\xce\xee\x8d\xc6\x5d\x00\x3a\xed\x94\x20\x08\x28\xab\x92\xb2\
\xac\x09\xb4\x06\xad\xd8\xda\xd9\x25\x0c\x0c\xa3\xf1\x98\x6c\x32\
\xe1\xd8\xd1\x23\x58\xab\x88\xe3\x88\xc9\x64\x42\xe9\x17\x46\x01\
\xd6\x8a\x3b\x50\xd5\x15\x75\x55\xcb\x9e\x85\xe2\x0e\x34\x6b\xeb\
\x64\x39\xe5\x77\x9c\xc3\xc9\xcd\x89\x60\x6a\x8d\x36\x66\x26\x90\
\xfd\x7e\x17\xa3\xe1\xc8\xca\x32\x49\xab\x45\x51\x55\x24\x49\xcc\
\x4d\x37\x9c\xe5\x95\x0f\xde\xcb\xa9\x93\x27\x88\xe2\x18\x65\x34\
\xf8\xc3\xd7\x3c\x60\x63\x6d\x9a\x1d\x91\xb5\x7a\x09\xa1\xfb\xca\
\xf7\xbc\x8b\x24\x39\x30\xaf\x0e\x91\x90\xba\x2a\x99\xe6\x39\x17\
\xaf\xec\x71\x79\x63\x9f\xcc\xfb\x3e\x0a\x0e\x4c\x27\x4a\x4e\xdd\
\xcc\x3c\x39\x9c\xf7\xa7\x14\xcd\x69\x9c\xad\xb8\xf7\x03\x78\x91\
\x30\x2a\x44\x98\x0e\x9b\x4b\x91\xb9\xe6\x36\x45\x38\x0f\xf6\x4e\
\x34\x2f\x0a\xef\xfb\x35\x9f\x7f\xf0\x58\x4e\x5e\xe6\x7f\xe4\x68\
\xa5\x09\x77\xdd\x78\x8a\xa3\x2b\x0b\x5c\xbd\xba\x43\xed\xaa\xd9\
\xeb\x1d\xde\xff\x73\x0e\xa7\x44\x28\x8a\xa2\x40\x69\x88\x82\x70\
\x26\x64\x9d\x56\x8a\x09\x02\xb4\xbf\x97\xd1\x38\x23\x9b\xe6\x58\
\xef\x07\x6a\x25\x3e\xab\xb5\x62\x06\xc5\xaf\x3c\x10\x0e\x79\x46\
\x31\xbb\xce\x3a\x6a\x2c\xb6\x86\x38\x0a\xe9\xb4\x5b\x00\x54\x65\
\x85\xc3\x31\xcc\x26\x8c\x87\x13\xc2\x28\x20\x9f\x16\x4c\x46\x43\
\xd6\x8f\xae\xe1\x9c\x22\x4e\x22\x86\xc3\x31\xd6\xaf\xcb\x4c\x4b\
\x5b\x47\x5d\x57\xd4\x75\x8d\xb3\x96\x28\x8e\xc0\x1f\x20\x59\x53\
\x6f\x6d\xbc\x8f\xd7\x08\xa2\xc3\x11\x9a\x10\x65\x94\xd7\x22\x8e\
\x4e\xb7\x8d\x51\x30\xdf\xef\x33\xb7\x38\x87\x52\x9a\x7e\xbf\xc7\
\xd9\xd3\x27\x39\x71\xfc\x38\xf3\xf3\x73\x74\x3a\x6d\xd2\x34\x21\
\x8a\x42\xa2\xc8\x6b\xbb\xc0\x5b\x38\xeb\xf7\xf2\xff\xb3\xd0\x25\
\x2f\xf2\xd3\xb4\x52\xec\xec\x0d\x78\xe4\x8b\xe7\xd9\x1b\x4e\x51\
\x4a\xbe\xd7\x5c\xcd\x03\x68\x94\xbf\xcf\x03\x9f\xaa\xf1\x27\xdc\
\xa1\xa0\xe1\x40\x7e\xfc\x26\x28\x6f\x72\x0f\xbd\x5f\x23\x70\xd7\
\x09\x8f\x97\x5d\xa5\xe4\x7d\x94\xd2\x68\x2d\xe6\x55\x04\x1e\xff\
\x99\xfe\xf7\xfc\x67\xca\x1f\x72\x9f\x0e\x47\x55\xd5\x2c\xf5\x3a\
\x9c\x3a\xb2\x88\xd1\x62\x76\x94\x57\xa0\x62\xbe\xa1\xb6\xe2\x5b\
\x05\xc6\xa0\xbd\x89\xd4\xda\x80\x12\xdf\x2c\x4d\x62\xea\xda\x79\
\xb3\x63\x29\x2b\x4b\x51\xfa\x8d\x76\x5e\x53\x5a\x1f\x6c\xc9\xb6\
\xca\x21\x45\xe1\x94\x05\x6b\x71\xd6\xbb\x2a\x5a\xa1\x8d\xa6\xac\
\x6a\x34\x8a\x34\x8e\xc4\x54\x5a\xcb\x60\x34\xa1\xac\x4a\xb0\xe2\
\xbf\x95\x65\xc9\x70\xb0\xcf\x91\xb5\x35\x02\x13\x40\xa0\x19\x8f\
\x65\x5f\x66\xfe\xab\x77\x37\x9c\x73\x14\x45\x81\x31\x1a\x63\x42\
\x7f\x5f\x22\x6c\xcd\xf9\x97\x35\xf6\x0a\x03\x59\xdb\x28\x8a\x70\
\x56\xbe\x0f\x8e\x5e\xbf\x47\x55\x16\x2c\x2c\xce\xb3\xbc\xbc\x28\
\xef\xa1\x14\xed\x76\x47\xfc\xb5\x34\x21\x4d\x53\xd2\x34\xa1\xd5\
\x6e\xd1\xeb\x74\xe8\xf6\xba\xb4\x3b\x2d\x5a\x69\x8b\xb9\xf9\x1e\
\x71\x1c\xcb\xd3\x5f\x27\x74\xef\x7e\x17\x51\x1c\xcf\xfe\xad\x51\
\x0c\x46\x19\x9f\xf8\xcc\x13\x8c\x27\x39\x26\x30\xf2\x83\x43\xc2\
\x20\x3b\xe6\xfd\x15\xfc\xe6\x1e\x72\xc6\x1b\xa1\x3b\x7c\x29\xbc\
\xe6\xf1\xbf\xa7\xbc\x40\x48\x54\xe5\x35\x64\x23\x78\xcd\x01\x68\
\x34\x61\x63\x8a\x9b\xd3\xea\xb5\x86\x08\x9e\xbc\xb1\xf3\x01\x80\
\x17\xb7\x99\x06\xf5\x92\x0f\x4a\x02\x8e\xb9\x76\xca\xd9\xa3\xcb\
\x18\x6d\x66\x9a\x49\x84\xd2\x32\xcd\xa7\xc4\x51\x84\xd2\xa2\x8d\
\x0e\x3f\xb2\xd2\x8a\xc0\x18\xaa\xaa\xf4\x66\x5f\x79\xad\x2e\x7e\
\x95\xf3\x26\xae\xaa\x6a\x94\x37\xef\x8d\xe0\xd6\xb6\x46\x29\x45\
\x12\x07\xb4\x5b\x2d\x8c\x0e\xa8\xaa\x9a\xa2\x28\x29\xaa\x8a\xba\
\xae\x48\xe2\x98\xfd\xfd\x91\xf8\xcc\x20\x01\x09\x0e\x85\xc6\x18\
\xc5\x74\x9a\x31\x1a\x8f\x39\x7a\x64\x0d\x94\x26\x2f\xc5\x94\x82\
\xd7\xf8\xcd\x3d\x54\x15\xe0\x28\x8a\x9c\x28\x4a\xd0\x4a\x61\x67\
\x07\x57\x36\x40\x8e\x6b\xe3\xec\x01\x38\xb4\xd6\x18\x2d\x91\xb6\
\x31\x1a\x87\xa3\xd7\xeb\x32\x9d\x66\xac\xac\x2e\xd3\x6e\xa7\x5e\
\x30\x35\x26\x34\x3e\x60\x39\x58\x23\x63\x0c\x51\x14\x92\xc6\x11\
\xb7\xdc\x7c\x8e\x57\xbc\xf2\x41\x96\x96\x96\x71\xce\x61\x7a\xf3\
\x4b\xff\xe2\x60\x29\xe1\xd6\x9b\x6f\xf2\x41\x82\x43\x2b\x45\x65\
\x2d\x9f\xfe\xdc\x33\xec\x0d\xc6\x04\x81\x3e\xb8\x2f\x0e\x6f\x82\
\xa8\x73\x85\x84\xd2\xd0\x9c\x38\x79\x8d\x93\x97\xcb\x6b\x94\x37\
\x87\xcd\xa5\xa0\xae\xeb\xd9\x43\x56\x55\x85\xab\x41\x07\x46\x22\
\xba\x69\x21\x42\x85\x9c\x40\xad\x44\x23\x28\xa5\x51\xde\x39\xf5\
\x6f\x83\x73\x12\x51\x2a\xe7\x44\x23\xcd\xee\xb5\xf9\xac\x03\x11\
\x74\x28\xb4\x86\x2c\x17\x88\x63\x65\xbe\x27\xcf\x04\xe4\x45\xc9\
\x74\x3a\x25\x8a\x42\xb4\x36\x38\xeb\xb0\x88\xf6\x6c\xfe\x07\x50\
\xd5\x35\x4e\x64\xe1\x40\xe8\xad\xc5\x7a\xe1\x6d\x4c\x6a\x55\x5b\
\xea\xba\xc6\x18\x89\xa4\xf3\xaa\xa4\x28\x4a\x86\xa3\x31\xc3\xc1\
\x98\xa2\x2c\x88\xc3\x88\x24\x8e\xd0\x4a\x51\x96\x15\xd6\x5a\xd2\
\x56\xc2\x34\xcb\xa9\xeb\x4a\x0e\x9c\x52\x02\xb7\xf8\x40\xc3\x98\
\x80\xc1\xfe\x3e\x69\x9a\xca\xba\x21\xfe\xab\x3b\x24\x74\x72\x49\
\x10\x51\x57\x35\xda\xc8\xe1\x12\xa7\xbe\x11\x38\xbf\x4e\xcd\x62\
\x79\x78\xc5\x59\x6f\x9d\x9c\x02\xad\x29\xa6\x05\xed\x4e\x9b\xd1\
\x78\x48\x9a\x44\x94\x95\x15\x33\xec\x0f\x45\x6d\x2d\x55\x25\xbe\
\x64\x59\x56\x4c\x26\x13\x46\xe3\x31\xeb\x6b\x2b\xdc\x72\xf3\x4d\
\xa4\xed\x16\x4a\xa9\xeb\x85\xee\x8e\x5b\x6e\x26\x08\x02\x70\x0e\
\xad\x15\xcf\x9e\xdf\xe0\xf9\x0b\x1b\x98\x40\xb0\x9a\xeb\x2f\x71\
\xc0\x17\xe6\xba\x14\x55\x09\x4e\x91\xc4\x09\xcb\xcb\x0b\x74\x3b\
\x2d\x92\x38\x21\x4d\xdb\xb4\x5a\x09\x73\xbd\x0e\xce\xc9\x8d\x49\
\x24\xa5\x09\xc3\x80\xfb\xef\xbb\x9b\x6c\x92\x93\x65\x53\xde\xfd\
\x65\x6f\x65\xfd\xd8\x1a\x4f\x3f\xfd\x02\x27\x8f\xad\x71\xcf\x3d\
\xb7\x70\xf5\xca\x26\x75\x6d\x51\xda\x78\xb8\xa0\x04\xe7\xb0\x4e\
\xcc\x87\xd6\x82\x55\xb5\xdb\x6d\xfe\xce\x57\xbe\x8b\xd1\x68\xc2\
\xe6\xd6\x8e\x68\x2f\x25\x02\xd6\x98\xf6\xd9\xba\x1e\xd2\x80\xa3\
\x49\xce\x5c\xb7\xc5\x42\xbf\xc5\x70\x9c\x51\xe4\x39\x49\x12\xa3\
\x95\x7e\x11\xdc\x22\x9b\x29\x7b\xa3\x11\x65\x2f\x78\x9b\xc5\xd6\
\xe2\xcb\x35\xaf\x6b\xde\x5d\x6b\x45\x12\x45\x74\x5a\x2d\xda\x69\
\x4a\x9a\xb6\x10\xeb\xed\x88\x7c\xc0\xb6\xb3\xbb\xc7\x95\xab\x57\
\xc9\xb2\x8c\x28\x8c\xa8\xaa\x8a\xe1\x78\x02\x28\xda\xed\x16\xd3\
\x69\x31\x43\x13\x1a\x6d\x6e\x6b\x47\x1c\xc7\x28\x05\xe3\xc9\x88\
\x7e\xbf\x4b\x59\x54\x60\xbd\xef\xe4\x0f\xbb\x1c\x46\x11\x58\x89\
\xc6\x95\xf7\xc1\x1b\x2d\x77\x20\x6b\xcd\xdf\x95\xb7\x24\x2f\x52\
\x30\xfe\x7b\x65\x55\xd3\x6a\xa5\x8c\xc6\x23\x16\x16\xe6\x28\xf3\
\x8a\xb2\xac\xc4\x1a\x38\x11\x52\xc1\x0f\x45\x23\xc7\x71\xc4\xe9\
\x93\x27\xb8\xe1\xc6\x73\x44\x51\x04\xf0\x12\x42\x77\xeb\xcd\x84\
\x61\x88\x06\x8a\xaa\xe6\xf3\x8f\x3d\x4f\x55\x55\xa2\x9d\x9c\x9c\
\x0e\x85\x42\x69\x59\x00\x5b\x3b\x96\x16\xe7\xf8\xb9\xff\xf2\x23\
\x9c\x39\x79\x94\x3f\xf9\xb3\xbf\xe4\x4b\x5e\x7e\x2f\xff\xf1\xc7\
\xff\x25\xef\x7e\xe7\x9b\xf8\xb2\x77\xbd\x89\xb7\x7f\xe9\x6b\xf9\
\xaa\xaf\x78\x27\x5f\xff\xbe\xbf\xc5\x4d\x37\x9d\xe5\x4f\xff\xfc\
\xaf\xb0\x4e\x51\x96\x25\xbd\x34\xe6\x3f\xfe\xf8\xbf\x62\x79\x65\
\x9e\x3f\xfd\x93\x8f\xf2\xcf\xff\xe9\x77\x71\xe2\xf8\x3a\x1f\xfc\
\xef\xbf\xcf\xf7\x7f\xcf\x37\xf1\x8d\x5f\xf7\x95\xfc\xf6\xef\xfc\
\x11\x7b\x7b\x43\x8c\x09\x38\x77\xf6\x14\x3f\xf0\xbd\xdf\xc2\xdb\
\xbe\xf4\x75\xbc\xe5\x0d\xaf\x62\x6e\xae\xcf\x63\x5f\x7c\x12\x13\
\x18\x8e\x1f\x5d\xe7\xdf\xfc\x8b\x7f\xc4\x85\xf3\x17\xf9\xe2\x13\
\x4f\x13\x04\x06\x57\x37\x91\xa3\x2c\xa1\x9a\xe9\x33\x71\xa6\x9d\
\xd7\xa2\x79\x59\x92\x86\x9a\xb2\xac\x68\xb7\x52\xf0\x3e\x9d\xe3\
\x90\xd9\xf6\xff\x69\x36\xc4\x79\xf3\x55\x56\xb5\x40\x49\x5a\x13\
\x99\x80\xb9\x5e\x87\xc5\xb9\x3e\x4b\x73\x7d\x96\xe6\xe7\x98\xef\
\x76\x59\xe8\xf7\x49\x92\x98\x4e\xab\xcd\xca\xe2\x22\x49\x12\x53\
\x16\xa5\x44\xc2\xfe\xf3\xf6\x07\x43\xae\x6e\x6c\xa2\xb5\x22\x6d\
\x25\x4c\xc6\x53\x9c\x73\x24\x49\xcc\x34\x2f\x0e\xb4\xa9\xd7\x60\
\xd6\x59\x92\x38\xa6\xae\x2b\x8a\x7c\x4a\xbf\xdf\x21\x9b\x4e\x45\
\x93\x37\x2e\xcd\x2c\x58\xb1\x18\xa3\x29\x8a\x42\x20\x2c\xef\xdb\
\x82\x40\x1a\x22\x6c\x1c\x12\x41\x11\xb2\xe6\xf7\x6d\xed\xc4\xb2\
\x28\x4d\x5d\x5b\xb4\x36\x4c\xc6\x63\xe6\x17\xe6\xc9\x8b\x72\xe6\
\xfb\x2a\x6f\x89\x8c\xb7\x46\xc6\x68\x8e\xac\xad\x72\xe6\xcc\x69\
\xe2\x44\xdc\xb6\xeb\x85\xee\x96\x5b\x08\xc2\x10\xa3\x15\x1b\x5b\
\x03\x9e\x3d\x7f\x15\x63\x66\xf6\x6d\x86\x38\x37\xbe\x91\x73\x96\
\x6c\x5a\x30\xdf\x6b\xf3\x0d\x7f\xef\xab\x59\x58\xe8\xf3\xdb\xbf\
\xfb\x47\x7c\xea\x53\x9f\xe3\xc6\x9b\xce\x52\xe4\x05\x1f\x78\xff\
\x6f\xf1\xf2\x07\x5f\x86\x73\x8e\x0f\x7c\xf0\xf7\x79\xea\xe9\x17\
\xb0\x16\xde\xf5\xf6\x37\xf0\xf6\xb7\xbe\x8e\xd5\xe5\x45\xee\xbf\
\xef\x6e\x7a\xfd\x2e\x2f\xbb\xe7\x76\xa2\x30\x62\xbe\xd7\xe3\x7d\
\x7f\xe7\xdd\x5c\xbc\x74\x99\x4e\xb7\xcd\x91\xf5\x35\x1e\x7b\xfc\
\x69\xbe\xe4\x15\xf7\xf1\x1d\xdf\xfa\xb5\x0c\x86\x23\x6e\xb9\xf9\
\x1c\x71\x1c\xb3\xb6\xba\xc2\xbf\xfc\xe7\xdf\xc3\x97\xbe\xf5\x35\
\xf4\x7b\x5d\xee\xbc\xf3\x56\xde\xf3\xee\xb7\xf0\xaa\x57\x3d\xc0\
\x5f\x7c\xf8\x63\x64\xd3\x5c\x7c\x40\xa5\x70\xaa\xd1\x42\xb2\xbe\
\xe2\xdb\x28\xb2\xa2\x64\xae\xdb\x66\xb1\xd7\x05\x14\x65\x29\xe8\
\xfb\x0c\x57\x6d\x4c\x96\xff\xa5\xaa\x2c\x99\x4c\x26\x33\xc0\xb8\
\x9d\xa6\xac\xcc\xcf\x33\xd7\xeb\x92\xc6\x09\x69\x1c\x13\x45\x11\
\x4a\x49\x70\x10\x87\x21\xd3\xb2\xa0\x28\x4a\xba\x9d\x36\xbd\x6e\
\x5b\xcc\x67\x5e\xa0\x80\x4e\xab\x45\x12\xc7\x38\xe5\xd8\xde\xdd\
\xa5\x28\x0a\xfa\xbd\xae\x47\x09\x2c\xda\x28\xaa\xea\x00\x37\x74\
\x0e\xa2\xd0\x60\x6b\x4b\xab\x95\x32\xc9\x32\x94\x82\x38\x4d\x98\
\xe6\xa5\x37\xc5\x5e\xac\x94\x3c\xac\xb5\x35\x5a\x69\x71\x67\x8c\
\x39\xd0\xfb\x33\xb7\xe3\x30\xc2\x20\x82\xad\x50\xd4\xb5\x05\xed\
\x35\x9f\x3e\x10\x3a\xe7\xc4\x0d\xe8\x74\xda\xd8\x5a\x54\xab\xf6\
\x11\xbd\x6e\x82\x43\xa5\x58\x5e\x5a\xe0\xcc\xd9\xd3\xa4\x69\x8a\
\x7b\x29\x9f\xee\xae\x5b\x6f\x25\x08\x04\xc4\x7d\xee\x85\x6b\x6c\
\xef\x0e\x45\xe2\x91\xcd\xf1\xbb\xe4\x4f\x82\xfc\x8e\xb5\x35\x7f\
\xf9\x57\x9f\xa0\x9d\xa6\x2c\xcc\xcf\xf3\xd1\x8f\x7e\x12\x67\x61\
\x71\x71\x81\xd7\xbc\xe6\x15\x3c\xf8\xf2\xfb\x48\xd2\x84\xff\xf8\
\x9f\x7f\x96\x8f\x7f\xe2\x33\x54\x35\x94\x45\xc5\x37\x7f\xe3\x57\
\xf2\x65\xef\x7a\x33\x4f\x3d\xfb\x02\x17\x2f\x5d\xe3\xe8\xd1\x75\
\xb6\x77\xf6\x18\x8d\x26\x1c\x3d\xba\xc6\x85\xcb\x57\xb0\x0e\xde\
\xf5\x8e\x37\x63\x94\xe2\x0f\x3f\xf4\x17\xdc\x7e\xf3\x0d\x3c\x70\
\xff\x3d\x7c\xd3\x77\xfc\x13\xe6\xfa\x3d\xa2\x38\xe2\xb7\x7f\xff\
\x4f\xd8\xda\xdc\xe6\x85\x0b\x57\xb8\xf3\xf6\x9b\xf9\xf0\x47\x3f\
\xc1\x87\x3f\xf2\x09\x1e\x7f\xe2\x69\x1e\xfd\xe2\x53\x38\xf7\x37\
\xa3\x6d\xd1\x72\xf2\x3c\x1a\xe5\xa1\x84\xc5\x5e\x87\x85\x6e\x9b\
\xca\x89\x5f\x77\x90\x3e\x7b\xf1\xb5\xbf\xbf\x4f\x5e\xe4\xac\x2c\
\x2d\xd0\x69\xa7\xe4\x45\x89\xd1\x01\x49\x1a\x93\xf9\x0d\x57\x4a\
\x61\x94\x22\x2b\x72\xaa\xda\xa2\xb4\x26\x2f\x4a\x46\x93\x09\x65\
\x55\xb1\xb3\x37\x20\xcb\x26\x28\xa5\x98\x16\x05\xc3\xe1\x90\x38\
\x89\x88\xe3\x84\x28\x0c\x18\x8e\xc7\x4c\xc6\x19\xfd\x39\x11\x3c\
\xe5\xfd\x59\xe7\xc1\x59\xad\xc1\x56\x8e\xa4\x95\x50\x96\x15\x9d\
\x4e\x97\xfd\xbd\x7d\xfa\xbd\x0e\x45\x21\x20\x6e\xa3\xd9\x0f\xe9\
\x08\x94\x81\xba\x92\x40\xa6\x01\xb5\x65\x3d\x0e\xbd\xda\xa3\x0a\
\x5e\x9d\xcf\xa2\xe1\x43\xef\x46\x55\xd7\xb4\xda\x6d\x26\xd9\x84\
\x38\x92\xec\x83\xf3\x56\x20\x08\x24\x30\x94\x73\x6a\x59\x5c\x98\
\xe7\xec\xd9\xd3\xb4\x3b\x6d\xd9\x8b\x43\x6b\x29\x9f\xd3\x44\x90\
\x4e\x31\x1c\x67\xb3\xef\x1f\x6c\x99\x08\x9f\x2c\x82\x77\xe8\x95\
\xc6\x04\x21\xff\xfe\x3f\xfc\x57\xbe\xff\x9f\xfe\x20\x67\x4f\x9f\
\xe4\x97\x7e\xf1\x27\xf8\x92\x87\xee\xa3\x2a\x2b\xba\x9d\x16\x65\
\x59\xf1\x8d\x7f\xef\xef\xf2\xfe\x5f\xf9\x3f\x38\x73\xea\x28\xd3\
\x69\x46\x10\x18\x1e\xfb\xe2\x93\xfc\xf4\xcf\xfe\x2a\x9f\xf9\xfc\
\x63\xfc\xd5\xc7\x3f\xcd\xa7\x3e\xfd\x28\x9f\xfe\xec\x17\xf8\xcc\
\xe7\xbf\xc0\x23\x8f\x3e\xc1\x2f\xff\xb7\x0f\xf2\xc8\xa3\x5f\x24\
\x08\x15\x5a\xd5\xfe\x34\x0a\x4c\xa1\x94\xa6\x9d\xa6\xe4\x93\x29\
\x0f\x3f\xfc\x08\x4f\x3e\xfe\x34\x65\x59\xf2\xf8\x13\x4f\xf1\xc9\
\x87\x3f\xc3\xb3\x4f\x3f\xcf\xc2\x5c\x57\xd4\xc2\xec\xec\x8a\x49\
\x71\x33\x6b\xe9\xff\xe6\x1c\xa3\xc9\x14\xeb\xa0\x2c\x2b\x79\xa5\
\x37\x51\xd6\x4a\x22\xba\x76\x8e\x8d\x8d\x4d\x92\x28\xe4\xdc\xc9\
\x13\x44\x26\x64\x7f\x30\xa2\xae\x2d\xe3\xc9\x98\x17\x2e\x5e\x66\
\x67\x7f\x8f\xab\x5b\xdb\x5c\xda\xdc\xe4\xda\xce\x2e\xc3\xc9\x94\
\xcd\xdd\x7d\x2e\x5c\xbb\xc6\xd6\xde\x1e\x7b\xc3\x11\x17\xae\x5e\
\xe5\xf2\xc6\x35\xae\x6c\xee\x70\x6d\x73\x87\x2c\xcb\xa9\x1d\x5c\
\xdb\xd8\x66\x32\x99\xd0\x6e\xb7\x39\xb2\xba\x8a\xc3\xb2\xbb\xb3\
\x4b\x92\x26\x92\x86\x44\x61\xb4\x26\x30\x82\xf6\x3b\x2c\xd3\xc9\
\x14\xeb\x2c\xd3\x69\x4e\xbb\xd3\x65\x6b\x73\x9b\x5e\xb7\x4d\x5d\
\xd7\xb2\x67\x3e\xc8\xc1\x49\x56\xc5\xd6\x16\x13\x4a\xc0\xe6\xa5\
\x0a\xbc\xdf\x7b\x70\xbe\xbc\xde\xf3\x81\x93\x52\x9a\xaa\xaa\x24\
\x5b\xd3\x04\x48\xd6\x31\xcd\x4a\xd2\xb4\xc7\xce\xce\x2e\xce\x5a\
\xc2\x30\xc4\x59\x4b\x55\x37\x39\xe9\x1a\x5b\x3b\xca\xa2\xa4\x2a\
\x3c\xe4\xf3\xd2\x81\xc4\xad\x04\x61\x80\xb5\x96\x67\x9e\xbf\x42\
\x36\x2d\xd0\x1e\x96\xc0\x0b\x9b\x6a\xd4\xb1\xd7\x78\x71\x14\xd1\
\xeb\x77\x09\xc3\x88\xe9\x74\xca\xc9\x13\x47\x79\xf7\x97\xbd\x95\
\x7f\xf7\xa3\xff\x85\x8b\x17\x2e\x73\xdf\x7d\x77\xf2\x93\x3f\xf5\
\x4b\x3c\xf2\xb9\xc7\x78\xe5\x2b\xef\xe3\xf7\xfe\xf0\xcf\x78\xfe\
\x85\x4b\x2c\xaf\x2c\x71\xe1\xc2\x25\x4e\x1e\x3b\xca\x77\x7c\xcb\
\xd7\x30\xcd\x27\xb4\xd2\x84\xe5\xa5\x39\xd6\x56\xe6\x79\xf7\x3b\
\xdf\x04\x0a\x9e\x7e\xe6\x3c\xd7\x36\x36\xf9\xf8\x5f\x7f\x96\x1b\
\xcf\x9d\xe1\x4d\x6f\x7c\x15\xd6\xd6\xdc\x7a\xf3\x39\x6e\xb8\xe1\
\x0c\x6f\x7e\xd3\xab\x79\xf7\xbb\xde\xc2\x5b\xde\xf8\x6a\xc2\x28\
\xe0\xfe\xfb\xee\xe2\x2b\xbe\xfc\xed\xbc\xed\x4b\x5f\xc7\xc6\xc6\
\x16\x9f\xfa\xf4\x23\x84\x51\x38\x7b\x46\xe5\x05\xaa\x79\x06\xe5\
\xbd\x87\x28\xd0\xcc\x77\x5a\x58\x27\xa9\xac\xe6\x84\x6b\xad\x28\
\xab\x92\xcd\x8d\x0d\x56\x56\x96\x58\x5a\x58\x60\x77\x7f\xc0\xfe\
\x68\x84\x36\x01\x46\x6b\x6a\x67\x67\x9a\x03\x07\x75\x55\x51\x59\
\xcb\xb4\x28\x67\x1b\xd6\x44\x77\x0a\x81\x60\xc4\x6a\xc8\xe6\x2a\
\xa5\xd1\x46\x93\x17\x05\x65\x59\x11\xc7\x11\x69\x92\x32\x18\x0e\
\x31\x81\x96\x08\xb5\xac\x50\x8a\x59\xba\x6e\x66\x1e\xbd\xf8\x68\
\xad\x99\xe6\xb9\x6c\x6c\x60\x44\xa3\x35\xd1\xfd\xcc\x6c\x0a\x09\
\x61\xa6\xdd\x3c\x46\x79\x58\xad\x28\xb9\xa9\x83\xb8\xd6\x63\x97\
\xce\x39\x4c\x10\x78\x21\x76\x68\x13\xa0\x4d\x48\x5d\x95\xd4\x75\
\x41\xab\xd5\x16\xd7\xa3\xaa\x66\xd6\xd1\xd9\x9a\x28\x4a\x58\x5b\
\x59\xa6\xd5\x4a\x29\x8a\xf2\x7a\xa1\xbb\xeb\xf6\x5b\x09\x43\x79\
\xe3\x67\xcf\x5f\x61\x9a\x8b\xd0\xc9\xcd\x78\x2d\x87\xe4\xe8\xb4\
\xd6\x14\x45\xc9\xdf\xfb\x9a\xf7\xf2\xc3\xff\xf6\x9f\xf0\xde\x2f\
\x7f\x3b\x6b\xab\xcb\x3c\xfb\xcc\x0b\xbc\xf3\x1d\x6f\xe6\xcc\x99\
\x93\xdc\x7e\xfb\x4d\x74\xbb\x1d\xce\x9e\x3b\xc3\x9d\xb7\xdf\x44\
\xda\x4a\xf8\xc0\x07\x7f\x9f\x2b\x57\xb7\xf8\xfc\x23\x5f\xe0\x2f\
\xfe\xe2\xe3\xbc\xf2\xe5\xf7\x70\xc7\x1d\xb7\xf0\x33\x3f\xfb\xab\
\x7c\xee\xb1\xc7\x79\xfe\xfc\x45\xce\x9f\xbf\xc0\xfd\xf7\xdd\xcd\
\x63\x5f\x78\x82\x7f\xf7\x63\x3f\xc3\x23\x8f\x3d\x41\x5d\xd7\xdc\
\x78\xe6\x34\x6f\x7c\xc3\x97\x10\x84\x01\xa7\x4e\x1e\xe3\x73\x8f\
\x3c\xc1\xf7\xfe\xc0\xbf\xe6\xb7\x7f\xe7\x8f\xf8\xf5\xff\xfe\x7b\
\xfc\xca\xaf\x7d\x90\xad\xad\x1d\xee\xba\xf3\x56\xbe\xfd\xdb\xff\
\x09\x1f\xff\xeb\xcf\xe2\xb4\x97\x2a\x9a\x83\xed\x4d\x2b\x07\x42\
\x07\x92\xe8\x5e\xee\xf7\x28\xcb\x9a\xb2\x2a\x65\x91\xb5\xa6\x28\
\x72\x36\xae\x5d\xe3\xd8\xfa\x3a\x71\x1c\xb1\xbd\xb7\xc7\x78\x92\
\x49\x84\xab\x35\xd6\x47\xab\xc6\x04\x5e\xa0\xc5\xd9\x37\x5a\x34\
\x44\x10\x06\x3e\xc5\xe6\xa8\x6d\xe5\x71\x34\xd1\xa2\x34\x81\x8a\
\x73\x68\xd3\xdc\x97\xb0\x45\x4c\x10\xd0\xee\xb4\xd9\xdd\xdd\xa3\
\xd5\x4e\x45\xb8\x1b\x61\xf5\x82\xd6\x88\x8a\xf6\x9a\x2a\x4e\x63\
\xb6\x37\xb7\x58\x5c\x98\x17\x5f\xf6\x30\x74\xa4\x40\x29\x8d\x75\
\x96\xc0\x08\x24\xa5\xb5\x39\xf4\x46\xde\x24\x1e\xc8\xdf\xec\x79\
\x74\x20\x79\xe7\x99\x49\x56\x22\xbc\x5a\x1b\x82\x30\x24\xcb\xc6\
\xa4\x69\xe2\x51\x09\xf1\x79\x9b\xb5\x29\x8b\x82\xa2\x2c\xd8\xdf\
\xdb\xe7\xe2\x85\xcb\xd7\x0b\xdd\x3d\x77\xdd\x41\x1c\x85\x80\xe2\
\xd9\xf3\x57\x99\x4e\x0b\xb4\x16\xbf\xc7\xff\x5f\x0e\xa8\x4f\x0a\
\x6b\x63\xa8\x2d\xec\xef\x0d\x59\x3f\xb2\x86\x31\x8a\x47\x1e\x7d\
\x92\x37\xbe\xf1\x55\xfc\xbb\x1f\xfb\x69\x2e\x5f\xbe\xc6\x7d\xf7\
\xdd\xc9\xbf\xfb\x91\xff\x83\x4f\x7c\xe2\x61\x5e\xf9\x8a\xfb\xf8\
\x8d\x0f\xfe\x01\x57\xae\x6e\x10\x05\x01\x75\x5d\x73\xe2\xc4\x71\
\x4e\x9f\x3e\xc1\x0d\xe7\xce\xf0\x0d\x5f\xfb\x15\xbc\xe1\xb5\xaf\
\x64\x6d\x65\x05\x6b\x2d\x7f\xf5\x89\xcf\xf0\xd9\xcf\x7e\x91\x28\
\x8c\x28\xca\x82\xb3\xa7\x4f\xf0\xe0\x03\xf7\xf0\xf7\xbe\xe1\x7b\
\x58\x5a\x5c\xe0\xf4\xe9\x93\xac\xaf\xae\xf0\xe0\xfd\x77\x71\xdf\
\xbd\x77\xf2\xf2\x97\xbf\x8c\x7b\xef\xb9\x93\x23\x47\x56\x58\x5f\
\x5f\x63\x7f\x34\xe4\xc9\xa7\xcf\x63\xcc\x21\x4f\xe2\xd0\x21\x6a\
\xfe\xb4\xce\x91\x46\x31\xcb\xfd\x8e\xe4\x4e\xab\x8a\x30\x34\xd4\
\x75\xc5\xb5\x6b\xd7\x38\x79\xfc\x38\xa0\x18\x4d\x32\x8a\xb2\xa4\
\xdd\x6e\xcf\xb0\xc0\xba\xae\x09\x02\xc1\xbf\x24\x62\x94\xbf\xd5\
\xce\x82\x75\x04\x81\x11\xf6\x88\xd7\x16\xa5\xf7\xa9\x44\xd8\xbc\
\x26\xa1\xd1\x1e\x86\xda\x3a\x82\x30\xa0\x2c\x25\xdf\xdb\xee\xb4\
\xd8\xd9\xd9\xa5\x3f\xd7\xa5\xaa\xea\x03\x2d\xed\xff\xd2\x6c\xb4\
\xec\x8d\x22\x49\x13\xca\xa2\xa4\xd5\x6a\x31\xc9\xa6\x68\x2d\xe0\
\x6e\x73\x69\xad\xa9\xeb\x0a\xed\x9f\x5b\x37\xda\xee\x90\xb4\xcd\
\x7c\x59\x79\x1c\xf1\xc5\xbc\x99\x95\xb5\x14\xc1\x53\x4a\x68\x59\
\x38\x4b\x9e\x4d\x48\x5b\x92\xc2\xb3\x0d\x03\x46\x1b\xea\xba\x66\
\x30\x1c\x72\xe5\xda\x26\x17\x2f\x5e\xb9\xde\xa7\xd3\x5e\xcd\x6b\
\xaf\xc9\x0e\x7d\xb6\xff\xfb\xe1\xf4\x09\x84\x41\xc0\xa3\x8f\x3d\
\xc9\x8f\xfc\xf8\x4f\xf3\xd4\x53\xcf\x10\x04\x9a\x20\x50\x24\x71\
\xc8\x77\x7e\xdb\xd7\xf0\x15\xef\x7d\x1b\x75\x55\xf1\xd5\x5f\xf5\
\x1e\xde\xf7\x35\xef\xa5\xf6\x38\x9d\xab\x2b\xea\xaa\xe4\x75\xaf\
\x79\x39\x41\xa0\xf8\x6f\x1f\xf8\x2d\x7e\xe7\xf7\xfe\x98\xdd\xfd\
\x01\x3b\x3b\xfb\xfc\xda\x07\x3e\xc8\xcf\xfd\xfc\x7f\x63\xeb\xda\
\x06\xf7\xdf\x7b\x3b\x75\x59\x52\x57\x15\x79\x51\xe2\x80\xca\x39\
\x8a\xa2\x16\x6d\x63\x34\x77\xde\x7d\x1b\x47\xd6\x97\x99\xeb\xf5\
\xe8\xf5\x3a\x68\xad\x49\x5b\x31\x69\x9a\xe0\x9c\xf7\x6f\x9a\xcb\
\x7a\xa0\x77\xe6\xcf\x81\x72\x0a\x83\xa2\xa8\x2a\x59\x58\xad\xc8\
\x8b\x9c\x2b\x57\xaf\x72\xe2\xf8\x09\xca\xaa\x66\x34\x99\x90\x17\
\x05\x69\xda\xc2\x78\x78\xc0\x5a\xc9\x38\x38\xe7\x01\x61\xaf\xd1\
\x1c\x42\x07\xb3\x0d\x47\xae\xae\xa9\xea\x5a\x3e\xce\x7a\x7f\xc7\
\x0a\xc6\xd7\xa4\xed\x9c\xff\x59\xe8\xdd\x9b\xb4\x95\x90\x17\x05\
\x55\x51\xd1\xe9\xb4\xd9\xdb\xdd\xa7\xd3\x4a\x84\x4c\xe1\xf7\x41\
\x79\x13\xdd\x08\xbc\xb5\x96\x56\xda\x92\x7c\xb1\x02\xa3\xf1\xf4\
\xab\x83\x1d\x94\xcc\x91\x7c\x47\xf0\xbf\xc3\x50\x8c\x04\x0e\xf2\
\xe7\x81\xa8\x5a\xeb\x50\x3a\x00\xe5\x3c\x47\x4f\x5e\x53\x55\x05\
\x75\x59\x63\x6b\xc5\x70\x34\x62\xb0\xb7\xc7\x74\x9a\xa3\x8c\x9a\
\x65\x51\x1c\x50\x14\x25\x93\x49\x46\x96\xe7\xd7\x0b\x9d\x2c\x9e\
\x43\x29\x47\x14\x49\xea\x66\x26\x6c\xcd\x79\x99\xfd\x47\x1e\x34\
\x0c\x03\xda\x9d\x2e\x41\x18\x00\x90\x24\x31\x93\x2c\xe3\x7f\xfd\
\xb7\x3f\xce\x8f\xfc\xd8\x4f\xb3\xb7\x3f\xe2\x47\x7f\xf4\xa7\xf8\
\xa5\x5f\xf8\x0d\xb9\x11\xe7\xc0\xf3\xb7\xfe\xc1\xb7\x7f\x03\xff\
\xfa\x5f\x7c\x3f\xdf\xf7\x0f\xbf\x85\x7f\xf4\xdd\xdf\xc4\xd2\x7c\
\x9f\xf5\xf5\x15\xfe\xd9\x3f\xf9\x1e\xfe\xd1\xf7\x7c\x2b\x3f\xf2\
\xc3\xff\x6f\xfe\xe9\x3f\xfe\x0e\x2c\x35\xb5\xad\xa9\xbc\xbf\xf3\
\xf2\x07\x5e\xc6\x91\xa3\x2b\x3c\xf1\xd4\x33\xfc\xd8\x4f\xfc\x34\
\x91\x31\xfc\xc9\x9f\x7d\x94\xaf\xff\xe6\x1f\xe0\xd7\x7f\xe3\xf7\
\x28\x8a\x82\x1f\xf8\x27\x3f\xc8\xff\xf8\xdd\x3f\x25\x8a\x13\x9c\
\x3b\x70\x95\x9d\x7f\x4e\xf9\x47\xf3\x5d\x45\x14\x68\xaa\xaa\x40\
\x6b\x28\xaa\x82\x4b\x97\xaf\xb0\xbe\x76\x84\xbc\xc8\x99\xe6\x05\
\x45\x59\x12\x86\x11\x81\xd1\x33\xe1\xa9\x6a\x0b\x4a\xf8\x70\x4d\
\xfa\x4b\x84\x48\xcc\x8f\x75\x50\xd5\x4d\xe2\xbf\xa6\x6a\x84\xed\
\x45\x69\xbe\x86\xac\x20\xf7\x66\xad\xc5\x04\x42\x5d\xea\xcf\xf5\
\x29\xbd\xf0\x5a\x6b\x29\xca\x92\x34\x89\x0f\xee\xff\xe0\x89\x1a\
\xd9\x9b\x71\xe9\xf6\xf7\xf6\xe9\x76\xda\x72\xc8\xe5\x25\xe0\xf1\
\x3d\x63\x0c\x95\x95\xc0\xac\xae\x25\xa8\x70\xca\x0b\xbe\xa7\x48\
\x39\x4f\x5e\xc0\x1b\x07\xa7\x40\x1b\x9f\x35\xf2\xf7\x33\x23\x9d\
\xd6\x0e\xad\x23\xb6\xb6\x36\x99\x66\x63\x26\xd9\x94\x03\xce\xae\
\x20\x1e\x4a\x29\x8c\x36\xd7\x0b\x5d\x59\x54\x94\x45\x49\x6d\x2d\
\x9d\x76\x82\x73\x87\x83\x87\x46\x5f\x34\x8b\x25\xa7\xb4\xaa\x2b\
\x62\x23\x34\x98\x85\xc5\x79\x92\x34\xa6\x28\x72\x9e\x7e\xfa\x79\
\x9e\x7e\xe6\x79\xb6\xb6\x76\x59\x5a\x5a\xe2\xef\xbe\xef\xbd\x5c\
\xb9\xb2\xc1\xb5\x6b\xdb\xc2\x42\x08\x43\xd2\x34\xe6\x4f\x3f\xfc\
\x71\xbe\xf2\xeb\xbf\x8b\xaf\xfc\xba\xef\xe4\xe1\xcf\x7e\x81\xa7\
\x9e\x7e\x81\xbf\xfb\xb5\xdf\xc5\x57\x7d\xcd\x77\xf0\xbb\xbf\xf7\
\xc7\x04\xda\x60\xbd\x96\xb0\xce\x12\x87\x21\xdf\xf3\x0f\xbf\x99\
\x97\xdd\x73\x07\x45\x91\xb3\x3f\xdc\xe7\x53\x9f\xfe\x2c\xdf\xff\
\x3d\xdf\xca\xfd\xf7\xdf\x49\x59\xd5\x38\x40\x19\x2d\x20\x76\xb3\
\xc1\xfe\xfe\x67\x0b\xe1\x2f\xbf\x26\xc4\x51\x80\xf2\x89\xf2\x6b\
\x9b\x9b\x1c\x3f\x7e\x8c\xaa\x96\x94\x4e\x6d\x2b\xb4\xd6\x44\xb1\
\x4f\x84\xfb\x64\xbc\x38\xdd\x8d\xa9\x94\xc4\xbe\x30\x3c\x1a\x32\
\xa8\x9b\x11\x43\x6d\x2d\xd8\x9f\xd2\x5e\x68\x9b\x63\xdb\x08\x2b\
\xde\xc4\x2a\x4d\x68\x02\xa2\x28\xa2\xc8\x4b\xe6\x17\xe6\x28\xcb\
\x1a\xa7\x60\x77\x6f\x8f\x30\x0c\x25\x55\xd9\xdc\x7f\x73\x7e\x10\
\xa1\x29\x4b\x79\xfe\x38\x89\x29\xcb\x82\x38\x0a\xa8\xea\xca\x0b\
\x95\xd7\x68\x8d\x6f\xce\x41\x90\xe0\x6c\x2d\x59\x1e\xeb\x84\x8c\
\xd0\x68\x3c\x59\x4d\xe1\xb8\x29\xe3\xef\xfb\x80\x44\x5a\x55\x15\
\xb5\x73\x38\x15\xe0\x30\x8c\x47\x23\x21\x4d\x38\x21\x28\x18\x63\
\x84\xe4\x1a\x04\x84\xe1\x4b\x09\x5d\x29\x7c\xb0\x7c\x5a\xd0\x6b\
\xb7\x84\x29\x7c\x38\x6a\x6d\x36\xcb\x27\xb6\xab\xba\xa6\xdf\x49\
\xf9\x17\xff\xfc\xbb\x79\xc5\x83\xf7\x70\xd3\x8d\x67\xf9\xb6\x6f\
\xf9\x1a\xfe\xf2\xa3\x1f\x63\xbe\x97\xa2\xa8\xf8\xf1\x9f\xf8\x29\
\xb6\x77\x76\xf8\xc4\x27\x3e\xc5\xfb\xdf\xff\x9b\x74\x5a\x11\xca\
\x27\x95\xa3\x30\x62\x77\x77\x9f\xa7\x9e\x39\xcf\xf9\xf3\x57\x99\
\x4c\xa6\x0c\x87\x43\x26\x93\x8c\xdb\x6e\xbe\x91\xd5\xd5\x25\xf2\
\xb2\x14\xe6\xaa\x12\x8d\xb1\xbb\xb7\xcf\xf7\xff\xe3\x7f\xc5\x7b\
\xbf\xf2\xdb\xf8\x91\x1f\xfd\x69\x50\x86\x1f\xfe\xd1\x9f\xe2\x03\
\xbf\xf1\xdb\xd8\xa2\xf0\x64\xcb\x66\xa3\x1b\x13\x76\xe8\x21\x0f\
\x47\xdf\x22\x81\x18\xa3\x48\xe3\x10\x14\x5c\xdb\xdc\xe2\xe8\x91\
\x23\x28\xd7\x60\x5a\x50\x55\x35\x69\x9a\x80\xd7\x68\x75\x2d\xa6\
\xb4\x61\xb8\xcc\x52\x1b\x5e\x3b\x34\xfe\x9b\x6b\xcc\xae\x95\x3f\
\x15\x4d\x02\xfd\x80\x48\xa9\x8d\x06\x1f\x8c\x04\x61\x40\x12\x45\
\x04\x5a\x13\x04\x86\xb2\x2a\x28\x8b\x82\xf9\xb9\x39\x9c\x85\xbc\
\x28\xd8\xd9\xdd\x23\x4d\x92\xe6\xf8\x40\x03\x79\x78\xad\x6d\x9d\
\x23\xcf\x4b\xd0\x86\x2c\x9b\x12\x79\x28\x43\x14\xf0\xc1\x3d\x19\
\x1d\xcc\xd8\x44\x33\xb7\xe0\x45\x07\x00\x11\xb4\x43\x8c\x23\xe5\
\x40\x1b\x8d\xad\x6b\x9c\x4f\x43\x56\x55\x85\x43\x53\x96\x96\x30\
\x6e\x61\x6b\xcb\xca\xd2\x3c\x61\x18\x12\x04\x86\x76\x2b\xa1\xdb\
\x69\xd1\xef\x77\x84\x9f\xf7\x37\x03\x89\x5b\x6e\xba\x11\x63\x24\
\x7a\x0d\xa3\x80\x8d\xad\xc1\x0c\x4c\x9c\xe9\x58\x7c\x50\xa1\xa0\
\xcc\x0b\xde\xf8\xba\x87\xf8\xb6\x6f\x7e\x1f\xff\xe9\x27\x7f\x89\
\x5f\xf9\x95\xff\xce\xed\xb7\xdd\xcc\x7d\x2f\xbb\x9b\x2f\x7f\xcf\
\x97\xf2\xae\x77\xbe\x99\x37\xbc\xee\x4b\x78\xf3\x9b\x5e\xcd\x99\
\xd3\x27\x78\xcd\x6b\x5e\x41\xb7\xd7\xe3\x43\x7f\xfc\x11\xa2\x28\
\xe4\xfe\x7b\xef\xe4\xc2\xa5\xab\x7c\xfa\x33\x8f\x11\x05\x86\x2f\
\x7b\xe7\x9b\x88\xc2\x80\xcf\x3f\xf2\x04\xff\xcb\x0f\x7c\x07\xbd\
\x7e\x8f\x3f\xf8\xd0\x5f\xf0\xb1\x8f\x3f\x4c\x14\x85\x6c\x6f\xef\
\xf2\x17\x1f\xf9\x6b\x1e\x7f\xea\x79\xf6\x86\x03\xf2\x69\x41\x68\
\x02\xc6\x93\x09\x4f\x3c\xf1\x34\xff\xe6\x7f\xfd\xc7\xbc\xf5\x2d\
\xaf\x61\x92\x65\xfc\xca\xaf\xfd\x36\x93\x71\x36\x63\xc3\x36\xc2\
\x36\xd3\x77\xde\x27\x72\xce\xd1\x6b\xc7\xac\x2d\x76\x38\x7f\xe1\
\x32\x2b\xcb\x4b\x44\x51\x34\x0b\xa2\x26\xd3\x8c\x38\x8e\x09\x82\
\xc0\x9f\x7a\x81\x2d\xfc\x5b\x00\x22\x3c\xcd\xd6\x38\x27\x1b\x2f\
\x98\xa7\xbc\xbf\x75\x96\xb2\x2a\x30\x81\xa4\x92\xac\x4f\x2f\xa1\
\xc4\x2f\x56\x28\x82\x48\xe0\x97\xe6\x3d\x9c\x87\x28\x26\x93\x29\
\x49\x1c\x13\x84\x21\x45\x59\xb1\xbf\x3f\xa0\xd7\xef\x61\x8c\xf8\
\x7e\xa2\x08\x0e\xac\x51\xf3\xef\x46\x43\x59\x2b\x87\x43\x48\x19\
\xfe\xfb\x0e\xd0\xf2\xb3\xe6\xfe\x95\x36\xde\x0c\x8b\x2e\xc3\x31\
\xc3\x60\x67\x51\xf0\x6c\xcd\x2c\xca\xff\xdc\xa1\xd0\x5a\x82\xc2\
\x20\x8c\xa8\xea\x8a\xf9\x6e\x87\xc5\xc5\x05\xea\xba\xa2\xdb\x6d\
\xd3\x6e\xa7\xb4\x5a\x2d\xd2\x97\xa2\xab\x7f\xc5\xbb\xdf\x25\x14\
\x67\x1f\x49\x3d\xfd\xdc\x55\x1e\x7f\xf2\xc2\xec\x34\xba\x26\x97\
\x07\x3e\x69\x0c\xed\x4e\x9b\x9b\xce\x9e\xe2\x93\x9f\x79\x94\xda\
\x42\xa7\xd3\xe2\x86\x73\x27\x99\x9f\xef\x91\xc4\x89\xa7\xc8\x08\
\x68\x58\x56\x25\x5f\xf8\xc2\x13\x5c\xbe\xb4\x41\x18\x0a\xa7\x5e\
\x01\xb5\x75\xd4\x55\xcd\xd7\x7d\xcd\xdf\xc2\x04\x86\x9f\xfc\xa9\
\x5f\xa6\xdb\x6f\x43\x6d\x19\x8e\xc7\x52\xdd\xa0\xc1\x39\x45\xed\
\x20\x8e\x24\xd9\x2d\x2b\x66\xb1\xb6\xc6\x18\xcd\x57\x7f\xe5\x7b\
\xe8\xf5\x3b\x3c\xfc\xa9\xcf\xf0\xe1\xbf\xfc\x04\xda\x18\x34\x4a\
\x32\x0f\x1e\x1e\xd1\x28\x0f\x8b\xcb\xe2\xe1\x1c\x37\x9e\x58\x61\
\x77\x7b\x93\x38\x6e\xb1\x7e\x64\x85\xfd\xfd\x21\x0e\x21\x70\xe6\
\x79\x4e\xd7\xa3\xe9\xce\xfb\xa3\x8d\x29\x43\x21\x9c\x39\xbc\x73\
\xef\x7d\xe2\x66\x9d\xf0\x1b\x64\x9d\xa5\x2a\x6b\x82\x30\x90\x54\
\x54\x55\xa3\x3c\x1d\xc8\x28\x85\xf2\xb4\xee\xc3\xef\x0f\xb2\xcb\
\x55\x55\x51\x96\x05\x9d\xb4\xcd\x68\x92\x31\x18\xed\x63\xab\x8a\
\x13\x27\x4e\x32\x1c\x4e\xd0\x5a\x36\xbf\x72\xe2\x82\x34\xe6\xcb\
\x39\x61\x9d\x54\x45\x4e\x18\x04\x4c\xf3\xc2\x53\x15\x44\xe6\x64\
\xfd\x1a\x9f\x4e\xa1\xbd\xb2\x71\xf2\xa0\x42\xc8\x88\x62\x11\x38\
\x27\xcf\xeb\xbc\x93\x52\xd7\x25\x65\x59\x60\xc2\x98\xc0\x44\x18\
\x13\x62\x71\x18\x6d\x88\xa2\x80\x4e\xcb\x70\xdf\x3d\x77\x4a\xc6\
\x22\x8e\x69\x77\x5a\x44\x61\x24\xb4\xf5\xeb\x85\xee\x9d\xc4\x71\
\x8c\x73\x60\x8c\xa6\xaa\x1d\x9f\xfa\xec\x53\x6c\x6e\xed\x7b\x8c\
\xc6\x7b\x46\xfe\x86\xf1\x29\xa4\xa2\xac\x88\xa3\x18\x6d\xe4\x64\
\x97\x65\x45\x55\xda\x17\x45\x3a\xa2\x0d\x9c\xd8\xf6\xc0\xd3\x86\
\x94\xa0\xec\x62\xa6\xc4\x7c\xd8\xaa\x46\x07\xe2\xb0\x2a\x84\x42\
\xad\x7c\xda\xa6\x49\x3a\xcf\x4c\xbd\x63\xb6\xa9\x75\x5d\x31\x19\
\x4f\xa8\xeb\x4a\xcc\x65\x92\x78\xed\xd6\x64\x4e\xbc\xd0\x29\xed\
\xd1\x01\xf1\xdf\x8e\xcc\x77\x09\xa8\x98\x4e\xa7\xdc\x7a\xf3\xcd\
\x0c\x06\x43\x26\x79\x0e\xc0\x64\x32\xf1\x39\x54\xef\xff\x38\x87\
\x09\x34\x75\x25\xd1\xa3\xe3\x90\x4f\xe4\x05\xb1\xf1\xe7\x9a\x3a\
\x12\xd9\x44\x21\x78\x9a\x40\xb2\x09\x45\x5e\x88\x86\x53\x78\x38\
\x48\xe0\x11\xe7\xf0\x84\x4f\xd1\x28\x7e\x89\x29\xf2\x42\x98\x3e\
\xca\x30\x1c\x8d\xd8\xdf\xdd\xe6\xc8\x91\x23\x04\x61\x4c\x9e\x97\
\x07\x42\x7a\xe8\x77\x1b\x2a\xba\xb5\x15\x81\x51\x4c\xb3\x1c\x94\
\x16\x2a\xbd\x27\xe2\x2a\xa5\x28\xcb\x62\xb6\xfe\xa8\x03\xfa\x9a\
\x90\x2e\x45\x10\x1b\x0d\xe9\x94\x57\x82\xd6\x52\x14\x19\x68\x4d\
\x18\x26\xe8\x86\x44\x50\x3b\x5a\x9d\x36\xce\xe5\xdc\x7b\xd7\x2d\
\xf4\xba\x1d\xb2\xbc\x90\x43\x0b\xe0\xa4\x0e\xf0\x45\x97\x6e\xfc\
\x1d\x1f\x7e\x1b\xe5\xb8\xed\xc6\x63\xf4\x3a\xe9\x81\x13\xdc\x20\
\xef\xfe\x95\x4a\x29\xe2\x38\x04\x25\x51\x99\x72\x8e\x28\x0c\x69\
\xb5\x63\xda\x9d\x94\x4e\x3b\xa5\xd3\x6e\xd1\xe9\xb4\xe8\xb4\xdb\
\x44\x51\xe4\x09\x8d\x0e\xad\xbc\xd0\x78\x27\xd6\x18\x4d\x10\x1a\
\xa4\xf2\x4c\xa2\xa5\x46\xc0\x66\x82\xe6\xef\xcf\xbb\xed\x87\xee\
\x5e\x22\xe7\x76\x3b\x25\x49\xe2\x59\x46\xd1\xc9\x4d\x82\x56\x82\
\x69\xf9\x5a\x07\x85\x62\xb1\xdb\xa2\x15\x19\x76\xf7\xf7\x39\x77\
\xf6\x0c\x79\x59\x92\xe5\x42\xc5\xcf\x8b\xc2\x17\x97\x88\x06\x92\
\x4f\x13\xc1\xf2\x7a\xcd\xdf\x49\xf3\x25\xf7\x56\x7b\x32\x65\xa3\
\x19\x9b\x9c\xa9\x1c\x3e\xb9\x87\x26\xda\x4d\xe2\x98\x38\x0a\x31\
\x81\x11\x93\x2c\xa7\xc8\xbf\x6f\x23\xc8\x8e\x28\x0e\x45\xf0\x8c\
\x26\x8e\x22\x5a\xdd\x36\x1b\x1b\x1b\x24\x51\x20\xc2\xef\xcd\xbb\
\xff\x55\x79\x1f\xbf\x97\x5a\x6b\x6c\xed\x30\x46\x92\xf0\xda\x17\
\xc8\xe0\x97\xa5\x21\x60\x2a\xe4\x35\x0a\x25\x5a\xc9\x48\x16\x47\
\x9e\xcd\x43\x34\xde\xf7\x54\x9e\x45\xe2\xaa\x03\xfc\x11\x4f\x37\
\xab\xad\x05\xa7\xb9\x78\xe9\x0a\x61\x14\x60\x8c\xa2\xae\x2b\x6c\
\x55\x53\x96\xe5\xf5\x42\x67\xb4\x38\xd5\x5a\x49\x0a\xa3\x28\x0a\
\xa2\x50\x73\xc7\x2d\x27\x58\x9a\xef\xca\x9b\x23\x7e\x44\x23\x00\
\x0a\x4f\xf8\x6b\xd4\xb2\x73\x38\x57\x83\xb5\xa2\xa9\xbc\x99\xd1\
\xca\x48\xe1\x87\xd8\x03\xf0\x64\x01\x67\x6b\x6c\x5d\x89\x73\xea\
\x4b\x1d\x1b\x76\xe4\x0c\xc3\xf2\x0f\x0d\x02\xe7\x1c\xac\x5a\x83\
\x69\x7a\x07\xb9\x29\x08\xf2\x3b\x20\x5b\xe1\x99\x96\x88\xe0\x39\
\x1c\x5a\xc3\x52\xaf\xc5\xca\x42\x8f\xab\x9b\x9b\x9c\x3c\x7e\x02\
\x67\x61\x77\x6f\x9f\xd2\xa7\xb0\xaa\xaa\x22\x8a\x42\x0f\xf3\x08\
\x94\xa1\xb5\x9a\x41\x43\x38\x81\x45\xc0\xdf\x83\xdf\x90\x86\x0d\
\xa2\x9a\xef\x79\x93\x1e\x18\xf9\x3d\xe5\x1c\x69\x92\x88\x9f\xe6\
\x8b\x60\xe2\x28\xf4\xfe\xd5\xc1\x73\xca\x3a\xca\xb3\x38\xa7\x88\
\xe2\x98\xe1\x60\x48\xa7\xdb\x26\x89\x53\x2c\x8e\xc1\x60\x9f\x34\
\xf6\x34\x74\x51\x55\x7e\x59\xc4\x02\x09\xf4\x21\x3e\x68\x93\x43\
\x8d\xe3\x70\x26\x7c\xf8\x4c\x0a\x28\x94\x36\x68\x6d\x88\x7d\x45\
\x57\xf3\x76\x4d\x31\x5b\xa3\xe9\x5c\x93\xa9\x55\x60\x5d\x8d\xb5\
\x92\xf6\x6a\x7c\x67\x57\xd7\x28\x34\x3b\x3b\x43\xf2\xbc\x20\x49\
\x62\x8a\xa2\x24\x2f\x2a\xa6\x45\x75\x7d\x20\x71\xcf\x6d\xb7\x12\
\x85\x01\x0a\x89\xfc\xea\xaa\xa2\xaa\x6b\xa2\xd0\xb0\xbc\xd8\x23\
\x8d\x23\x8a\xa2\xa0\x28\x2b\xa1\x70\xfb\xed\x94\x05\x6a\x6e\xce\
\xff\xa7\x39\x7d\x33\x8d\xe3\x4d\x6c\x73\x2a\x1a\x90\xb4\x96\xd3\
\x31\x63\x1b\x7b\xe2\xa4\xf5\x7e\x9e\x44\x9f\x5e\x5b\x78\xd3\x28\
\xeb\x21\xef\x6b\xad\xc3\xfa\xca\xa7\xc6\xd4\x5a\xeb\x4b\x09\x1b\
\x1f\x4b\xfc\x66\xe2\xc0\xb0\x36\xdf\x67\xa5\xdf\x66\xb1\xdf\xe2\
\xc2\xc5\xcb\x2c\xf4\xe7\x58\x9c\xef\x33\x18\x79\x7c\x49\x09\xff\
\x4c\x01\x61\x18\x50\x95\x16\xeb\xb5\x49\x60\x02\x49\x5e\xa3\x66\
\x85\x26\x07\x1b\x2e\x57\x5d\xd7\x98\x20\x10\xd3\x0a\xde\x74\x89\
\x96\x43\x89\xff\x95\x44\xa1\x68\x0d\xad\xc9\x4b\x49\x8d\xd5\x56\
\xfc\x3c\x11\x1c\x6f\xee\x0e\xad\xa5\x52\x9a\xaa\xae\xb0\xb5\xa5\
\xd3\xe9\x50\x56\x15\x83\xfd\x7d\x16\x16\xe6\x3d\xb3\x44\xcc\x60\
\x73\x1e\xe5\x57\xa5\x4e\x23\x08\x44\xb8\x6b\x0f\xdb\x44\xa1\xf8\
\xed\x61\x10\x30\xd7\xef\x52\x57\xa5\x90\x4b\x15\x9e\x6c\x29\xc1\
\x8e\x3f\x52\x30\xbb\x2b\x71\x51\xe4\xdb\x42\xc9\x77\xce\x12\x06\
\x91\x7c\xb2\xab\xa9\xab\x92\x20\x89\xa9\xaa\x9a\x76\x1a\xb2\xb4\
\xbc\x00\xc0\x68\x52\x50\x14\xf5\xf5\x3e\xdd\xd7\x7f\xc5\x7b\x88\
\xe3\x98\xaa\x16\x72\x62\x9e\x97\x33\x9e\xbf\xd2\x52\xeb\x69\xad\
\x63\x6f\x90\x31\x18\x4e\x84\x69\x5b\x0a\x63\x58\x34\x5f\x23\x79\
\xb2\xc0\x72\x9a\xc4\xa4\xa8\x26\xea\xf1\x2f\x3b\x2c\x18\xcd\xa5\
\x3c\x0f\xcb\x22\xf5\x9b\xad\x76\xca\x34\x2b\x70\x75\xcd\xfc\xfc\
\x02\x41\x10\xa2\x94\xa3\x2c\x4b\x00\x26\xa3\x8c\xb4\x95\xa0\x1c\
\x4c\xb2\x31\xd3\x7c\x4a\x14\x06\x42\xc0\x74\xa2\xb5\xf1\xa7\x79\
\x75\x69\x4e\xc8\x94\x51\xc0\xa5\x8b\x97\xb8\xb2\xb5\xc9\x68\x3c\
\xe5\x8e\x9b\x6f\x60\x30\x18\x32\x9c\x64\xd4\x9e\xec\x58\x57\x25\
\xbd\x6e\x87\xbc\x90\xe0\x07\xff\x64\x61\x18\x08\xed\x5b\x6b\x4f\
\x63\x47\x4c\xbc\x3f\x69\xce\x41\x9e\xe7\x44\xa1\xf8\x81\xd6\x5a\
\x49\xa7\x55\x95\x24\x42\x94\x22\x0c\x0c\xad\x24\x96\xcc\x47\x18\
\x32\x9d\x16\x72\xb0\x3c\xc6\xa7\x94\x3a\x38\xb0\x33\x79\x76\xe0\
\x61\xa6\xf1\x70\xc4\xdc\x7c\x9f\x1a\xc7\xe5\x4b\x97\x58\x5a\x98\
\x27\x0c\x53\xb2\x5c\x28\x50\x72\x35\x02\x23\x46\x23\x0c\x0d\xae\
\x16\x0d\x3e\x1a\x8e\xe8\xf5\x7b\xb8\x5a\xbe\x9f\xc6\x31\xe3\x2c\
\x13\xaa\xbf\xd6\xbe\x23\x83\xa1\xf2\xf5\xc3\x8e\x43\x87\x4a\x35\
\x07\x42\x34\x70\x96\x8d\xb0\xb6\x22\x49\x3b\x68\x1d\x0a\x7e\x57\
\x95\xb4\x3a\x7d\x02\x13\xd2\xed\x04\x3c\x70\xdf\x9d\x74\x3a\x29\
\x17\x2f\xed\x50\x54\xf6\x7a\xa1\xfb\x86\xaf\x7a\x2f\x71\x14\x51\
\xd5\x52\x6d\x9e\x17\x07\xc5\x25\xca\xd7\x31\x28\xa5\x3c\x53\x56\
\xb4\x97\x75\x9e\x00\xe0\x97\xc6\x97\x8b\x8a\x29\x35\x66\xc6\x22\
\xd5\xca\xa0\x25\xce\x96\xb6\x12\xb3\x07\xf1\xa7\xc8\xa7\xe0\xf0\
\x90\x42\x12\xa7\x2c\x2f\x2d\xf2\xc2\xb3\xcf\xb3\xba\xb8\xc8\xb1\
\xa3\x47\x51\x1a\x42\x13\x70\xf9\xf2\x55\xca\xaa\x62\x6b\x6b\x97\
\x93\xa7\x8e\x61\xab\x9a\xe7\x9e\x3f\x4f\x91\x97\x92\x3b\xb6\x42\
\x45\x52\x5e\x2b\xee\x8f\x46\x84\x61\x40\x94\xc4\x5c\xba\x78\x85\
\xab\x9b\x1b\x3c\xf3\xfc\x45\xee\xba\xfd\x16\x0c\xb0\x37\x18\x32\
\x9e\x4e\x25\xbd\xa5\x25\xc6\x5b\x5d\x5e\xe2\xea\xe6\x8e\xc0\x1b\
\x7e\xc3\xb5\xf1\x2c\x5a\xcf\x17\x03\x1f\xb9\x3a\x27\xc5\x5f\xce\
\x51\x14\xa5\xd4\x9a\x7a\xa1\x8b\xa3\x40\x8a\xae\xd1\x94\x75\x4d\
\x14\x45\xb4\x92\x98\xe1\x68\x4c\x92\x26\x54\x95\xf8\xb4\x5a\x23\
\xd5\x60\x4d\x91\x8b\x3d\x30\xdb\x8d\x50\x2b\xad\xa8\xeb\x9a\xb2\
\x28\x58\x5c\x5a\x62\x38\x1a\xb0\x79\x6d\x83\xd3\xa7\x4f\xb3\x3f\
\x90\xc2\xec\xc3\x87\x58\x7e\xcd\x11\x18\x43\x10\x28\xf2\xbc\x60\
\x38\x1c\x11\x86\x11\xed\x56\x8a\x42\x13\x18\x51\x08\xa3\xc9\x08\
\x6d\x42\x1c\x8a\x38\x49\x44\x7b\x7a\xcb\xe4\x75\x08\xce\x5b\xff\
\xe6\x40\x94\x65\x46\x3e\xcd\x08\x82\x98\x38\x6d\x8b\xa5\xa9\x4a\
\xc2\x28\xa1\xdd\xed\x53\xe4\x23\x5e\x7e\xdf\x1d\x74\xba\x5d\x06\
\xa3\x9c\xa2\xb4\xd7\xfb\x74\x4a\x4b\xf8\x6e\x82\x80\x20\x08\x08\
\x42\x43\x10\x1a\xb4\x8f\xba\xb4\x8f\x24\xad\x95\x8a\x29\x5b\x7b\
\x53\x58\x59\xea\xca\x4a\x75\x7d\x63\x46\xad\xa0\xf0\x75\xe5\x4d\
\x68\x5d\x49\x11\x70\x5d\x53\x55\x92\x8b\x94\xa2\x15\x27\x90\x89\
\x95\xf7\xb0\x75\x8d\x72\x30\x3f\xd7\x63\xb8\xbf\x8f\x2d\x0b\x56\
\xe6\xe7\xa9\xca\x02\x70\x6c\xef\xee\xe0\x80\x4b\x57\xae\xd2\x9f\
\xeb\x52\x4c\x73\xf6\xf7\xf6\xd9\xd9\xd9\xa3\xd5\x6e\xc9\xbd\x59\
\x31\xb7\x75\x55\x91\x67\x53\xa6\xd9\x14\xa5\x34\xd3\x69\xce\xde\
\x60\x9f\x4b\x57\x37\x38\xba\xbe\x46\xaf\xd3\x62\x34\x96\xe2\x18\
\x94\x93\xe2\x23\x67\x69\xa5\x29\xd3\x5c\x40\x69\xeb\xa4\xad\x82\
\xd6\x0a\x5b\x49\xea\x48\x00\x5f\x71\x0f\x24\x43\xd1\x78\x8e\x22\
\x18\x2f\xda\x7c\x4f\xf3\x0f\xc3\x60\xe6\x63\xa1\xf0\xfd\x4f\x2a\
\x50\x56\x7c\x5a\xff\x7a\xdb\xd4\x0c\x7b\x0d\xd3\x68\x1b\xe7\xa0\
\xaa\x7c\x54\x8c\x63\x9a\x4d\xe8\xb6\x3b\x28\xad\x19\x8f\x47\xa4\
\xa9\x98\xcc\xe6\x92\xdf\x92\x03\xa1\xb5\xc6\xe8\xc0\xe7\xd5\xc5\
\xd4\x16\x65\x85\x36\x9a\x56\xbb\xc5\xe2\xe2\x02\xed\x56\xdb\xd7\
\xca\x4a\x21\x90\x7c\xee\x81\x52\xf0\xce\xf3\x81\x20\x3a\x8b\xf6\
\x7e\x6a\x51\x4e\xc5\xbd\xa9\x25\xb0\x2b\xf2\x5c\x02\x0a\x02\x2e\
\x5d\xb8\x82\xf2\x05\x47\xe0\xae\x17\x3a\xed\x1d\xfd\x26\xe1\x1f\
\xf8\xf4\x85\xf1\xc2\xf6\x22\x87\xa1\x79\x30\xef\x8f\x48\x44\xe6\
\x37\x01\x37\xcb\xcf\xb8\x06\xc1\xb7\xc2\x90\x68\x7c\x36\x98\x39\
\x0a\xb3\xc0\xc2\x21\x9b\xb9\xb4\xb4\x08\xae\x66\xb0\x3f\xa0\xdd\
\x6a\x93\x24\x72\x2a\x71\x9a\xfd\xc1\x98\xb2\xaa\x19\x4f\x26\x74\
\xda\x6d\xea\xda\x71\xe1\xf2\x15\xa2\x38\x21\x08\x43\xd1\xa4\xda\
\xfb\x4f\x5a\x91\x17\xd2\x86\x21\x0c\x02\x76\x77\xf7\xb8\xb6\xb9\
\x85\x09\x02\xce\x9d\x3a\xc1\x74\x9a\x53\x54\x15\x65\x55\xd1\x4a\
\x53\x82\x20\xc4\xd6\x8e\x56\x2a\xce\xaf\xf5\x39\xd3\xda\x0a\x1b\
\xb7\xf4\x2c\x0f\x6b\x1d\xb5\x93\x96\x0e\x33\x21\xf1\xcf\xa6\xe5\
\xa1\xbd\x00\xf8\xcd\xf1\x6b\xe9\xbc\x66\x14\x47\x5f\x4c\x6a\x5d\
\x5b\x4c\x10\x60\xeb\x5a\x04\xbb\x3e\xd0\x06\xb2\xf1\xa2\x55\x9d\
\x5f\xa6\xda\x3a\x5a\xed\x16\xf9\x24\xa3\x2c\x4a\xd6\xd6\xd6\xd8\
\xdc\xdc\x22\x0e\x7d\xf1\xf7\x21\x21\x55\x0e\x92\x38\x21\x89\x62\
\xb1\x3a\xda\x48\x64\xef\x83\x35\x6b\x6b\xf2\xbc\x60\x7f\x7f\x84\
\xb3\xe2\x83\xd6\xb5\x04\x90\xb3\x4b\xc9\xa1\x99\x05\x70\x4a\x49\
\x80\x08\x22\x13\x9e\x49\x52\x55\x25\xb5\x73\x58\x04\xa6\x29\xf2\
\x29\x41\x18\xb1\xb9\xb7\x4f\x59\xd5\xa0\x1c\x45\x59\xbc\xb4\xd0\
\x89\x46\x13\xcd\x16\x1a\x33\xeb\x5f\x32\x93\xfe\x43\x92\xde\x08\
\x90\xf2\x18\x18\xc8\x82\xab\x06\x7e\xf1\x8e\x33\xde\xcc\x01\x28\
\x25\x66\xaf\x91\xe1\x59\x18\xef\x1f\x26\x89\x22\x3a\x69\x22\x1a\
\x6c\x77\x97\x33\x27\x4e\x62\xfd\xc6\x8d\xc6\x19\x81\x36\x6c\x6c\
\x6c\xb0\x30\xd7\xc7\xda\x9a\xc9\x74\xc2\x70\x34\xa4\xdd\x4e\x98\
\xe6\x53\x9f\xab\xf1\xfe\xa4\x92\xba\x88\x34\x49\x98\x4c\x26\x5c\
\xbe\x7a\x95\xdd\xfd\x21\x67\x4e\x1c\xc7\xd6\x15\xd9\x34\x17\x0a\
\x91\x31\x18\xa5\xc5\x07\x0b\xa4\x8e\xb3\xd7\x49\x69\xb7\x62\x59\
\x24\x1f\x89\x3b\x1f\x11\x5a\x27\x19\x09\xe7\xa5\x61\xb6\x1e\x88\
\x5b\xd1\x08\x5c\x18\x04\x1e\xc8\x3e\x58\xbf\x26\xab\x14\x45\xa1\
\x68\x48\xcb\xac\xcb\x95\x7c\xb6\x68\xc5\xe6\xfd\xfc\xaa\xc9\xd2\
\xfa\xff\xba\xda\xa1\x03\x4d\x9e\xe7\xb4\x5b\x2d\x82\x20\x60\x3c\
\x1e\x13\x85\x81\x40\x30\x4a\x13\x07\x21\xed\x56\x9b\x38\x92\xea\
\x7e\x8d\xc6\x98\x80\x34\x49\xa9\xca\x92\x28\x8e\xa4\xdc\xd1\x39\
\xca\xba\x42\x19\x2d\x01\x9b\x53\x14\x79\x31\x53\x04\x07\x37\x71\
\x28\x4c\x51\x4a\x0e\xa2\xc7\x23\xab\xaa\xa4\xc8\xa5\x90\xa8\x39\
\x1d\xc5\x34\x93\x8c\x4a\x96\xb3\xb9\xb9\x89\xd6\x81\x68\xd7\xe6\
\xed\x66\x6f\xeb\xa1\x10\x33\x03\x6d\x9b\x5a\x56\x9f\xf0\xf5\x50\
\x46\x23\xf1\x5a\x0b\x14\x62\xb4\x54\xfe\x34\xaf\x57\x9e\x3e\xd3\
\x04\x10\x4d\xa1\x86\xf8\xa1\x8d\x30\x22\x2d\xbb\x8c\xf8\x88\x61\
\x28\x8b\xb2\xb2\xb2\x4c\x55\x55\x6c\x6f\x6d\xb3\x30\x3f\x4f\xaf\
\xd7\xf5\xb9\x57\xc5\xee\xee\x1e\x41\x18\xb2\xbd\xb5\xc3\xd2\xe2\
\x02\x65\x59\xb1\xbd\xb3\x33\x2b\xc7\xb3\xb5\x34\xd1\xa1\x89\x1a\
\x67\x42\x60\xd9\xdd\xdf\xe7\x85\x8b\x97\x39\xb2\xba\xcc\xc2\x5c\
\x9f\xb2\xa8\x98\x4e\x73\xac\x75\xb4\x3c\x20\x5e\x94\x15\xdd\x56\
\x07\xe7\x20\x08\x22\x42\x13\x7a\x3f\xd3\xc8\xe3\x3b\x6f\xf2\x10\
\x73\x23\x4c\x12\xcf\x1a\xf1\x7f\x36\x30\x08\x4e\x5a\x83\x45\xa1\
\x94\x4e\x3a\xe7\x31\x31\x6b\xa9\x3d\x6c\x12\x47\xd2\xe0\xa6\xf6\
\xbf\xa7\x95\x1c\x78\xa5\x04\xbe\x6a\x72\xc8\x62\x6a\x05\x6e\x71\
\xd6\x49\xa3\x1a\xdf\x98\xa8\x28\x2a\x96\x96\x96\xd9\xda\xde\x21\
\x30\x01\xa1\x09\x69\xb7\x3a\x24\x49\x42\xa0\x85\x58\xea\xb7\x83\
\xc0\xd3\x93\x82\x20\x14\x0d\x6b\x0c\x55\x79\x60\x81\x8c\xe7\xde\
\x15\xa5\x04\x37\x78\x71\x6f\x64\xc9\x3f\xb9\x1c\x9e\xa6\xa9\x92\
\x91\xfd\xaf\xeb\xd2\x6b\x76\xe9\x84\x50\x96\x05\xb6\xae\x88\xe3\
\x84\x0b\x2f\x5c\xf0\x7b\xfe\x12\xe0\xb0\x04\x09\x8d\xe0\x88\x86\
\x53\x4a\x0a\x93\x45\x1b\x09\xca\xae\x94\x24\xae\x55\x23\x34\x46\
\x8b\xe0\xcd\x4c\x9b\xd7\x5c\x5e\xcb\x35\x82\x77\xd8\x9a\xca\x7b\
\x3b\x49\x6e\x1b\x43\x60\x0c\x73\x73\x73\xb4\xdb\x6d\x2a\x6b\xd9\
\xd8\xda\xe2\xc6\x33\xa7\xa9\x7c\x7e\x71\x32\xce\x28\xf3\x92\xc9\
\x68\x02\x0e\x5a\x69\xca\x78\x3c\x62\x7f\x38\x10\x87\xdc\x53\x80\
\x70\x02\x77\x68\x63\x66\x11\x59\x6d\x2d\xe7\x2f\x5d\x46\x29\xcd\
\x89\xa3\x47\x05\x8a\x51\x9a\x49\x96\xd1\x6a\xc5\x98\x20\xa0\xf2\
\xcc\x88\x76\x3b\x3d\xa0\xa1\x57\x35\x79\x51\x12\x86\xc2\x40\x31\
\x33\x8d\x8c\x08\x59\xb3\x1b\x1c\x68\x04\x0d\x04\xca\xd1\xef\xb4\
\x30\xbe\xfa\xca\xd6\x96\x28\x90\x8a\x7e\x49\x96\xc3\x78\x92\x09\
\x7d\xcc\xfb\xc8\xd6\xb3\x57\x82\x40\x33\xcd\x72\xd2\x38\x92\x9e\
\x29\x0d\x2e\xe6\xb7\xbc\xf9\x4c\xa3\x45\x3b\x67\x93\x8c\x56\xab\
\xed\xeb\x3b\xa4\x7d\x99\x6e\x3a\x2e\xc8\x5f\x66\xfb\xa1\x8d\xc6\
\x59\x48\x5a\x29\xc3\xc1\x10\x9c\xa3\xac\x25\x3a\xb7\xce\x11\x44\
\x91\x1c\xa2\xda\x52\x57\xb5\x58\x8a\xe6\xe1\x1c\x68\x1f\x51\x28\
\x94\x04\x7c\x75\x8d\x56\x86\x20\x8c\x71\xbe\x6f\x8a\xbc\x54\xb4\
\x7d\x3e\x9d\x92\xa4\x1d\xf2\xa2\xa4\x2a\xa6\x2f\x4d\x6d\x9a\x69\
\x2a\x9f\x6e\x6a\xb4\xe9\xcc\xec\x1a\x41\xf3\xb5\x91\xd7\x19\xdd\
\x04\x17\x5e\xbb\xcd\x52\x56\x3e\x6d\xa5\x40\xe3\x99\xc7\x33\x05\
\xed\x05\xd0\x33\x8f\x8d\x96\xf7\x0b\x82\x80\xb9\xf9\x39\xea\xba\
\x66\x63\x73\x93\xa5\xc5\x45\xfa\xbd\x9e\x14\x93\x68\xc3\xf6\xce\
\x0e\x69\x9a\x70\xe5\xca\x55\x7a\x9d\x2e\xce\x3a\xf6\x07\x23\x6c\
\x2d\x1b\x30\xe3\xea\xf9\xcd\x77\xc0\x34\xcf\x69\xb5\x5a\xec\x0f\
\x47\x5c\xb8\x7c\x99\xb5\xd5\x65\x92\x30\x22\xd4\x9a\xc1\x70\x80\
\x31\x42\x23\x02\xc8\x4b\x49\xf0\x6b\xa5\x09\x83\x90\xa2\xaa\xc9\
\x2b\x89\xe2\xe3\x30\x44\x2b\x4d\xaf\xd3\xc5\x20\x1a\xcb\x28\x73\
\x88\x56\x24\x58\x58\xa0\x0d\x0a\xe8\x75\x3a\x2c\xf4\x05\xd7\x74\
\x3e\xa9\x2e\xa9\x3a\x09\x4a\xac\xd7\x22\x69\x2c\x8d\x78\x9c\x93\
\x94\x1c\x28\x9c\x85\xb2\xaa\xa8\x9d\x25\x8e\x43\x7a\x9d\xf6\xac\
\xd1\x0d\x38\xd2\x38\x26\xd0\x46\xd8\xc5\x95\xe0\x64\x79\x3e\x65\
\x61\x7e\x8e\xbd\xdd\x5d\xc2\x28\xf2\x98\x5f\xb3\xd6\xb2\xfa\xca\
\x43\x58\xa2\x71\x0d\x51\x92\x50\xd4\x52\x77\xe1\xac\x10\x5d\x1b\
\xa4\x41\x29\xb0\x55\x29\xcf\xe7\x64\xe7\x50\xbe\x4e\xd8\x4a\xca\
\xd1\x79\x3c\x14\x0f\x49\x59\x6b\xb1\x75\x39\x4b\xfe\x2a\x63\xc8\
\x8b\x1c\xab\x0c\x35\x86\x3c\xcf\x08\xa2\xe8\x7a\xa1\x6b\xcc\xeb\
\xcc\x14\xf2\xe2\x9e\x65\x72\x62\xfc\x8d\xf9\xcc\xc2\xcc\x67\x9b\
\x69\xb4\xe6\x35\xfe\x44\xd0\x04\x15\xb2\x43\x62\x62\xbd\x80\x2b\
\xa9\x38\xc7\x39\xe2\x28\x21\x0c\x25\x71\x3c\x1c\x8e\x38\x77\xea\
\x14\xce\xdf\x53\x55\x5b\x46\x1e\xf6\xd8\xda\xdc\x62\x69\x69\x9e\
\xbd\xfd\x01\x83\xe1\x58\x36\xcd\x7a\x50\xd9\xca\xe6\x28\xa7\x7c\
\x9d\x81\x68\xe6\x67\x9e\x3f\x8f\xd6\x9a\xd5\xa5\x45\x79\x0e\xad\
\x19\x0e\x86\xb4\xd2\x44\x80\x50\x7c\x3b\xb0\xc0\x50\x54\x15\xd3\
\xbc\x60\x32\x9d\x52\xd6\x4e\x60\x05\xed\xb5\xb4\xef\xcd\xd7\xeb\
\x08\x73\xc2\x2f\x12\x58\x47\x2b\x49\x08\xa3\x80\x20\x0c\x70\x4e\
\x31\x1a\x67\xc2\x0c\x6a\x1a\x33\x5a\x8b\x73\x9e\x4d\x5c\x5b\xd2\
\x38\x61\x6d\x65\x85\x5e\xb7\x4f\x59\x59\xaa\x5a\xe0\x24\x94\x22\
\x08\x42\xf2\x5c\xb0\xbd\x30\x0c\xe8\x76\x5a\xc4\x61\x48\xbb\x61\
\x6a\x28\x31\x61\xc6\x18\xa2\x38\x22\x9b\x4c\xe8\x76\xba\xe4\x45\
\x01\x4e\x1a\x04\xc9\xee\x1d\xec\x6b\x63\xb5\x1a\x6a\xbd\x31\x62\
\xea\x95\x52\xd4\xb6\x96\x1a\x0d\x27\x9d\xa3\xe4\x10\x88\x60\xe1\
\x05\xcd\xd6\x15\x55\x2d\xbe\x5b\x59\x4a\xf1\x77\xf3\x01\xc6\x04\
\xbe\x36\x57\x80\x73\x91\x1b\xc1\x27\xeb\xaa\x04\x1d\x31\x1e\x0c\
\x69\x25\xc1\xf5\x42\x37\x8b\x5c\x15\x33\xc1\x12\x55\x2a\x5f\xda\
\x9b\xcf\xc6\xc4\xcc\xbe\xbc\x90\x8a\xef\x20\x82\xa6\x9c\xd0\xa5\
\x95\x3a\xc8\xd9\x35\x47\x4e\x89\x44\x8a\x09\xf0\x6f\x92\xb4\x12\
\x14\x8a\xc1\x60\x80\x06\x16\x17\x16\xb0\xce\x11\x86\x21\x7b\xfb\
\xfb\x44\x61\xc4\x60\x34\x92\x1a\x85\x6e\x87\xed\xdd\x3d\xca\xaa\
\x22\xd0\x5a\x72\xb7\xd6\x0a\x66\x66\x05\xb6\x18\x8d\xc6\xb4\xdb\
\x1d\x36\xb6\xb6\xd9\xd9\xdb\xe5\xec\xc9\x13\xc4\x9e\xe3\xb5\x3f\
\x1c\xce\x8a\x53\xa2\x38\xa1\xa8\x64\x51\xe3\x50\x84\xae\x28\x4b\
\x8a\xbc\x10\x74\x5d\x4b\x5b\x53\x7c\x3a\x29\x08\xa5\x88\x3a\x9b\
\x4c\xbd\x5b\x61\x48\xa2\x58\x34\xa6\xf3\x82\x73\x28\xb3\xd0\xc0\
\x1f\x9e\x1b\x89\x6b\x88\x8f\x75\x4d\xa8\x0c\xf3\xf3\xf3\x58\xc4\
\x05\x70\x9e\xc4\x19\xc7\xb1\xef\x06\xa5\xa8\xac\x54\x5e\xb5\xd2\
\xd4\xb7\x8f\x3d\xa0\x4d\x45\x51\x04\x3e\xb3\x51\xd7\x35\x49\x92\
\x30\x1e\x8f\x66\x9c\x37\x85\x98\x6c\x59\x6f\x21\x14\x98\x40\x8a\
\x71\xb4\x3f\x40\x55\x55\x09\x74\x65\x1d\xa0\x08\xa3\xd8\x6f\x9c\
\xf8\xc8\x55\x55\x52\x94\xd2\xda\xb6\x3c\x14\xd5\x36\x0a\x41\x29\
\x45\x18\x85\x98\x20\xf2\x7e\x9d\xf8\xfd\x0a\xd9\x97\x7c\x3a\x25\
\x8c\x12\x36\x77\x07\x60\x5f\x22\xf7\x2a\x6d\xb1\x8c\x37\x93\x8d\
\x8c\xf8\xa0\xa0\xb9\x51\x1f\xcd\x1e\x08\xa3\xfc\xae\x6a\x54\x98\
\x92\x74\x4c\x23\x5c\xda\x6b\x83\x46\x29\x34\x91\x9d\x46\x7e\xee\
\xac\x25\x0c\x63\x92\x28\xa6\xaa\x4a\xae\x5c\xb9\x4a\xbf\xd3\x21\
\x89\x62\x11\x20\xa5\xd8\xde\xda\xa2\x3f\xd7\x65\xf3\xda\x06\xdd\
\x6e\xdb\x43\x26\x99\x98\x24\x0f\x23\x48\xda\x4c\x8c\x50\x65\xa5\
\x71\x0d\xc0\xa5\x2b\x97\x31\xc6\xd0\x6d\xb5\x08\x03\xe1\x8c\x6d\
\x6d\xef\xd2\x6a\xb7\x66\xf4\xf7\xb2\x2c\xa9\x6b\x07\x4e\x51\x7b\
\x08\xa5\xac\x4a\xaa\xda\xfa\xe2\x61\x40\x79\xc2\xa2\xa7\x7d\xf5\
\x7b\x1d\xba\x9d\x0e\xfd\x4e\x9b\x8e\x6f\x0e\x23\x8c\x16\x59\x93\
\x7a\x06\x9b\xc8\x16\x64\x79\x49\x59\x55\xb2\xd1\xb5\xa5\x76\x10\
\x06\x9a\x4e\xda\xa2\xd5\xe9\x53\xe4\x07\x6d\xc6\x42\x23\x1d\x3e\
\xf3\xb2\x10\x6a\x98\xf7\xf7\x9c\xc8\xc5\x6c\x5d\xa3\x28\xc2\xd6\
\x96\x38\x8a\xc8\xb2\x29\xad\x76\x8b\xdd\xfd\x3d\x02\xa3\xa9\xea\
\x12\xa7\x04\xdc\x70\x9e\x44\xea\xac\x87\x3a\x8c\x08\x9c\x52\x62\
\xf6\x8b\xaa\x64\x5a\xe4\xb3\x40\xc1\x78\x01\xad\xaa\x42\x82\x33\
\x5b\x7b\x3e\x9e\x1c\x1a\xbc\xd2\x91\x83\x58\xa3\xbc\xd6\x75\x56\
\x7a\xcd\xb8\x86\x02\x67\x1d\x45\x36\xc1\x98\x80\xa2\xb0\x24\x91\
\xb4\x2c\x79\xd1\x25\x3e\x8d\xd7\x64\x3e\xb9\xeb\xd7\xed\xb0\x69\
\x9f\x7d\x35\x3f\x17\x21\xf3\xe6\xd2\xf7\x24\x6e\xfc\x3a\xbc\x09\
\x55\x4a\xd2\x3b\xc2\x52\x15\x0c\x45\x22\xa5\x92\x24\x89\x09\xa2\
\x88\x9d\x9d\x1d\xb6\xb6\xb7\x58\x3f\xb2\x2e\x98\x97\xd6\x8c\xc7\
\x63\x26\x93\x8c\x40\x6b\xb6\x77\xb6\x59\x59\x5e\x66\x6f\x7f\x9f\
\xd2\xa3\xfc\xce\x82\x6b\xea\x08\x7c\x66\xa0\x28\x4b\xb4\x31\x0c\
\x87\x23\x2e\x5e\xbe\x4a\xbb\x9d\x12\x47\x12\xf1\x8d\xb3\x4c\x72\
\x9d\x0e\xa2\x44\x12\xe7\x95\x2f\xb0\x16\xbf\x4b\x28\xea\x85\x2f\
\x18\x0e\x8c\xf8\x69\xd6\x49\x70\xa2\x95\x8f\x2a\xbd\x6f\xa7\x3d\
\xe5\xab\x01\x87\x65\x99\xfc\xf6\x78\x78\xc8\x5a\x4b\x69\x6b\xac\
\x2f\x4d\x14\x14\x00\x94\xad\x39\xbd\xb6\x2c\xbc\xc3\x28\xa2\x2c\
\x4a\xef\x96\x4a\x83\x9c\xe9\x44\xfa\xce\x45\xa1\xe4\x72\x67\xfe\
\x92\x3f\xe4\xda\x68\x82\xd0\x9b\x43\x57\x13\x46\xd2\xa6\x75\x3a\
\x9d\xca\x7b\xcd\x1a\x94\x4b\x86\x03\xef\xe5\x04\x3e\xb3\x84\x53\
\xc2\x85\xab\x2b\xf2\x69\x46\x5d\x55\xb8\xba\x96\xe8\xd6\x7a\x16\
\x8f\xd7\x25\x78\xba\x3b\xf8\xbd\xf3\x87\xca\x5a\xcf\xe3\xd3\x01\
\xda\x04\xd8\x5a\xfa\xf5\xc9\xe1\xd4\x94\x45\x86\xf2\xc1\xc5\xc6\
\xb5\xab\xd7\x0b\x1d\xcd\xc3\x34\x52\x85\x9a\x01\x81\x8d\x56\x53\
\x5e\x63\xd1\x24\x98\x67\xc2\x26\xaf\x9e\x2d\x88\x77\xca\x0f\x9b\
\x64\xf9\x37\xf2\x9e\x5a\x31\x1e\x4f\xa8\x7c\x02\xbb\x2a\x4a\xb6\
\xb7\x77\x30\x4a\xb1\xb6\xb4\x4c\x6d\x05\x9b\xbb\x7c\xf5\x2a\x71\
\x1c\x92\x17\x05\xd3\x69\x4e\x77\xae\xc7\x68\x34\x92\x68\xcb\x08\
\x41\xd4\x39\xc7\xb4\x28\x18\x0c\x47\x38\xa5\x18\x7b\x5f\xef\xda\
\xe6\x16\xc3\xd1\x88\xf9\x4e\x8f\x4e\xd2\x42\x6b\xc3\xfe\x60\x40\
\xbb\xd5\xa2\x2c\x6b\xa2\x38\x61\x3a\x2d\xc9\xf2\x8c\xc0\xa7\xf2\
\x70\x90\x65\x19\x55\x59\xa0\x70\x04\x0d\x7b\xc2\x6b\x0b\x81\x48\
\x24\x60\x91\x43\x27\x3b\x29\xb8\x9a\xff\xb7\xf3\xdc\x33\xcf\x91\
\xf3\xff\xc1\xfa\xec\x80\x75\x8e\xca\xb3\x89\xcf\x1e\x59\xe0\xd8\
\xd2\x02\x61\x24\xf7\x24\x0e\xba\x23\xf2\xbe\x57\x36\x95\x32\x42\
\xbf\xd3\xb2\x47\x88\x30\xe3\x1c\xad\x96\xf0\x06\xe3\x24\xf1\xc0\
\x76\x8b\xfd\xfd\x7d\xc2\x30\x24\xcf\x73\x94\xd7\x5a\x0d\x7e\x69\
\xad\x30\x92\x71\xb2\x07\xda\x18\x94\x0e\xc8\xf3\x82\xbc\xc8\x01\
\x45\xe8\x3b\x2c\xc9\x72\x78\x97\x41\x92\x81\x38\xa9\xac\x44\x07\
\x21\x4a\x7b\x36\x0a\x00\x92\xf6\x14\xc1\x96\xe7\x55\x5a\xca\x38\
\xcb\x22\x27\x8c\x53\xae\x6d\x6e\xfd\x5f\x0b\x9d\x9a\x49\x96\xf8\
\x23\xce\xa3\xd1\x87\xcd\xa6\x88\x7f\xa3\xf5\xe4\xef\x72\xd2\x45\
\x10\xb5\x96\x08\x55\x35\xe6\xd8\x63\x79\x87\xa4\x96\x71\x36\xa1\
\xd3\xee\xd0\x4e\x53\x06\xc3\x01\xe3\xc9\x84\xb3\x27\x4f\x0b\x7e\
\xe5\x1d\xe2\xed\xed\x1d\x3a\x9d\x36\xa3\xd1\x88\x20\x0c\x7d\xf5\
\x91\x34\x6f\x11\x08\x40\x36\xb3\xac\x4a\xa6\xf9\x94\x49\x36\x65\
\x34\x99\xe0\xac\xe3\xe9\xf3\xcf\x93\xc4\x21\x49\x22\x7d\x71\x2b\
\x6b\x19\x67\x53\xc2\x28\xf2\xe6\xa6\x66\x3c\x19\x93\x4f\xa7\xe2\
\x40\xe3\xa8\xbd\x00\x57\xb5\xef\x56\xd5\xf0\xe1\x94\x93\x84\xb6\
\x95\x0a\x30\xaf\x92\xbc\xf2\xf0\xcc\x14\xdf\x86\xd6\x7a\x1f\xb6\
\x89\x44\xab\x5a\xe8\xdd\x58\x8b\x72\x3e\xca\xb6\x02\x57\xa4\x06\
\xee\xbb\xf1\x24\x71\x68\xd0\x81\x07\x50\xbd\xfb\x62\xb4\x66\x9a\
\x65\x54\x95\x3c\x6f\x03\xab\x34\xfb\xac\x90\xfa\x06\xeb\x71\xbe\
\x7c\x3a\xa5\x3f\xd7\x63\x3c\xc9\x30\xc6\x60\xad\xf5\x9d\x01\x14\
\xe0\xa4\xb2\xad\xc8\x85\x50\xe1\xb5\xba\xad\x6b\xe2\x24\x26\x08\
\x03\xf2\x7c\x4a\xed\x8b\xa0\xcc\xac\xea\x4d\x38\x81\xcd\x07\x36\
\x7e\xbe\x1c\x76\x79\x2d\xde\x2a\x29\xad\xc4\xac\x5b\xe9\x64\xa0\
\xfd\xa1\x2b\xcb\x8c\x20\x0c\xd9\xdb\x1b\x5e\x2f\x74\xa2\x2e\x7d\
\x07\x4d\xaf\xb9\x40\xa1\x9c\xf8\x74\xcd\x67\xcf\x1e\xfa\x90\x19\
\x9e\xfd\xc0\x9f\xf0\x46\x03\x0a\xbe\xe7\xbb\xf8\x34\x41\x88\xd2\
\x4c\xf3\x9c\x38\x8c\x99\xef\xf7\x29\x8a\x92\x6c\x92\x51\x17\x15\
\x67\x4e\x9e\x94\x9c\x26\x30\x9a\x64\x4c\x26\x19\x69\x9a\xb0\xbb\
\xbf\x4f\xbb\xd3\x62\xb0\x3f\x10\xdd\xeb\x84\x17\x87\xcf\x85\x96\
\xbe\x2e\x76\x32\x19\x63\xad\x63\x77\x6f\x9f\x8d\xcd\x2d\xe6\x7a\
\x3d\x02\x5f\x0f\xd0\xc0\x24\x55\x5d\x81\x96\xd6\xa8\xd3\x3c\xc3\
\x61\x09\x42\x61\xd0\x58\x57\xfb\x74\x9c\x3c\x70\x53\x9d\x7f\x70\
\xc9\xdf\xad\xd7\x68\xcd\x77\x9c\x13\x78\xa8\x59\x0a\x85\xa2\x2c\
\x4a\x8a\x52\xe8\x61\x75\xed\xf3\xb6\x8d\xbf\x83\xe4\xa6\x23\x65\
\x39\xb5\xd6\xe3\xe4\xfa\x32\x3a\x10\xe8\x41\x7b\x76\x4c\x18\x04\
\xd4\x75\x25\xb9\xe1\x43\x6e\x00\x7e\xaf\x50\xd2\xf2\xc2\x3a\xc9\
\x65\x5b\xe7\x66\xa0\xb1\x74\x72\xd2\x14\x65\x49\x65\x6b\xc6\x93\
\x29\xd3\x69\x41\x6d\xa5\x70\x47\x82\x07\x2b\x45\x5e\x4a\xd3\x6a\
\x77\xa8\xab\x9a\xda\x96\x02\xfa\xea\x06\x06\x91\xbe\x31\x4a\xf9\
\x02\x22\xad\xb0\xd4\x02\x0e\xfb\xe8\x16\x24\x9a\x56\xce\x0b\xa3\
\xad\x51\xb3\xde\xcb\x3e\x17\x5b\x55\x58\x5e\x02\xa7\xb3\x3e\x82\
\x6a\x84\x4d\xb4\xd6\x81\xb9\x54\x8d\x00\xce\x34\x5e\xa3\xe5\x64\
\xa5\xb5\xd7\x70\x0d\x0e\xa7\xb4\xd4\x3a\x06\xa6\x69\xe9\x7e\xa0\
\x05\xc7\xe3\x09\x73\xfd\x3e\xdd\x6e\x87\xdd\xdd\x5d\xa6\x79\x4e\
\x5d\x59\x7a\xed\xf6\x0c\x64\xdc\xda\xdc\x12\xe0\x38\x0c\xd9\x1b\
\x0c\xd0\xda\x30\xc9\x32\xa1\xa4\x6b\xd9\x60\xa5\x15\xe3\x6c\xca\
\xde\xfe\xd0\x73\xfd\x4a\x8c\xd1\x5c\xba\x72\x05\xa5\x35\x69\x92\
\x12\xc5\x09\xd7\xb6\x76\xb9\x7c\xe5\x1a\x71\x12\x31\xcd\x73\x1c\
\x32\x92\x60\x5a\x4c\x67\xa7\xa5\xf6\xbe\x9b\x9c\x70\x9f\xbc\xae\
\x7c\x17\x24\x2f\x63\xae\xc9\x63\x79\xc1\x13\x73\xea\xff\x2e\xbf\
\x28\x1a\xc8\x49\x9d\x6a\xed\x37\xa7\xae\xe5\x20\xd9\x5a\x8e\xa8\
\xe4\x74\xc5\xc7\x4b\x8c\xe2\xfe\x5b\xcf\x12\x86\x82\x9f\xb9\x5a\
\x40\xe2\xc0\x37\x8b\xce\xf3\xdc\xbf\x67\xed\xb9\x8c\xe2\x8f\x49\
\x0a\xd5\x49\xb3\x45\x27\x6d\x22\xc6\xa3\x11\xad\x56\x4a\x96\x4f\
\x50\x5a\x86\xb5\x4c\xa7\xb9\xcf\x7f\x7a\x4b\xe3\x98\x59\x24\xe7\
\xe4\x30\x68\xad\x09\xa3\x90\x3c\x13\xaa\xbe\x52\xda\x27\xa1\x64\
\x41\x84\x2c\x20\x51\xb1\x5f\x2e\x94\x1f\x06\x03\x62\xbd\x95\x0e\
\x66\x3e\xbd\xf5\xb9\x21\xa5\x8d\xa4\xdb\x6a\x4b\x94\xb4\xaf\x17\
\xba\xc6\x27\x6b\xae\xc6\x3f\x01\xf1\x05\xac\x27\x44\x8a\x9a\x45\
\x4c\x4f\xf3\x0d\xc4\x04\x35\x3e\xa1\xfc\x4f\xa8\x4a\x28\x61\x37\
\x68\x2d\x54\x9a\xba\xae\x31\xda\x30\x3f\xd7\x07\x67\x19\x8f\xc6\
\x8c\x47\x13\x96\x16\xe6\x89\x82\x08\x5b\x39\x26\xd3\x29\x9b\x5b\
\x5b\xcc\xcd\xf5\xc9\x8b\x92\x3c\x2f\x84\x2f\x17\x85\x94\x45\x81\
\x31\x0a\x87\x68\xb8\xfd\xe1\x88\xac\x90\x6a\xab\xda\x77\x24\xba\
\xba\xb1\x41\xbf\xd3\x25\x32\x86\xa2\xac\xb8\xb6\xbd\x4d\xe9\xfb\
\x77\xd4\x1e\xc7\xaa\xad\xa5\x6c\xaa\xce\x15\x94\x79\xc9\x74\x2a\
\x7e\x8d\xf3\x66\xac\xa8\x2a\xb2\xbc\xc2\x1d\x9e\x10\xe4\x23\xc1\
\x46\xc3\x89\x34\x1e\x44\xab\xca\x0b\xed\xac\x77\x49\xa3\x19\x9b\
\xc9\x33\x56\x34\x5f\x59\x16\x44\x46\x63\x6c\xc5\xad\xeb\xcb\xdc\
\x72\x6a\x9d\x34\x89\xb1\x20\x0d\x6a\x3c\x25\x6c\x32\xc9\x70\x4e\
\xd0\x85\xb2\x2c\x7d\x64\x2a\xad\x64\xb3\x42\xd2\x51\xca\x07\x3a\
\x65\x55\x11\x46\x31\x45\x2e\x33\x3e\x54\x20\x7e\xaf\x12\xbe\x84\
\x47\x17\x0e\x52\x5e\x4d\xba\x0b\x07\x26\x88\xc4\x1d\xf0\x4d\x70\
\xbc\x77\xe1\xd9\xc0\x92\x67\x95\xdc\xfc\x21\x39\xd1\x82\x73\xa2\
\x45\x01\x89\x59\xaf\xc1\xd3\xf6\x95\x52\xd8\xaa\xa2\xf2\xfd\x61\
\xae\x13\x3a\x94\x10\x0d\x0f\x5f\xd6\x79\x2a\x93\x57\xc7\x72\x9a\
\x1b\x67\x46\x4e\x01\x33\xd6\x81\x08\xea\x6c\xf1\x3d\x16\xd7\xf4\
\xbc\x53\x88\xf0\x15\x45\xc9\xdc\x5c\x9f\x7e\xaf\xcb\x60\x38\xc4\
\x29\xc7\x34\xcf\x39\x7d\xec\x28\xd4\x96\xad\x9d\x1d\xc6\xe3\x09\
\x83\xe1\x88\x5e\xb7\xcb\x70\x28\x29\x1b\xd9\x30\xa1\xe5\x38\x27\
\xe6\x69\x34\xce\xc8\x8a\x92\xba\xae\x09\x02\x21\x59\x4e\xb2\x8c\
\xd1\x64\x4c\xa7\x95\x12\x46\x09\x3b\x83\x11\xa5\xad\x89\xa2\x58\
\x28\x59\xfe\x11\xeb\x4a\xe8\x55\x52\x09\x25\xb9\xd7\xaa\xf6\x03\
\x41\xfc\x73\x2a\xa5\x18\x4e\x32\xdf\x47\xa4\xa6\xa8\x6a\xa9\xac\
\x9a\x2d\x93\x80\xdf\x8d\x6d\xd0\xda\x50\x39\x49\x9f\x35\x74\x20\
\x79\x59\x03\x10\x8b\x89\xad\xeb\x9a\x6c\x32\x21\x8d\x03\xb4\x82\
\xc4\x95\xbc\xee\xce\x1b\x69\x27\x91\x4c\xd2\x51\xe2\x57\xc5\x49\
\x8c\x75\xd2\xac\xba\xb1\x14\x55\x2d\xed\xc1\x26\x93\x8c\xda\xd6\
\x0c\x06\x63\x69\xe4\x68\x2d\x61\x14\xcd\xf0\xb4\xa2\x94\xd6\xb1\
\xda\xd3\xa1\xf0\x56\xcc\x35\xe0\x7c\xa3\xc9\x64\xbb\x08\x43\xe9\
\xea\x50\x55\xe5\xec\xf9\x9c\x6f\xfc\x83\xb7\x84\xd6\xfb\xae\xf8\
\x9d\x47\xa9\x59\xb0\xa9\x94\xf3\x2d\x25\x0e\x0a\xb2\xc4\x95\xb0\
\x54\xe5\x14\xd4\x4b\xe4\x5e\xe5\x6a\xcc\x44\x13\x3c\x34\xa1\x71\
\xc3\x9f\x3b\x70\xee\x9a\xff\x36\xa7\xa2\x61\x10\x2b\xaf\x7a\x15\
\x4d\x4a\x4c\x84\xae\x91\xcc\x30\x08\xe8\x75\x3b\x98\xc0\x30\x1c\
\x8f\x44\x8d\xe3\x58\x5a\x58\x64\xea\xa9\x36\x45\x21\xbe\x45\x1c\
\xc7\xec\xec\xee\x63\x1d\xc4\x61\x24\xa7\x56\x09\x05\xa8\xac\x2a\
\xc6\x53\x59\x78\xeb\x44\x73\x65\x65\xc1\xc6\xf6\x0e\xf8\xd4\x94\
\x32\x8a\xf1\x64\x02\x48\x2b\xfe\xbc\x90\x24\x3f\xc8\x24\xa0\xba\
\xac\xd0\x4a\x46\x2f\x55\x1e\x27\xb3\xbe\x08\x49\x22\x56\x2f\x24\
\xbe\x6e\x62\x9c\x8d\x19\x67\x53\xf0\x79\x56\x85\x3c\x77\x93\x55\
\xb7\xce\xf9\x02\x71\x8b\xd2\x07\x42\x27\x9a\xd3\x43\x50\x7e\x93\
\x47\x93\x31\x94\x35\xfd\x6e\x1b\x6c\xc5\xd9\x85\x2e\xa7\x97\x7a\
\xa4\xed\x98\xba\xaa\x88\xa3\xd0\x63\xa7\x92\x27\x96\x0f\xf4\x3c\
\x45\x9f\xeb\x54\x80\x0e\xb4\xc7\x05\x7d\x4d\x89\x27\x20\xd4\x95\
\x10\x3e\xc5\x0e\x37\x7b\x39\x33\x5e\xde\xf1\xaf\xa4\x60\xc6\xa3\
\x0b\xc6\x68\x89\x62\x7d\xd3\x1c\xe7\x83\x15\x05\xb3\xe0\xa1\x79\
\x16\x39\x04\xf2\x25\xc2\x27\x89\x00\x11\x9c\x03\xda\xbf\xf2\xf5\
\xb7\x61\xf0\x12\x69\x30\xfc\x0b\x94\xff\x25\xf9\x86\x38\xec\xda\
\x73\xb5\x9a\x3b\xd6\xb3\x74\x98\x9c\x3e\xf9\x12\x75\xda\xe8\x65\
\x85\x3f\x09\x6a\x76\x2c\x70\xd6\xf9\xc2\x5b\x69\x5b\x5a\x55\x15\
\xd3\x7c\xca\xf2\xdc\x1c\xbd\xb6\x90\x2a\x03\x63\xd8\xdd\xdd\xa5\
\x95\xb6\xa8\xea\x9a\xd1\x68\x2c\x3d\x3a\xda\x6d\x8a\xbc\x29\xd7\
\x73\x94\x65\xed\x87\xc8\x59\xb4\x92\xe8\xac\xaa\x2a\xae\x5c\xbb\
\x4a\x2b\x49\xd1\x40\xe5\x83\x0c\x9c\x25\x08\x8d\x6f\x1c\x2d\x84\
\xd2\xb2\x2a\x99\x8c\x07\x24\x51\xe8\x81\x59\xcf\x18\xb1\xb5\x77\
\x34\xfc\x01\xc4\xfb\x64\x5e\x8b\x57\x9e\x90\x3a\x8b\x4c\x9b\xc1\
\x21\xde\x7c\x3a\xef\xd3\x95\xb5\xf8\x83\x02\xa7\x88\x40\xc8\xb2\
\x8a\xe4\x4d\xa6\x19\x55\x36\xa6\xd3\x49\x59\x39\x76\x04\xf2\x8c\
\x57\xdc\x78\x12\x65\x25\x2b\x82\x38\x28\x24\xad\x04\x8b\x67\xe5\
\x28\xdf\xaa\x82\x03\xba\x7f\xa3\x14\x94\x12\x47\x3e\x0c\x02\xac\
\xb3\x3e\x2d\xe5\xa8\x3c\xbd\x5f\xf4\xc8\x01\x04\xa6\xb4\x58\x9e\
\xaa\xf2\x6d\x27\x70\x44\x51\x44\x55\xca\x5c\xb2\x20\x8c\xbc\x4b\
\x71\x70\xef\x0a\xef\x13\x2a\xa9\xf6\x37\x3e\x28\xc2\xbb\x04\x4a\
\x4b\x77\x7e\x67\x6b\xc9\x0d\x2b\xa9\x27\x91\x75\xf8\xbf\xd2\x74\
\x5e\xd6\x1c\x12\xc9\x59\x3f\xd5\x4f\xb8\x5a\x81\x68\x2d\x11\x5f\
\xf9\xe0\x46\xc2\x91\x70\x5a\x8e\x5e\x23\x77\x9e\xb5\x32\xd3\x09\
\x92\x1f\x4d\xd3\x16\x3a\xd0\x92\xf2\xd2\x9a\x6c\x3c\xe1\xf4\xf1\
\xe3\xd4\xd6\xb1\x3f\x18\x12\xc5\x31\x3b\x3b\x7b\x02\x95\x8c\x27\
\xc2\x52\xa8\x44\x9b\x65\x59\x06\xfe\xe4\x8c\x26\x19\x45\x51\x50\
\x95\xb5\xf8\x6a\xb5\x34\xda\x19\x8e\x47\x24\x69\x8a\x53\x4a\x9a\
\x44\x7b\x5c\xcb\xa1\xc9\xcb\x0a\x57\x4b\x9d\x45\x3e\xcd\x58\xe8\
\xb6\xe9\xf9\x42\x97\xe6\xb9\x55\x93\x4f\x46\xc0\x66\x9c\xb4\xf0\
\x57\xde\x57\x75\x0a\xb2\x69\x4e\x14\x47\x8c\x26\x19\xa5\x67\x44\
\xd7\xbe\xa9\x4e\x14\x86\x44\x51\x48\xee\x0b\x66\x66\xda\xcd\x03\
\xba\xce\x0f\xf7\x13\xdf\xd6\xa1\x6d\x45\x67\xae\x4f\xd4\x6d\x73\
\x72\xb1\x4b\x57\x3b\x86\x59\xce\x38\x9b\xa2\x66\x44\x02\x4d\x51\
\x94\xb4\xd2\x54\x22\xf0\x42\xee\x47\x60\x8f\x46\x28\x84\x1e\x15\
\x44\xa1\xac\x6b\x26\x1d\x0e\x44\x80\x9b\x2d\x10\x01\x69\x76\x4d\
\x6b\x8d\xb5\xd2\x8a\x1f\xc4\x2f\x8c\xe2\x88\xb2\xc8\x51\xbe\x67\
\x4a\x59\x16\x54\x95\x14\x65\x8b\x78\x88\xf2\x11\x81\x63\x56\x70\
\x27\x0a\x48\xd6\xa8\x2a\x8b\x59\x30\xe6\x9c\x68\xc0\xba\x7e\x89\
\x34\x58\xab\x95\x0a\xcf\x2b\x8e\x3c\x12\x2f\x5a\x4a\xf8\x6e\x86\
\x38\x0a\x09\x3d\xa7\xbe\xb9\x1c\xe2\xa0\xba\x59\x87\x27\x7f\x4f\
\x88\x84\x2b\xa5\x24\x96\x40\xca\x14\xa3\x28\x20\x0a\x03\xaa\xb2\
\x9a\x0d\x60\xc3\x5a\x8e\x2c\xad\x32\xcd\x05\xe0\x8d\xe2\xd0\x53\
\x76\x52\xf6\xf7\x07\x1e\x16\x70\xec\x0f\x06\xde\x04\x5a\xa6\x45\
\xc1\xde\x70\x84\xf5\x0d\x6b\xb4\x0f\xe9\xa7\x79\x4e\xe5\xe7\x98\
\x39\x07\xe3\xc9\x18\xe7\x24\xc1\x5d\xfa\x19\x67\xe2\x53\x89\xe0\
\x9d\x5a\x3f\x22\xd8\xda\xac\x28\x06\xbf\xb8\x4d\x90\xd4\x08\xec\
\xc1\xf8\x49\x5b\x5b\xa6\x45\xce\xf6\xee\x2e\x55\x5d\x31\x18\x8d\
\x65\xea\xa1\xef\x84\x94\x65\x05\x93\x2c\x9f\x19\x0b\x71\x9e\x84\
\xc9\x21\x16\x42\xb2\x0c\x46\x54\x07\x61\x24\xfd\x5d\x56\x4f\x9d\
\xc4\x84\x21\x6f\xba\xf7\x36\x5c\x99\x53\x94\xb9\x70\xdb\xac\xa4\
\xe3\x46\xe3\xb1\xec\x4d\x10\x10\x46\x21\xda\x13\x45\x9d\x12\x81\
\x46\x49\x66\xc0\x5a\xc9\x68\x0c\xc7\xd2\x33\x5a\xcc\xa2\xc7\x0a\
\x95\x68\x1c\xd7\xe4\x64\xbd\x6f\x5c\x95\xd2\x2f\x59\x82\xbd\xc0\
\xa7\xb3\xe4\xf7\x56\x56\x96\x44\x5b\x3a\x24\x87\x6b\x41\x2b\x03\
\xda\x13\xaf\xfc\x67\x37\x72\x31\x4b\xbf\x35\xe6\x1e\xc0\x68\xca\
\xea\x25\x84\xee\xe4\x89\x93\x9c\x3e\x79\x92\x13\xc7\x8e\x71\x74\
\x7d\x9d\xb5\xd5\x55\x16\x17\x16\xe8\x76\xda\xb4\x5b\x29\xad\x56\
\x4a\x1c\xc7\x82\xc9\x70\x90\xde\x12\xe1\xf4\xb6\xdd\x9f\x05\xf9\
\x30\xf9\x40\xd7\x94\x17\x3a\x48\x93\x14\xa3\x21\xcb\xc6\x58\x67\
\x19\x0f\xc7\x2c\xf6\xe7\xe9\xb4\x3b\x0c\x86\x63\xb4\x31\xd2\xcc\
\x4f\x49\x6b\xd9\xbd\xc1\xbe\x08\x52\x25\x63\x28\xad\x95\x21\x25\
\x1b\xdb\x7b\x14\xa5\x44\x68\xb5\x15\xea\x35\x56\xaa\xf2\xd3\x38\
\x95\x5c\xa0\x07\x98\x9d\xad\xd1\xe0\x11\x77\xb9\xab\xb2\x2e\x69\
\x87\x86\xc5\x5e\x97\x61\x96\xd1\xd4\xf3\x36\x6e\x81\x44\x68\xf2\
\x3c\xe2\x56\xf8\x1e\x26\xde\xff\xb4\xce\xc9\x84\x1b\xdf\x32\x43\
\xca\xf1\x24\xc2\x2d\x2a\xc9\xb3\x36\x97\xf2\x3d\x3f\xa4\x40\xc6\
\xf8\xe0\x2a\xc0\xe8\x80\xdc\x41\x90\x26\x28\x1c\x61\x1a\x33\xb7\
\xbe\xc6\x4d\xeb\x4b\xdc\x72\x74\x59\xf2\xbf\x45\x89\x52\xe2\xe4\
\x3b\x67\x19\x0c\x06\xa2\xd9\xfc\xcc\x06\xed\x4d\x24\x7e\xe5\x8d\
\x27\x05\xb4\x5a\x2d\x40\x46\x27\x44\x91\xf8\x88\xa2\x70\x45\x40\
\x9c\x87\x49\x54\x13\x71\x36\x4d\x81\x94\xc6\x84\x22\xc8\x7b\x3b\
\x5b\xbc\xe3\x6d\x6f\xe6\x7d\x5f\xf3\x77\x29\xf2\x52\x56\x43\x49\
\x16\x43\x9b\x40\xbc\x3a\xaf\xc6\x9d\xf7\xf1\xf0\xad\xd3\xf0\xfd\
\xfb\x1a\x79\x08\x02\x49\x91\x5d\x27\x74\xad\x34\xa5\xdf\xef\xb3\
\xb4\xb4\xcc\xb1\x63\xc7\xb8\xf1\xdc\x39\x6e\xb9\xe9\x26\xce\x9d\
\x39\xc7\xd1\xf5\xa3\xac\x2e\xaf\xb0\xb4\x28\x42\x18\x7a\x8e\x99\
\x3c\xb4\xbc\x95\x20\xf8\xa2\xe9\xec\x21\x47\xb6\xaa\x4a\xa9\x0d\
\x50\x52\xd5\xaf\x14\xbe\xb7\x06\x94\x45\xc1\xa9\x13\xa7\xa8\xad\
\x65\x6f\x6f\x8f\x28\x89\xb8\x72\xed\x9a\x44\x6d\xb6\x66\x3c\x9e\
\x30\xcd\xa7\xd4\x4e\x52\x42\xd3\xa2\x64\x77\x7f\xc8\x64\x2a\xce\
\xbc\x5c\x92\x49\x70\x4a\x31\x1a\x4f\xe8\x76\x7b\x38\xf4\xac\x07\
\x9b\x03\x6a\x1f\x38\xf8\x95\xa3\xac\x2a\x8e\xce\xf7\x69\x85\x21\
\xb9\x1f\x91\xa9\x3d\x82\x2e\x26\xd6\xb7\xe3\xf2\xe7\x48\x1b\x09\
\x12\xb4\xf6\xf9\x5e\xc7\xa1\xe8\xd4\xfb\x7a\x5e\xd8\x1a\x73\xea\
\x1a\x53\xe6\x9d\x6a\xe1\x23\x4a\x70\x65\xb4\x46\x07\x01\xa5\xd6\
\x98\x38\xc1\xfa\x11\x4a\xbd\xc5\x45\xd2\x5e\x87\x37\xbf\xec\x16\
\x5c\x55\x7a\xdf\xcb\x07\x64\x26\x10\x80\xd7\x73\xf3\x84\xf7\x28\
\x6c\x90\x30\x30\x22\xc8\x9e\xf9\x62\xb4\xa1\xdb\xed\x32\x1e\x8d\
\x48\xe2\x48\x2c\x44\xd3\xe6\xc3\x07\x16\xa2\xc9\x04\x8a\x51\xbe\
\x6f\x8a\x36\x52\x96\x68\xab\x8a\x77\xbd\xed\x2d\xbc\xe6\x55\x0f\
\xf1\x53\xff\xf9\xbf\x52\x94\xa5\x68\xaf\x46\xc1\x88\xe4\x8a\xf2\
\x9b\xad\x82\x40\x45\x82\xdd\x89\x06\x75\x1e\xb7\x6c\x1a\x33\x5d\
\x27\x74\x7f\xfd\xc9\x4f\xf3\x89\x4f\x3e\xcc\x23\x8f\x3e\xc6\xb3\
\xcf\x3e\xcf\xe5\xcb\x57\xd9\xdd\xdd\x67\x92\x65\xd2\x9f\xc4\x57\
\x6f\x47\x41\xe8\xe9\xe9\xcd\xe9\x95\xea\x31\xd5\x00\xc3\x3e\x39\
\x6c\x9b\xc2\x16\x0f\x28\x46\x61\x48\x1c\x49\x9f\x32\xe7\x04\xca\
\x69\xc7\x29\xeb\x2b\xab\xe4\x79\xc1\xee\xfe\x80\x56\xbb\xc5\xde\
\xce\x1e\xad\x34\x25\x9b\x4c\x7d\x4e\xb0\xa4\xb6\x02\x43\x8c\xb2\
\x09\xfb\xa3\x11\x78\x8c\xd0\xf9\x59\x5b\xce\x49\x15\x58\x96\x65\
\x24\x71\x82\xf3\xcd\xa5\x05\x49\x6f\xd2\x45\x8d\x13\x0d\x55\x51\
\x70\x76\x7d\x89\xa2\x90\xdc\xa6\x94\x55\x8a\x86\xc6\xe1\x0b\x51\
\x64\x81\xb5\x27\x43\xd6\xb6\x46\x29\x49\x72\x37\xc2\x29\x59\x08\
\xf1\xfd\x6a\xaf\xd1\xf1\xc5\x3a\x8d\x30\xe2\xa0\xaa\x4b\x8c\x91\
\x59\xa8\x82\xbf\x09\x75\xac\xa8\x1d\x3a\x0c\x71\x4d\x0e\x5b\x6b\
\xe6\x8e\x1c\xe1\xb6\x53\xeb\xdc\xb4\xbe\x44\x55\xd7\x33\x56\x76\
\x14\x84\x54\x87\x38\x79\x78\x0a\x7c\xea\xeb\x2d\x22\x5f\x44\x15\
\x85\x21\x65\x59\xd0\xed\x74\xc9\xa6\x52\x40\x8e\x6f\xeb\x75\x80\
\x33\x4a\x11\x95\xf2\xd9\x1a\x21\x78\xca\x5a\xe6\xd3\x29\xef\x7a\
\xfb\x5b\x79\xdf\xfb\xbe\x8a\x1f\xfa\xe1\x9f\x60\x3c\xcd\xd0\x81\
\x68\x2e\x7f\x66\xbd\x6e\xf3\xa7\xeb\xd0\x25\x87\xd5\x97\x37\x78\
\x98\xa5\xb9\x9c\xb5\xd7\x57\xf8\x8f\x06\x23\x9e\x7a\xf6\x79\x9e\
\x7a\xfa\x59\x9e\xf4\x5f\x4f\x3d\xf3\x1c\xe7\x5f\xb8\xc0\xc5\x4b\
\x57\xb8\x72\x75\x93\x8d\xcd\x1d\xb6\x77\x77\xd9\xdf\x1f\x92\x4d\
\x73\x49\xb3\x94\x52\x1f\x2b\x4e\xad\x40\x0e\x0d\xa6\x23\x1b\x28\
\xa7\xa1\xdd\x6e\x93\xb6\x64\x96\xd5\x24\x9b\xe2\xac\xe3\xc4\xd1\
\x63\x2c\xcd\xcf\x53\x14\x39\x97\x2e\x5f\x65\x7e\x61\x9e\x67\x9e\
\x7d\x9e\xc5\x85\x39\xc6\x93\x09\xd7\xb6\xb6\x99\x4c\x33\x1c\x52\
\xc6\x56\x56\xbe\x5f\x06\x80\x12\xd3\xea\x3c\xb2\x3f\x9d\x66\xec\
\x0f\x87\x74\xdb\x5d\x39\x61\x0a\x6f\x50\xbc\xd9\x6c\x34\x8d\xd2\
\x64\x93\x11\x6f\x7e\xd9\xad\x3c\x7b\x65\x8b\xed\xbc\xf2\xdc\x3f\
\x21\x8c\x3a\xeb\x08\x42\xe9\xff\x7b\x98\xbc\x8a\x77\xb4\xcb\x4a\
\x72\x9d\x46\x7b\x32\xab\x7f\x46\x7b\xa8\xeb\xb9\x42\x7c\x5c\x85\
\x08\x6b\x3e\xcd\xe8\xf5\xe6\xd0\x5a\x22\xdd\xc0\x33\x56\xee\xbb\
\xfd\x06\x4e\x9d\x3e\x36\x4b\x3d\x82\x22\x4c\x53\xea\x3c\x47\x5b\
\xcb\x5f\x7d\xe1\x29\x5a\xad\x0e\xda\xfb\x81\xd3\x6c\x4a\x10\x04\
\x33\xad\xa4\xb5\x22\x34\x46\xcc\x7b\x43\x4f\x33\x9a\x69\x9e\x93\
\xc4\x31\x83\xc1\x90\x5e\xb7\x27\x33\x7b\x91\x88\x53\x6e\xac\xd1\
\x4f\xb2\x46\xd6\x3a\xc2\x38\x64\x38\x18\xf2\xca\x57\xdc\xcf\x37\
\x7e\xc3\xd7\xf2\x43\x3f\xf4\x63\x3c\xf2\x85\x27\xe8\xf5\xba\xd8\
\xba\x22\x08\xc2\x83\x67\x6e\x34\xdc\xcc\xa5\x12\x21\x73\x38\xca\
\x42\x04\x5d\x1b\x69\x83\xa6\x94\x22\x4e\x53\x39\x40\x7f\x53\xe8\
\x22\x13\x91\x4d\x73\x86\x23\x01\x66\xf7\xf6\x06\xec\xec\xee\xb3\
\xb5\xbd\xc7\xb5\xad\x6d\x36\x36\xb7\xb9\xb6\xb1\xc5\xb5\xcd\x1d\
\xb6\x77\xf6\xd8\xd9\xd9\x67\x67\x57\x5e\xb3\xbb\xbb\xcf\xde\xde\
\x80\xfd\xc1\x88\xfd\xc1\x88\xc1\x60\xc4\x60\x34\x26\x9f\xe6\x18\
\x25\xdd\x18\x13\xdf\x3d\x40\xda\xa9\x56\xcc\x75\x7b\xdc\x70\xe6\
\xac\x44\xa2\xe3\x29\x7b\x83\x01\x4a\x6b\x2e\x5e\xba\x2a\xad\xf3\
\xf7\xf6\xd8\xda\xdd\x3d\xe8\x35\xdc\x08\x9b\x37\x5d\xaa\x29\xe5\
\xb3\x82\xab\x8d\x47\x32\x4a\x3c\x4e\x92\xe6\x65\xa2\x0d\x7c\xf0\
\x63\xb4\xd4\x72\xd4\xd6\xa2\xaa\x9c\x77\x3f\x74\x2f\x9f\x7e\xea\
\x05\xc6\xd6\x61\x14\x28\xa5\xa5\x7e\xd7\x49\xb3\x69\x5b\x57\xe2\
\xa8\xfb\x3c\x2c\x4a\x68\x41\x95\x07\xa2\x8d\xa7\x82\xc9\x89\xf7\
\xb8\x94\xc6\x67\x60\x84\x71\xdc\x14\x4c\xd7\x65\x41\xbb\xd3\x9d\
\x55\x9d\x19\xa3\xd1\xce\x72\xff\x1d\x37\x70\xea\xd4\x71\x6c\xe5\
\xab\xc9\xbc\x80\xeb\x28\xa2\xed\x2c\x8f\x3d\xf5\x1c\xfb\x79\x45\
\x1c\x04\x84\x26\x20\x2f\x72\xe9\x8b\xa2\xc5\x1c\x4a\xf7\x27\xf1\
\x7f\xb3\xe9\x14\x13\x08\xd6\x56\x55\x15\x75\x5d\x32\x1a\x8d\x69\
\xb5\x3b\x38\x5f\x08\x1e\x84\xd2\xc8\xdc\x4b\xde\x4c\xdb\x55\xbe\
\x25\xd9\x43\xaf\x78\x80\xef\xfb\xbe\xef\xe6\x47\xff\xfd\x7f\xe4\
\xaf\x3e\xfe\x29\xd2\x34\x95\xfb\xf5\x2c\x6c\x63\xbc\x26\xf3\xc2\
\x24\x9b\x21\x19\x17\xe5\x0b\xcc\x6b\x5b\xa2\x51\x18\x13\x50\x57\
\xa5\xa4\x23\xd3\x16\xb8\x97\x28\xb6\x6e\x34\xd3\xcc\x48\xfb\x0c\
\x43\xed\x0b\xa1\x8b\xb2\x62\x9a\x97\x64\xd3\x29\xc3\xf1\x84\xdd\
\xfd\x01\x9b\x9b\x3b\x5c\xbe\xb2\xc9\x0b\x17\xaf\xf2\xfc\xf9\xcb\
\x3c\xfb\xfc\x45\x9e\x79\xee\x02\x4f\x3d\xfb\x02\x4f\x3d\x73\x9e\
\x67\x9e\xbf\xc8\xe6\x8e\x38\xfd\xd3\xb2\x62\x73\x7b\xc0\xee\xfe\
\x88\xd1\x24\x63\x7e\x6e\x5e\x34\x82\xd3\x52\xf1\x9e\x24\xec\xee\
\xee\x0b\xc1\x50\x0b\xa8\x5b\xd5\x52\x33\x59\xd7\x12\xd2\x5b\x4f\
\x48\xb0\x33\x64\xdf\xd7\x1d\xd8\x9a\x2c\x9f\x4a\xeb\x87\x86\x21\
\xe2\x81\x64\xc9\xa4\xf8\x0d\xf5\x51\xe8\xca\x5c\x97\xc5\xb9\x2e\
\xd3\xaa\x92\x43\xe1\x0b\x5d\x1c\x0e\xe7\x6a\x8c\x87\x83\xa2\x30\
\xf4\x6e\x83\x34\xc2\x71\xce\x8f\x95\xf7\x51\xad\x68\x52\x50\xda\
\x97\x3e\x2a\x11\xec\x30\xd0\x44\x81\x21\x50\x90\x84\x01\x2b\xfd\
\x8e\xf8\x13\x5e\xeb\x6b\xa4\x7d\xc6\x68\x32\x6d\xf6\xad\xb1\x5b\
\x02\x8a\x77\xdb\xf4\x16\xfa\xbc\xf3\x95\x2f\x63\x3a\x92\x00\x4a\
\xf0\x3e\x18\x8c\x86\xb4\x93\x18\xad\x04\x10\x97\xc0\x0e\x69\xcd\
\x95\x4d\xb1\x95\x60\x75\x65\x59\x11\x46\xa1\xb4\xd8\x37\x7a\x36\
\x22\xbe\x49\x53\xca\xa2\x88\x36\x1f\xec\xef\xf1\xca\x97\xdf\xcf\
\x77\x7f\xf7\x3f\xe0\xe7\x7e\xf6\x97\xf9\xe4\xa7\x3f\x4b\x92\xb6\
\x50\x28\xca\xa2\x20\x08\x03\x8a\xbc\xc9\x8a\x34\x02\x27\x97\xb0\
\x09\x65\x5f\x94\x92\x74\x9a\x09\xa5\x92\xae\xaa\x0f\x7a\x14\xa3\
\xf4\xf5\x42\x27\xdd\x75\x72\xca\x42\x86\x8c\x15\x7e\xf8\x46\xb3\
\x20\xca\x07\x01\xb2\x79\x22\xed\x0e\x11\x4c\x67\xa5\x52\xbf\xaa\
\x6a\x8a\xbc\x20\x9b\xe6\x64\x59\x41\x59\x4a\x7b\x0a\x6b\x35\x75\
\x0d\x93\xbc\x64\x7f\x3c\x25\xcb\x4b\x56\x96\x97\x66\xb9\xd2\xf1\
\x64\x42\xab\xdd\x66\x67\x77\x87\x28\x14\x12\x61\x96\xe5\xbe\xca\
\xeb\x20\xb9\xde\x7c\x89\x22\x17\x95\xce\xac\x15\x69\x4d\x18\x46\
\x42\x58\xd4\xe2\xf8\x1b\xdf\xea\x4b\x82\x1d\xe7\x35\x44\xc9\xe9\
\xf5\x35\xe2\x30\x62\x5a\xd4\x22\x50\x4a\x7c\x53\xe5\x9c\xdc\x93\
\x87\x0f\x1c\xbe\x0a\x0c\xdf\xf9\xc0\x18\x29\x6c\x6e\xa8\x5b\x4d\
\xb9\xa6\x5f\x1f\xed\x05\x52\x18\xd6\xe2\x73\x29\x1c\xfd\x38\x10\
\x07\xde\x6f\xba\x56\x8a\xba\x76\x0c\x47\x23\xbf\x92\x5e\xff\xf8\
\xcd\x54\x35\xb4\xe7\x17\xb8\xe3\xd4\x31\x6e\x5c\x5f\x66\x94\x65\
\xd4\xb5\xa5\xdb\x6a\xb1\x3f\xd8\x47\xa1\x85\x17\x58\x14\xbe\xdb\
\x96\x98\xfb\x34\x89\x18\x8f\x87\x84\x91\x44\xb6\x61\x10\x50\x55\
\x92\x71\x08\x8c\xa1\xc8\x73\x82\x40\x3a\x35\x81\xa4\xc3\x86\xfb\
\x03\xee\xbb\xe7\x6e\xbe\xf7\x7b\xbf\x97\xdf\xf9\xdd\x3f\xe4\xbf\
\xbd\xff\x37\x49\x93\x44\xf8\x8a\x4a\x91\x97\x25\x41\x60\x58\x5c\
\x98\xa3\xf6\x07\x07\xd1\x75\xe0\x40\x09\x66\xe3\x03\x2b\x79\xfe\
\xe6\xf3\xb4\x96\xc3\xef\xac\x3d\xe0\x2c\x1e\xbe\x6a\xe7\x05\xa7\
\xb6\x94\x95\x20\xca\x65\xe3\xab\xd9\xa6\x05\x84\x84\xd6\xcd\xc9\
\x13\x54\xdc\x23\xee\xfe\x46\x94\x5f\xd4\x38\x8a\x68\xb5\x52\xc2\
\x30\x24\x49\x12\x4c\x20\xfe\x86\x31\x86\xf9\x7e\x9f\x7e\xb7\x2b\
\xbe\x9d\x73\x4c\x33\xe1\x5c\x0d\x86\x23\x5a\x9d\x94\x69\x9e\x91\
\x97\x85\x68\xbb\x06\xdc\x74\x02\xbf\x88\x8f\xef\x85\x7e\x26\x88\
\x72\x2f\x8d\x96\x94\xfb\x10\x33\xe7\x6a\xcf\x00\xd6\x52\x60\xe3\
\xea\x9a\xd3\xab\xcb\x92\x4a\xf3\xa0\xaf\xd6\x8a\x38\x08\x09\x8d\
\x6f\x14\xd8\x98\xb9\x43\x66\x59\xfb\x4d\x8a\x43\x83\x51\x8a\xd0\
\x48\x40\x65\xbc\xa9\x4d\x42\x69\xf0\xa3\x9a\x9a\x5e\xad\x09\x8d\
\x54\x8d\x2d\xf6\x7b\x52\xa2\xe9\x8f\x6b\x63\xf2\x27\x53\xe9\x87\
\x27\x91\xa4\x13\xa8\xc9\x07\x3e\x71\xa7\x4d\xda\xed\xf0\x96\x07\
\xee\xa6\x9c\x66\x38\xa5\x88\x82\x80\x6e\xbb\xc5\x68\x34\x20\x89\
\x64\x4e\x6c\x43\x83\xd7\xc0\x7c\xaf\x47\xab\x95\x32\xcd\xa6\x44\
\xbe\x25\x88\x04\x23\x86\x30\x0c\xbd\xd9\x95\xae\xa0\x4a\x2b\x46\
\x83\x01\xf7\xdc\x7d\x27\xaf\xb8\xff\x01\x3e\xf4\x47\x7f\xc8\xaf\
\xfe\xea\xaf\xb1\xb2\xba\x42\x36\x2d\x08\x22\x21\x7b\x56\x55\xc9\
\xb7\x7f\xdb\xdf\xe7\xbd\xef\x7d\x37\x45\x21\x11\xf5\xe1\x4b\xe0\
\x12\x09\xa0\xd4\x6c\xc2\xb6\x10\x04\xa2\x30\x96\xe2\x84\x59\x50\
\xf6\x37\xae\xa4\x35\x4f\xdc\x9e\x23\x6a\xf5\x09\x93\x2e\x26\x6a\
\x63\xc2\x14\xab\x02\x6a\xa7\xbc\x40\x3a\x4a\x6b\xa9\xac\xef\x49\
\xd2\xd4\x13\x54\x95\xcc\x15\xf0\x91\x9d\xf2\x1c\xfe\x34\x6d\x11\
\xc7\x31\xdd\x5e\x47\x3a\x29\x69\xa9\xf5\xbc\xe1\xf4\x49\x2e\x5f\
\xbe\xcc\x60\x20\x7d\xcc\xa6\xd3\x0c\x5b\x57\xe0\xe9\xd4\xe3\xf1\
\x84\xc9\x74\x2a\x5c\xb2\x59\x43\xe9\x06\xa8\xf5\x51\xa8\x57\xdb\
\x0e\x1f\x51\x5a\x29\x52\x69\x5a\x63\x69\x3f\x21\xa6\xaa\x6b\x11\
\x12\x2d\x85\xe4\x91\x56\x1c\x5b\x9e\x07\xac\x68\x23\x6f\x76\x85\
\x5d\x2f\x1c\x32\xad\x24\x9d\xaa\xb5\x96\x2e\x98\x5e\x73\xe1\x29\
\xe7\xda\x0b\x56\xa0\x8d\xaf\xdd\xd5\xa4\x71\x84\x41\x11\x68\xa9\
\x25\x31\xde\xaf\xd3\x4a\x33\xdf\xef\x12\x07\xd2\x86\x4d\xf9\xa0\
\x20\x8a\x02\x86\xa3\xb1\x44\xba\x33\x81\x6b\xfe\x94\x67\x6b\x2d\
\x2d\x70\xdb\xc9\x35\x6e\x5c\x5f\xa1\x2c\xa5\xda\x6b\xa1\xd7\x67\
\x38\x1e\x61\xb4\xa6\x15\x27\x52\x73\x3a\xc3\xdd\xa0\x95\x24\xe4\
\xbe\xb9\xa3\x72\x60\x6d\x2d\x23\x37\x91\xbc\xf7\x34\xcb\x30\x9e\
\xa6\xf4\xe0\x83\x0f\xf0\x65\xef\x7e\x37\x9f\x7b\xec\x51\x7e\xe1\
\x17\x7e\x15\xad\x64\x64\xa9\x74\xa8\x92\xe6\x94\xdf\xfb\xdd\xdf\
\xc6\xd9\x33\x27\xf9\xc0\x07\x7e\x93\x38\x4d\x45\xbb\x35\x42\xa3\
\x0e\x98\xe1\x20\x70\x49\x13\x9d\xe3\xc4\xb2\x08\x2c\x20\xbe\xf4\
\x75\x42\x17\xa4\x3d\xa2\x64\x9e\x28\x9d\x27\x6e\x2d\x10\xb7\x17\
\x89\xda\x0b\x44\xad\x05\x82\xb4\x4f\x98\xce\x11\xa6\x3d\x82\xb8\
\x8b\x09\x3b\xa8\x20\x05\x9d\x80\x8e\x41\x47\x58\x27\x83\x79\xc5\
\xf3\x10\x0d\x10\xc5\x91\xb4\xc2\x77\xd2\x30\x30\x08\x0c\xad\x38\
\xe1\xdc\xe9\x93\x3c\xfd\xcc\x73\x68\x6d\xc8\xa6\x53\x6a\x6b\x99\
\x4e\xa7\xe4\xd3\x9c\xa2\x28\x18\x8d\x33\xa6\xd3\x9c\x38\x8c\x08\
\x8c\x2f\x33\x3c\x14\xa4\x3b\x9f\xdf\xcc\x0b\xc1\xeb\x84\xc4\x28\
\x9a\xd6\x59\x99\xcf\xa5\x8d\xa4\x89\x40\x20\x01\xf1\xdb\x0c\x9d\
\x24\x66\x7d\x71\x81\xc8\x8f\x33\x57\x3e\xf2\x14\xed\xed\x85\xba\
\x09\x12\xfc\x89\x35\xbe\x28\x5c\xfb\xe9\x3b\x5a\x8b\x39\x15\xd3\
\x26\xd8\x58\xa0\x95\x74\xc7\xf4\x99\x07\xed\x7f\xa6\x8d\xa6\xd3\
\x8a\x49\x22\x71\xfa\x03\x63\x48\xa2\x90\x38\x0a\xd9\xd9\x1f\x78\
\xee\x99\x68\x6e\x39\x54\x8d\xad\x85\xb4\xdf\x25\x6e\xc5\xbc\xe5\
\xc1\x3b\x29\xf3\x02\x6d\x0c\x49\x1c\xb3\xd4\x4e\xa9\x72\x29\xd8\
\x0e\x43\xe9\x9b\xa7\xb5\xa2\xf6\x99\x05\x29\xda\x91\x54\x55\x5d\
\x96\x92\x15\xf1\x45\x37\x75\x5d\x52\x14\x39\x61\x18\x72\xed\xda\
\x16\x9f\xfa\xe4\xa7\xf8\xb3\x8f\x7c\x8c\xa8\xdd\xa1\xb2\x50\xda\
\x1a\x13\x84\x4c\xb3\x09\x5f\xfd\x55\xef\xe1\xf5\xaf\x7b\x35\xff\
\xea\x5f\xff\x30\x17\x2e\x5f\x9d\xcd\xd1\xa0\xf1\xe5\x7c\x21\x96\
\x98\x5a\xbf\x47\xfe\xc0\x3b\x67\x67\xbe\xf5\x81\x54\xfc\x8d\x4b\
\x99\x00\x15\x44\x68\x1d\xa1\x4c\x84\x31\x31\x26\x48\x09\xc2\x16\
\x61\xd4\x25\x88\x3b\x84\x49\x4f\x84\xaf\x35\x47\xd4\x5e\x20\xee\
\xcc\x13\xb6\x17\x08\xdb\x0b\x44\xad\x79\x4c\x10\x7b\x1b\x2f\x0b\
\x67\x94\x46\xfb\x3e\xc4\xb2\x39\x9a\x93\x47\x57\xd1\xca\x31\x19\
\x67\xb4\xdb\x09\x45\x91\x13\x18\xc5\x78\x34\x22\xcb\xa7\x54\x75\
\xc9\x24\xcb\xc8\x8b\x9c\xd0\x88\x2f\xd6\x00\x93\x34\x5a\xce\x39\
\x9f\x44\x17\xbf\xa9\xae\x84\xd8\xa9\xb5\x50\x6b\x40\x4e\x9c\xab\
\x2b\xa9\x3c\xf3\x92\x6a\x9d\xa5\xd7\x8a\x59\x98\xeb\xa1\xe3\x08\
\x57\xfb\xf4\x8e\xff\x92\x79\xb3\x5d\xb0\x82\xce\x8b\x3f\xd8\x0c\
\xcf\x35\x44\x26\x24\x2f\x25\xe1\xaf\x3c\x44\x11\xf8\xe7\x52\x08\
\x96\xd6\x60\x79\x66\xd6\x6e\x43\x11\x45\x01\xbd\xb6\x34\xf6\x0e\
\x02\x43\x12\x06\xa4\x71\xc4\x78\x32\xa5\x9a\x6d\x22\x52\xb4\xe4\
\xff\x8e\x52\x38\xa7\x68\x2f\x2e\x72\xdb\xc9\x23\xdc\x70\x7c\x95\
\xca\x09\x45\xeb\x86\xd3\x27\x38\xb9\x32\x2f\x29\xaf\x30\xf4\x54\
\x78\x49\xba\x47\x61\x40\x1c\x86\xa2\xe1\x7d\xff\x66\x67\x45\x00\
\xc4\x05\x09\xa8\x8a\x02\xa5\x14\xdb\xbb\x3b\xfc\xe9\x9f\x7f\x18\
\x63\x0c\xd9\x64\x42\x14\x05\x14\xd3\x82\xd1\x70\x9f\xaf\xfe\xea\
\x77\xf3\x9e\xf7\xbc\x93\x1f\xfe\x77\x3f\xce\xb3\xcf\x9e\xa7\xdb\
\xee\x78\xb8\xea\x90\xa0\xcd\x2e\xc9\x59\xcb\xa1\x6f\x84\x4f\x7c\
\x4d\xe7\x7b\x42\x7b\x6e\xf5\x8b\x2f\x39\x6b\xcc\x4e\x05\x87\x03\
\x07\x2d\x95\xff\xa8\xc0\xb7\x72\x0d\x51\x26\x44\x9b\x84\x20\x4c\
\x31\x61\x8a\x89\x62\xc9\xcd\x35\x3b\xe8\x47\x39\xad\xac\x2c\x11\
\x86\x92\x02\x0a\x03\xc3\xd9\x53\x27\xf8\xe2\x93\xcf\x10\x84\x32\
\x33\x21\x9f\x4e\x09\xc3\x88\xe1\x68\x24\x1b\x6d\x25\xb1\x5f\x14\
\x85\x9c\x58\x2b\x27\x0a\xc4\xdf\x91\xcd\x71\xcd\xdd\x62\x1a\x62\
\xa8\x6f\x65\x2a\x01\x84\x08\x83\xf3\x1d\x27\x15\x62\xf2\xea\xaa\
\x60\xa9\xd3\xa2\xd3\xeb\x52\x69\x29\x07\xd4\xbe\x8e\x03\xa5\x08\
\x4d\xc0\x42\xaf\x87\x6a\x7a\x8f\x38\x01\x80\xb5\xc8\x00\xca\x03\
\xe2\x69\x12\xe3\xea\x8a\x50\x41\xa0\x10\x27\xd9\xfb\x5c\x81\x16\
\x3f\xce\x78\xd2\x63\x18\x18\xa2\x28\xe4\xe8\xd2\x1c\xca\x49\x93\
\x9e\x30\x0c\x48\x82\x48\x8a\x80\xaa\x72\x46\xea\x6d\xfe\xc4\x47\
\xb1\xae\xb6\xb4\xba\x5d\xe2\x56\xc2\x3b\x1e\xba\x0f\x6d\xa5\x16\
\x78\x6b\x30\xe2\xd6\xb3\xa7\xa8\xa7\x13\x69\x7b\xa1\xf0\xbc\x37\
\x69\x28\x99\xfa\x2e\xf9\x65\xd3\xa2\xad\x12\x3f\xce\x5a\x2b\x29\
\xa9\x99\xbb\x22\xe6\xaf\xdd\x69\x31\x99\x8c\xb0\xae\x22\xcb\x06\
\xbc\xf3\x1d\x6f\xe4\xeb\xbf\xfe\x7d\xfc\x97\x9f\xfa\x39\x3e\xf9\
\xf0\xe7\xe8\x74\x3b\x28\x2d\xc0\x32\x1c\x4a\xee\x7b\x51\x99\xc9\
\x9f\x52\x38\x8f\x79\x82\x77\x71\x1a\x37\x48\x20\x93\xe6\x88\xcb\
\x15\x85\x5d\xa2\xa8\x43\x14\x77\x89\xd2\x2e\x61\xd2\xc1\x84\x2d\
\x4c\x18\x63\x02\x69\x7e\xac\x8d\xcc\x15\x38\xd0\x36\x4e\xa2\x16\
\xe7\xcb\xdc\x44\x6a\x25\xaa\xf3\xa8\x3b\xbe\x5e\xd6\x18\x4d\x2b\
\x8d\x99\x5f\x98\xe3\x33\x9f\x79\x94\xf9\xb9\x39\xaa\xb2\x62\x38\
\x1c\x13\x45\x22\x74\xc6\x68\x1c\xd6\x83\xc7\x92\xea\xa9\x2b\x29\
\x64\x81\x17\x13\x21\x1b\x5e\x9c\xd0\x73\x04\x3b\x73\xde\xc7\x33\
\x5a\x11\x18\x61\x66\x84\x61\x88\xf2\x41\x80\x72\x96\xe3\x4b\xf3\
\xa4\xdd\xb6\x80\xa5\x5a\x11\x04\x42\x5e\x0c\xfc\x28\xf0\x56\xda\
\x0c\x58\x51\x48\x5f\x54\x4f\xeb\x51\xe2\xd7\x45\x61\x80\x01\x6c\
\xe5\xdb\x31\x28\xf1\x15\x95\xaf\x50\x93\x66\xde\x92\xe5\x08\xb4\
\x21\x0c\x02\x02\xe7\x58\x5f\xec\x7b\xc8\x45\xa3\xb5\x50\xd2\x47\
\x93\xcc\x9b\x4d\xa9\xae\xd2\x80\x76\x0e\x6d\x6b\xa8\x2b\x54\x5d\
\x82\xb3\xf4\x57\x56\x38\xbe\x32\xcf\x5d\x37\x9d\xc6\xd9\x9a\xda\
\x09\x4d\xff\xce\x33\xc7\x18\x0d\x86\x84\x46\x4b\xb7\x25\x1c\x65\
\x55\x91\x44\x11\x69\x12\x33\xcd\xa6\xb3\x22\x1c\xa3\x0d\x0e\x89\
\xf2\xb5\x11\xd2\x85\x2f\x42\xc0\xd6\x8e\x6e\xa7\xc3\xfe\xde\x2e\
\x0f\xdc\x77\x2f\x6f\x7b\xdb\xdb\xf8\xd9\xff\xfa\x4b\xfc\xfe\x1f\
\xfc\x31\x8b\x0b\x0b\xe0\x9b\xf9\xc8\xc1\x97\xc3\xaf\x94\xf2\x43\
\x8f\x85\xda\x26\x27\xc5\x07\x7a\xde\x0f\x57\x9e\xc8\xdb\x64\x41\
\x0e\x69\x3a\x79\xb3\xf9\xfe\x29\xfa\xfd\x93\xf4\x56\xce\x30\x77\
\xe2\x26\xe6\x8e\xdf\x48\x77\xf5\x04\xad\xf9\x75\x5a\xf3\x6b\xb4\
\xe7\xd7\xe8\x2e\xac\x91\xf6\x16\x51\x46\xfc\x34\xf9\x55\x9f\x79\
\x70\xd2\x5d\xbd\x89\x54\x4c\x60\x3c\x67\x2d\xf3\xb1\xad\x34\x3b\
\xdc\xd9\xdb\x63\x32\xc9\x99\x9f\x9b\x23\x2f\x2b\xc6\xe3\x09\x4a\
\x69\x46\xc3\x09\x41\x20\xf4\xf2\x69\x21\xed\xaa\xac\xb3\xd4\x1e\
\x9f\x7a\x31\x6c\xe2\x73\x88\x5e\xc0\x6b\x1f\xa1\x5a\x5f\xbd\x24\
\x10\x89\x68\x51\x59\x21\x1f\x4d\xa1\x58\x9b\xeb\x12\xa6\x29\x78\
\x3f\x2d\x0a\x05\x69\x97\xae\x47\x8a\xc5\x7e\xdb\x2f\x96\x7c\xbe\
\xb5\xb5\xcc\x9f\xf0\x4c\x14\x63\x34\x65\x25\xb9\xd4\x26\x4d\xa5\
\xf4\x41\xf7\x25\x09\x18\x98\x05\x18\x61\x18\x60\x81\xb5\xd5\x25\
\xb0\x42\xfd\x56\x68\xc2\x30\xa4\xac\x2c\xa5\x75\x94\xc6\x90\xd5\
\x35\xa3\xa2\x64\x90\xe7\x8c\xcb\x82\xc2\x17\xdb\x38\x14\xad\xf9\
\x05\xe6\x8f\x2c\xf3\xd6\xd7\x3c\xc8\x7c\xbf\x8d\x31\x21\x8f\x3c\
\x73\x9e\xb7\xbf\xf1\x55\x74\x8c\x2f\x0a\xc7\x91\x17\xa5\x74\x63\
\xaf\x2a\xfa\xed\xb6\x64\x2b\x7c\xf1\x8e\x41\xfc\xda\xb2\x94\x83\
\x58\x39\x3b\x5b\x03\x14\x64\xd9\x94\x37\xbc\xfe\x35\xfc\xc3\xef\
\xfa\x4e\x7e\xed\x57\x7f\x9d\xff\xfe\x3f\x7e\x8f\x4e\xa7\x03\x08\
\x6d\xad\x09\x16\x14\x4d\xfe\xd6\x07\x3e\x0a\x6f\xe1\xc4\x7d\x11\
\x61\xf0\xea\xcc\x6b\x3c\xe5\x31\xd6\xeb\xcc\x6b\x62\x22\x42\x1b\
\x62\x08\x51\x41\x80\x8a\x42\x54\x14\xc9\x57\x98\x10\xb6\x7a\xa4\
\xfd\x05\xa2\x76\x0f\x13\xc6\x07\x3a\xd5\x63\x54\x5e\xfd\x89\x96\
\x68\xf0\x2b\xe7\x88\xc2\x00\x5b\x49\x71\xc6\xf2\xc2\x02\x4f\x3e\
\xf9\x2c\x4b\x8b\x4b\x33\x7f\xa3\xaa\xa4\x98\x26\x2f\x0a\x02\x23\
\xed\xeb\xcb\xa2\x12\x98\xc3\xe7\x24\x41\x78\x5b\x0e\xaf\x61\xbd\
\x09\x6d\xa2\x24\x5b\xd7\xe2\x3f\xe0\x7c\xab\x59\x39\x5d\xd0\xf4\
\x4b\x41\xb2\x22\xa1\x61\x65\x71\x0e\x13\x45\xa0\x25\x30\x08\xbc\
\xef\x65\xfc\xdf\x57\xfb\x3d\x02\x4f\x9a\x34\x5a\x53\xe6\x02\xd9\
\x28\x90\x8d\x6b\x00\xe0\x30\xa4\xaa\x3c\x4e\xe6\xd3\x64\x81\x51\
\x44\x81\xe0\x53\x46\x6b\xa2\x40\x60\x13\x4c\xc0\xd2\xca\x12\x78\
\x74\x7f\x92\x65\x4c\x26\x63\x32\xeb\xf8\xc9\x5f\xf8\x20\x3f\xf4\
\x13\x3f\xcf\x0f\xfe\xc4\x2f\xf0\x6f\xff\xc3\x2f\xf1\x83\xff\xf1\
\x97\xf9\xdf\x7e\xf2\xfd\xfc\xfb\x9f\xfd\x0d\x7e\xec\x17\x7f\x8b\
\xff\xf0\xcb\xbf\xcd\x4f\xfe\xca\x6f\xf1\xdb\x1f\xf9\x34\x1f\xfd\
\xcc\x17\x18\x4f\x72\x46\xd9\x84\xf3\x57\xb7\xf8\xf4\x63\x8f\xf3\
\xb6\xd7\xdc\xcf\x60\x67\x97\x24\x0d\x7d\x8f\xe4\xa6\xdf\x71\xc8\
\xf2\xc2\x22\xda\x93\x27\x1b\x9f\x1a\x5f\x35\x96\x24\x29\xb5\xbf\
\x9f\x3c\x9b\x72\xe3\xb9\x73\x7c\xeb\x37\x7d\x23\x9f\x79\xf8\xb3\
\xfc\xe9\x9f\x7d\x84\x38\x92\xde\xc8\xce\x37\xdd\x09\x9a\x36\x68\
\x8d\x2c\x29\x01\xe7\x1b\xca\xbb\xb8\x5f\x1a\xbc\x3f\x2d\xf3\xd9\
\xbc\x5f\xad\xc4\x43\xba\x4e\xe8\xa6\xe3\x3d\xaa\xe9\x00\x9b\x0f\
\xc8\x27\xdb\x8c\xf6\xae\x32\xd9\xdf\x64\x3a\xd8\x26\xdb\xdb\x64\
\xbc\xbb\xc1\x64\x6f\x8b\x7c\x32\xc4\x56\xa2\xca\x0f\x84\xcd\x6b\
\x3c\x1a\x1f\x50\x6e\x2a\x8c\xc4\xc7\xb1\x9e\x30\xd8\xed\x76\xb9\
\x74\xf1\x0a\x8b\x0b\x73\x54\x55\x45\x51\x48\x4d\x27\xe0\x59\xb8\
\x48\xe3\xe5\x52\x12\xe4\x81\xe7\xf5\x35\x97\xc3\x3b\x9a\x5e\xc5\
\x37\x3f\xb2\x9e\x18\x89\x4f\x7b\x69\xe4\xf3\xc5\xa1\x17\xf3\x1e\
\x05\x21\x71\x60\x98\x5f\x98\x43\x07\xd2\xec\x26\x8c\x22\x94\xc7\
\xda\x1a\x86\x74\xbf\x2b\x73\xd1\xc2\x30\x94\x59\x63\x4e\xa0\x00\
\x71\x19\x24\x62\x0d\x04\x3f\x91\x36\x63\x95\x0c\x08\x11\xf7\x48\
\x13\x87\x01\x81\x91\x5e\x1e\x46\x1b\x42\x13\x90\x4d\x0a\xae\x5e\
\xda\x24\x2f\x65\xb4\x78\x18\x18\x92\x24\xa1\x2a\x6b\xda\xed\x94\
\x87\x1e\xb8\x9d\xb7\xbc\xfa\x3e\xbe\xfc\xcd\xaf\xe4\xab\xde\xf1\
\x6a\xde\xf7\xae\xd7\xf1\xd5\xef\x78\x2d\x5f\xfe\xd6\x57\xf3\x8e\
\x37\x3d\xc4\x6b\x5f\xfd\x20\xf7\xdd\x7f\x0f\x47\x8f\xae\xf1\xca\
\xfb\xef\x20\x8d\x03\x16\xe6\x7b\xfc\xe9\x47\x3e\xc9\xce\xe6\x0e\
\xed\x40\xb1\xb9\xb1\x45\x3e\x9d\x52\x96\x53\x82\xc0\x30\x9e\x8c\
\x99\x9b\x9f\xa3\xdf\xed\x11\x04\xa1\xb8\x19\x3e\x35\xa7\x95\x22\
\x8e\x65\xa6\x47\x91\x17\x9c\x3e\x79\x8c\xef\xf9\xae\x6f\xe3\x53\
\x9f\xfc\x0c\xff\xe9\xbf\xfc\x0c\x49\x9a\x92\x65\x13\x9c\x42\xa0\
\x1a\xef\x9e\x38\xef\x76\xe8\x19\x39\x17\x1f\xd0\x35\xbe\xb1\x7c\
\xc7\x79\x33\xab\x95\xe4\xbc\x2b\x3f\x6d\xf1\x3a\xa1\x9b\xe4\xfb\
\xe4\x36\x43\xb5\x35\xc9\x7c\x8c\x4e\xc1\x84\x96\x80\x12\x8a\x09\
\xd5\x64\x40\x36\xd8\x21\x1f\xed\x51\x57\x85\x17\x2c\x01\x51\x45\
\xfa\xf0\xf6\xd6\x0b\x9e\x52\x24\x69\x8a\xf1\x83\x8b\x5b\xad\x94\
\xb2\xaa\x99\x16\x96\x38\x49\xc8\xb2\x29\x45\x55\x10\x46\x21\x45\
\x59\x52\x56\xd2\xd4\x70\x9c\x4d\x3d\xf7\x4d\x84\x4a\x29\x71\xaa\
\x51\x78\x10\x58\xa2\xbc\x19\x63\x42\xac\x27\x0a\x09\x30\x24\x92\
\x04\x03\x24\xa1\x26\xd0\x22\xf8\x81\x0e\xe8\x44\x11\xf3\xf3\xf3\
\x60\x0c\x61\x9c\x90\xa4\xc9\xcc\x57\xd3\x7e\xfc\x64\xaf\x9d\x1e\
\xa4\xc1\x8c\x44\x82\xcd\x82\x0a\x5e\x27\x49\x76\xc9\x3c\x68\xca\
\x4a\x84\x4b\xf0\x29\x31\x61\x71\x28\xcc\x8f\x86\xce\xe4\xea\x9a\
\x1b\xce\x9e\x62\x79\xae\x47\x2b\x4d\x98\xeb\x76\xe9\xb5\x53\x56\
\xe6\xfb\xdc\x7f\xcf\x6d\xbc\xe9\xd5\x0f\xf0\xaa\x7b\x6f\xe1\xfe\
\x5b\x4f\x71\xd7\xd9\x63\xdc\x78\x6c\x95\x33\x6b\x2b\x9c\x3b\xba\
\xc6\x4d\xc7\xd7\xb9\xf5\xd4\x31\xee\x3a\x73\x82\x37\x7c\xc9\x7d\
\x7c\xc9\x7d\x77\x70\xff\x5d\xb7\xd1\x4e\x12\xba\xfd\x3e\xb7\xdd\
\x7a\x23\xdf\xfc\xb7\xdf\xca\x7a\xaf\xcd\x7c\x37\xa5\x18\x4f\x71\
\xce\x52\x55\x35\x7b\xbb\xbb\xf4\xfa\x1d\x8c\x91\x43\x14\xf8\x5c\
\x6d\xe3\x3e\x28\xa0\xdb\x49\x79\xcb\x1b\x5e\xcf\xc5\x8b\x97\xf8\
\xb1\xff\xf0\x9f\xa5\x65\x6e\x9a\x78\x5c\x50\x9a\xe0\x34\xa6\xb2\
\x31\xa7\x4a\xf9\x7c\x9e\x8f\x64\x91\x33\x3e\xd3\x84\x12\xa8\x88\
\x38\x08\x97\x4e\xcc\xd4\x75\x42\x57\xbb\x12\x17\x58\x4c\x37\x26\
\x99\x6f\x11\xcf\xb5\x09\xba\x29\x3a\x36\xc2\x85\x33\x60\x42\x01\
\x4b\x65\x07\xbc\x59\xf5\x82\x26\xc1\x84\xf7\xb7\xbc\xaf\x55\x55\
\x25\xca\x88\x56\x58\x98\x9f\x93\xfe\xb8\x71\x4c\xe0\x60\xb0\xb7\
\x2f\x15\xe6\x51\x40\x9e\xe7\x3e\xca\xa9\xc9\xa6\x53\xca\xb2\x92\
\xc0\x40\x9e\xb6\xd1\xe7\x07\x81\xb5\x51\xde\xbf\x10\xf3\x29\x11\
\xb3\xdc\x8b\x91\xe3\x86\xb2\x96\x93\x6b\x2b\x18\x2d\xc1\x06\x38\
\x96\xe7\xfb\xcc\xcf\xcf\xe3\x7c\x31\x73\x60\x64\x5a\x8d\x1c\x1c\
\x8d\x55\x96\x56\x1a\x11\x6a\x9f\x0c\x57\x4a\xcc\xaf\x3f\x57\xc6\
\xe3\x6c\xb3\xba\x54\x64\xb5\xb5\xd7\x82\x0a\x01\x54\x9b\xf5\x90\
\xd3\x0e\x49\x1a\xb3\xb2\xd0\x65\x7d\x71\x0e\xa5\x7c\x37\x27\xcf\
\x65\xdb\xdb\xde\xa5\x9e\x16\x94\x79\x49\x55\xca\xfc\x54\x6b\xe5\
\xe9\x6a\xa0\x42\x51\x5b\xe9\x79\x1c\x27\x09\x65\x5e\xf0\xba\x57\
\xde\x4b\xa4\xa1\xd6\x9a\x4f\x7e\xe1\x19\xe6\x5b\x29\x2f\xbb\xe9\
\x04\x2e\xaf\x39\x79\x6c\x19\x6a\xcb\xe2\xa2\x58\x93\x6c\x92\x51\
\x16\x05\xe3\xf1\x50\xaa\xb2\x64\x75\x50\xce\x62\x94\x8c\x46\x78\
\xfc\xa9\xa7\xf8\xd7\xff\xe6\x7f\xc3\x44\x32\xea\xd4\x56\x42\xfe\
\x2c\x2b\x19\x3d\x2a\xbe\x8d\xf5\x60\x77\x93\x83\xf6\x95\x7e\x8d\
\xc2\xf1\x09\x7f\xbc\x12\xf0\x61\x26\x5a\x49\xb7\x01\xd4\x4b\x09\
\x1d\x0e\x67\x14\x26\x0a\xa4\xe5\xa9\xd2\x52\x37\xa9\xb5\xa7\x9e\
\x6b\x99\xa8\xe3\xe7\x5e\x49\xd4\x2a\x1f\x38\x73\xee\xfd\xe6\x7b\
\xa4\x86\x6e\xb7\x33\x03\x54\xe7\xfa\x7d\x36\x37\xb7\x48\x62\x61\
\xb3\x9c\xbf\x70\x81\xba\x16\xdf\x63\x38\xf1\x8d\x6d\x6a\x2b\x35\
\x9b\xce\x11\x27\x89\x24\x8b\x3d\xd5\x7b\xa6\x4b\xbd\x20\x36\xe6\
\x55\x89\x4c\xc3\x0c\x37\x93\x85\x50\xce\x31\xef\xa7\x41\x2b\x2d\
\xff\x5e\x99\xef\x12\x25\x21\x16\x08\x43\x31\xb7\x34\xad\x4f\x1d\
\xd4\xb5\xa3\x95\xa6\xb4\x92\x50\x86\x71\xd4\x25\xe3\xd1\x88\x50\
\x07\xc2\x9c\xd0\x1a\xa3\xe4\xf4\x1a\x2d\x84\x00\x10\xc1\x12\x46\
\x8a\x10\x02\xaa\xba\x42\xfb\x08\x2e\xf0\x63\x46\x03\xa3\x59\xea\
\x77\x67\x7e\x90\xf5\xe5\x7c\x83\xbd\x3d\x5c\x55\x80\xad\x0e\x2a\
\xcb\xbc\x1f\x88\x16\x56\x87\xb0\x69\x6a\x54\x6d\x59\x59\x5e\x42\
\x57\x39\xaf\x7a\xf0\x6e\xa6\x93\x31\xcf\x5e\xbc\x4c\xb0\xb4\xc6\
\xed\x37\x9c\x26\x31\x30\x18\x64\xac\x2d\xcd\x33\xcd\x72\x96\x57\
\x17\x71\x4a\x38\x76\xab\x8b\xf3\x84\xaa\x21\x2b\x08\xbb\x04\xe7\
\x08\xe3\x80\x4f\x7e\xf2\x61\x4a\x5b\x31\x19\x4d\x48\xd2\x84\xd1\
\x70\x44\x9c\xc4\xb2\xde\x75\xe5\x8b\xc6\x9b\xac\x87\xcf\x36\xf8\
\x21\x74\x8d\x10\x2a\x1f\x2c\x38\x67\xfd\xf4\x23\xd9\x13\xe5\x47\
\xb8\xab\x97\x4a\x83\xd5\x38\x6a\xe5\x28\xf3\x9c\xe9\xde\x88\x72\
\x7f\x4c\x3d\x91\x91\xd9\xce\xb3\x22\xaa\x4a\xa6\xa2\xbc\xa8\xe7\
\x9c\x88\x80\x20\xcf\x3e\xaa\xd4\x3e\x3b\x10\x47\x31\x46\x0b\xae\
\x55\x14\x25\xd7\x36\xb7\x08\x02\x4d\x56\x66\x54\xbe\xa6\x52\x39\
\xc5\x68\x38\x96\x68\xd1\x4a\xc8\xaf\xfd\xf4\x96\xc6\x84\xce\x94\
\xa9\x27\x6f\x4a\x8b\x78\x79\x20\xdd\x68\x5c\x2d\x0d\x05\x8d\x11\
\x4d\x6c\x8c\x66\xbe\xd7\x91\x93\x87\x43\xd5\x96\x5e\x3b\x21\x88\
\x23\xc2\x56\x8b\xf6\xfc\x1c\x49\x22\x9d\x2b\x8b\x3c\x27\xcf\x26\
\xe4\xf9\x94\x9d\xd1\x64\x36\xa2\xa9\x99\x2e\x83\x0f\x8e\x94\x96\
\x0c\x43\x18\x08\x5e\x29\xcd\xac\x43\xf2\xb2\x90\x94\x5b\x25\xd1\
\x6c\xa0\x0d\x49\x2c\xef\x1d\x06\x81\x7f\x1f\x38\xb2\xd0\x93\xe6\
\x88\x48\x6d\x48\x60\x34\x93\xd1\x58\x08\x92\x0d\x2c\xd3\x74\x38\
\xd5\xa2\x7d\xe5\x80\x23\xeb\x5b\x55\xf4\xdb\x29\xe5\x24\xe3\x8e\
\x9b\xcf\x30\xdf\x6d\x71\x65\x63\x8b\x27\x2e\x5c\xe4\xdc\xd9\x33\
\xbc\xeb\x35\xf7\x52\x97\x05\x59\x51\xd2\x6a\xc7\x64\x59\x46\xa7\
\x93\x52\x14\x25\x51\x18\xd2\xed\x48\xef\x18\xe3\xb5\x8e\x42\x3e\
\xb3\x29\xe6\x01\x47\x96\x4d\x30\xa1\x61\x3c\x1a\xfb\xca\x32\x47\
\x9e\x8b\x86\x6c\xcc\x6b\x23\x64\xb8\xc6\xc6\x78\xff\xde\x8a\x06\
\xb7\x3e\x0b\x24\xaf\x6f\xca\x11\x5f\xc2\xa7\xb3\xae\xa6\xcc\xa7\
\x0c\xaf\x6c\x31\xb8\xb0\x41\xb5\x3d\xa6\xd8\x9f\x60\x0b\xdf\x7f\
\x76\x36\xe1\x50\x4a\xdb\xe4\xb3\x44\xa3\x29\xa4\xeb\x9f\x14\xbe\
\x34\xdd\x8d\x64\x18\x07\x16\xfa\xdd\x0e\x57\xae\x5e\xc1\x68\x29\
\xf7\x8b\xb4\xe1\xd8\xda\x8a\x4c\x8c\x51\x8e\xf1\x78\x82\x31\x86\
\xbc\x2c\xa8\xfd\x2c\x09\xe3\x31\x3e\x79\x77\x0f\x64\x22\xbe\x44\
\xd3\x44\x47\x30\x2f\x11\x04\x33\xeb\x34\x29\x5a\x39\x0c\x0c\xdd\
\x76\x6b\x56\x8b\xa9\xb5\x63\x6e\x61\x9e\x8b\x1b\xdb\xfc\xe1\x1f\
\xfd\x19\xff\xc7\x4f\xff\x02\x8f\x3d\xfd\x14\xbb\x3b\xdb\x62\x3e\
\x7c\x0f\xba\x8b\x97\x37\x30\x46\xf2\xb6\x61\x10\x12\x46\x21\xb5\
\x93\xd6\xfe\x62\x46\x03\x01\x7e\x7d\x4e\xd6\x28\x4d\x9a\xa6\x94\
\x55\x45\x51\x4a\x49\x64\x1a\x05\xb4\xd3\x08\x5b\x55\x04\x4a\x7a\
\xd1\x59\xe7\x58\x9d\xef\xd0\x8b\x23\xb4\xb5\x18\x57\x93\x84\x01\
\xd3\x6c\x42\x91\x4d\x28\xc7\x13\xa6\xc3\x21\x93\xc1\x3e\xd9\x70\
\x48\x91\x4d\x66\x3e\x12\x7e\x7d\xb1\x35\xae\x2a\x39\x76\xfc\x28\
\xa3\xad\x2d\xbe\xf4\x4d\xaf\xc2\x3a\xcb\x47\xfe\xe2\xa3\x80\xe6\
\x81\x5b\x6f\xe4\x3b\xbf\xe6\xdd\xd8\x22\x13\x21\xb6\x8e\x6c\x9c\
\x51\xbb\x4a\xfc\x50\xa5\x09\xc2\xc8\xfb\xa4\xe2\x73\xd6\x65\x4d\
\x9a\xb6\x48\xd3\x16\x51\x14\x51\x57\x25\xd3\x6c\x42\x6d\x2b\x86\
\xa3\x11\x51\x1c\x93\xe7\x39\xf8\x9a\x60\xad\xa4\x20\x07\x0e\x59\
\x1a\x65\x50\x5a\x20\x2b\xeb\x14\xda\x44\xe2\xae\x34\xca\xc9\x0b\
\xf7\x75\x42\xe7\x6c\x45\x55\xe4\x4c\x07\x43\xca\xc1\x18\x97\x4d\
\xa1\x94\xa2\xe7\x03\xbf\xb1\x41\xdc\x0e\x8e\x8a\xf2\x82\x21\x73\
\x24\x84\x16\x6e\x3d\xa5\xda\x18\x99\x6a\xd8\x4e\x52\xa6\xa3\x31\
\x49\x14\x62\xab\x9a\xb5\xd5\x25\xe6\x7b\x1d\xc6\xe3\x31\x4e\xf9\
\x62\x1c\x0d\xa3\xf1\x44\x8a\x5d\x5c\xe5\xd9\x22\xfe\xd3\xfc\x89\
\x97\xef\x88\x00\xda\x06\x23\x43\x48\x02\x5a\x29\xc2\x20\xf4\x1a\
\x03\x82\x30\xa4\xdf\xef\x21\x2e\xa5\x65\x6b\x77\x97\x3f\xf8\xc8\
\x27\xf8\xd9\x5f\xf9\x2d\x1e\x7b\xf4\x09\xd6\x96\x56\xb8\xe7\xf6\
\x5b\x99\xef\x75\x99\xef\xf5\x99\xeb\xf5\x59\x59\x58\xe2\x65\x77\
\xdc\xc2\x6b\x5f\x7e\xaf\x24\xef\x8d\xa2\xdd\x12\x22\x63\xe8\x9f\
\xc5\x18\x9f\xcc\xf7\x49\x74\xad\x15\x81\x52\xf4\x3a\x29\x55\x59\
\xe1\xaa\x0a\xa3\x9c\xe0\x75\x4a\x36\xca\x04\x11\x56\x1b\xd2\x34\
\x66\xa1\xdf\x46\xea\x08\xa0\xdd\x8a\x99\x4c\x26\x5c\x7d\xfe\x05\
\x46\xbb\x7b\xc2\xe2\x08\x22\x82\x76\x9b\xb0\xd5\x9e\xc1\x3d\x34\
\x3e\x92\x73\xb8\xba\xa6\xd7\x69\x63\x4c\xc0\xe9\xf5\x35\x5e\xfe\
\xb2\x3b\x78\xe1\xd2\x06\x9f\x79\xe2\x69\x7a\xcb\x2b\xdc\x75\xe3\
\x19\xbe\xfa\x1d\x6f\x64\x32\x1c\xe1\x8c\xa6\xd7\xef\xc8\x50\x3c\
\x0f\xd8\xeb\x19\x29\xa1\x69\xdd\x2a\xb0\x54\x18\x48\xcb\xff\x34\
\x15\xca\x54\xd3\x6b\xae\x2c\x0a\xc2\xc0\x50\xd5\xa5\xf8\xa9\x9e\
\x49\xe3\x43\xd5\x99\xd2\x51\xbe\x5f\x9d\xd4\xc2\xf8\x9d\xf3\x69\
\x44\xe7\xb5\xe4\x75\x42\x17\x04\x81\x7f\x40\x5f\x78\xec\xa4\x98\
\x43\xfa\x96\x36\x80\xec\xcc\xa2\x8a\x13\xaf\x3c\x5d\xdb\x1d\xb0\
\x24\xe4\x0b\xa2\x38\xa6\x95\xc4\xc4\x46\x26\x1f\xd7\xb5\x45\xdc\
\x79\x47\x92\x26\x32\x38\xc4\x6b\xcd\x6c\x9a\x13\x04\xa1\x54\xb2\
\xfb\x62\x93\x28\xf2\x8d\xa2\xfd\x69\x17\x33\xea\x1f\x50\x74\x2b\
\xc2\x75\xf3\x0b\xe1\x1f\xd0\xdf\x1c\x5a\xc1\xfe\x64\xcc\xa4\x98\
\x52\x94\x39\xca\x96\xdc\x7f\xfb\x4d\x7c\xdf\x3f\xfc\x66\xbe\xe7\
\x1f\xfc\x7d\xde\xf7\xb7\xdf\xc1\x03\xb7\xdd\x4c\xa7\x9d\x12\x78\
\x3c\x4d\x6b\x43\x36\xc9\x58\x5f\x99\x17\x12\xa6\x31\xb4\xd3\x04\
\xed\x14\x69\x9a\x88\xe9\x76\xb2\x59\x92\x5e\xf3\xc5\x3a\xb5\x23\
\x0d\x23\x5a\x49\xc2\xee\xde\x50\x34\xbd\x73\x92\x15\x29\x0b\xd0\
\x1a\x1d\x44\x44\x71\xca\xca\xe2\x3c\x0a\x39\xc8\xdd\x56\x8c\x76\
\x96\xb8\xd5\x65\x7e\x6d\x8d\xfe\xca\x0a\xad\xb9\x79\xc2\xa4\xe5\
\x33\x3f\xcd\x6a\x8b\x32\x96\x0c\x09\xd8\xb2\xe4\xcc\x0d\x67\xd9\
\xbc\xb6\xc1\x2b\xee\xbb\x87\xc5\x85\x39\x7e\xf3\x0f\x3f\xcc\x95\
\x9d\x01\x55\x6d\x79\xe8\x9e\xdb\x79\xf3\x2b\xee\xa1\x98\x66\xd8\
\xa2\x19\x48\xe2\x64\x54\x96\xcf\x14\x18\xa5\x48\x42\x81\x8a\x02\
\xa3\xd9\xdf\xdb\x47\x69\x8d\x31\x21\xad\x76\x9b\xe9\x34\x47\xfb\
\x32\x00\xa7\xa4\xe1\x50\x63\xd7\x44\x0e\x1a\xc1\x92\xff\xf8\x06\
\xbc\xb3\x43\x2f\x11\x6e\x13\x70\x5a\xac\xad\x90\x8a\xe2\x43\xd7\
\xe9\x33\xa7\x99\x5b\x58\x20\x8e\xd3\x19\x3e\xd6\x9c\x64\xad\x7d\
\x03\x3d\xe1\x75\xfb\x5f\x95\xdf\x9f\xc9\xbb\x93\x30\xd9\x39\x89\
\x16\x7b\x9d\x36\x69\x14\xd3\x4a\x63\xa6\xe3\x09\xd7\x36\xf6\xa4\
\x95\xbd\x31\x4c\xb2\x9c\xd1\x78\xe2\x4f\x80\x47\xab\x8d\xa6\x6a\
\xc6\xb7\xfb\x61\x1b\x95\x6f\xb1\x05\x7e\x46\x55\x53\x90\xd3\x9c\
\x1c\x9f\x1f\x75\x3e\x25\x66\x7c\xbf\xdd\x6c\x22\xc3\x78\x6d\x59\
\xb3\x30\x37\xc7\x91\xb5\x55\x8e\xad\xae\x72\x7a\x75\x89\x56\xa4\
\xa9\x8b\x9c\xba\x2c\x59\xe8\xa5\xb4\x7d\x3d\xaf\x41\xf2\xa8\x93\
\x6c\xca\xca\xda\x12\xb1\x96\x93\x19\x79\x16\xac\xa4\xcd\xa4\x72\
\x2a\xd0\x8a\xd8\xc8\x21\x0d\x8d\x11\x21\x03\x5a\x71\xcc\xe2\x7c\
\x0f\x5b\x94\x14\x45\x31\xe3\xb0\x55\xb5\x34\xb6\x49\xdb\x2d\x56\
\x97\x17\x11\x45\xa1\x58\xe8\x75\xe9\xb6\x12\x9c\x31\x04\x71\xec\
\x6d\x95\x17\x0c\xff\xdc\xb2\x40\x35\xca\xfa\x51\xa5\x1e\xf4\x6e\
\x25\x31\xc7\x4e\x1c\x67\x67\x63\x8b\x3b\x6f\x38\xc7\xea\xf2\x32\
\x3f\xff\x81\xdf\xa1\xf2\x23\xa4\xbe\xe2\x4b\x5f\xc7\x83\xb7\x9c\
\x45\xa9\x1a\x74\xb3\x5e\x3e\xf2\x44\xa2\xf2\x28\x30\xb4\x7c\x0d\
\x6d\x94\x04\x4c\xa7\x99\x5f\x43\x47\x9c\xc4\x4c\xc6\x63\x94\xd6\
\xec\xed\xef\x33\x19\x0d\xc9\x26\x13\x6c\x2d\xcf\x7a\xf8\x9a\x69\
\x61\x27\x56\x49\xf6\x50\x1e\x47\xac\x82\x44\xc5\x5e\xd3\x1d\x08\
\xde\xfc\xe2\x02\xf3\x4b\xcb\xcc\x2f\xaf\xd0\xea\x76\x50\x81\x46\
\x47\x86\xd6\x7c\xca\xf2\x89\x79\xd6\x4e\x2d\xd1\x99\x93\x79\x54\
\xa2\xe5\x14\xf8\xa5\x91\xc5\x3a\xf4\x76\x4a\x36\x23\x0a\xa4\x14\
\xae\xc8\x73\x76\x76\x76\x18\xf9\x61\xb9\xe3\xf1\x84\xe1\x40\xd2\
\x5e\x95\x4f\x0d\x89\x03\x2a\x67\x49\x6b\x21\x53\xca\x68\x24\x11\
\x34\x25\xae\x99\x2c\x9e\x9f\x63\x00\xcc\x9c\x5a\x87\xcc\x2e\x28\
\xa6\x63\x22\x6d\xb9\xe1\xc4\x31\xee\xb9\xed\x66\x4f\x60\x8c\x68\
\x25\x21\x41\xa8\xc1\xd6\x18\x5b\xa2\x94\xa3\xd7\x4e\x99\x6f\xc7\
\x04\xce\x12\x2a\x08\x8d\x66\x67\x77\x8f\xf9\xfe\x1c\x0b\xdd\x96\
\x6c\x86\x31\xf4\x5a\x29\x01\x90\xe7\x53\x62\x9f\xcb\x0d\x8c\x98\
\x24\xe9\xcb\xe6\xf1\x41\x2d\xad\xb9\x42\xdf\x49\x33\x49\xa4\x3d\
\x6b\x59\x8a\x7f\x6b\x82\x90\xb9\xb9\xfe\x8c\x22\xd4\x6e\xb5\x88\
\x92\x84\xe1\x64\x3c\x8b\x54\xfd\x43\x0a\xfc\x64\x25\x30\x6b\x70\
\x48\xa5\xa4\xb8\x59\xfb\xd4\x5a\xbf\xdf\xc1\x55\x96\xdb\x6f\xbf\
\x81\x77\xbe\xf9\x95\x5c\xbe\xb6\xc5\xcf\xff\xda\x6f\xb1\xb5\xbb\
\xc5\xa7\xfe\xf2\x63\x7c\xc5\xeb\x1f\xe4\x86\xd5\x45\xf0\x5d\x00\
\xb4\x1f\x8a\xa2\x3d\x71\x41\x03\x49\x14\x61\x34\xd8\xb2\x42\x6b\
\x4b\x96\x65\x44\x51\x88\xd1\x86\x76\xab\xc5\x64\x38\xe4\x81\x9b\
\xce\xf0\x9f\xff\xed\x0f\xf0\x8f\xbf\xfd\xef\x10\xd9\x1c\xeb\x6a\
\x6f\x79\x1a\xd8\x4c\x20\x26\xbc\xeb\xe3\x3c\x30\x6c\x94\xf6\x05\
\xe2\xa1\x4f\x27\xce\x2e\x91\x94\x8d\xdd\x21\xc4\x31\xfd\x53\x47\
\x69\x9f\x5c\x23\x59\x6a\x93\x2c\xc4\x74\xd7\xda\xac\xdf\xb8\xcc\
\xb1\x9b\x57\x99\x5f\x9b\x97\x30\xd9\xcb\x99\xf2\x20\x23\xde\xae\
\x37\x11\x51\x5d\xd7\xa0\xa5\x1d\x45\x14\xc5\xec\xec\xee\x90\x24\
\x91\xf8\x12\x46\x33\x18\x4f\x18\x8e\x27\xa4\x71\x4c\x51\x55\x28\
\x0d\x45\x21\xea\xbc\xc1\x74\xa4\x58\xd7\x9f\x76\xaf\xd9\x9a\x23\
\x66\x66\x13\x65\xe4\xd4\x55\x7e\x3a\xa0\x01\xfa\xdd\x2e\x9d\xb4\
\x43\x14\x25\xd2\x46\x55\x09\xd3\xa4\xdd\x4a\x08\x03\xc1\x1c\x5d\
\x5d\x51\x15\xa5\xb0\x85\x35\x4c\xb3\x09\x81\x86\x28\x80\xab\x57\
\xae\xe2\xea\x8a\x93\xc7\xd7\x25\x6d\x65\x34\xbd\x4e\x9b\x38\x0e\
\xd8\xdd\x1b\x10\x45\x1e\x18\xf6\xf5\x0f\x75\x5d\x79\x46\x0b\x1e\
\x20\x16\x01\x0c\x8d\x42\xf9\x26\x32\x52\x21\xef\xdf\xab\xd7\xa5\
\x28\x64\xe0\x5d\xbb\x9d\xd0\xeb\xf9\x42\xf3\x30\xf4\x85\xcc\xc2\
\x4e\x09\x8c\x42\xb9\x9a\x62\x32\x64\x7f\xe3\x1a\x5b\x2f\x9c\x67\
\xfb\x85\xe7\xd8\xde\xb8\xc6\x85\x0b\x17\xb9\x7a\x65\x83\x22\x2b\
\xb8\xfd\xae\x9b\xf8\xcb\x87\x3f\x8b\x69\x75\xf8\xfb\x5f\xff\x15\
\x3c\xfa\xec\x0b\xfc\xf4\xcf\xbe\x9f\x95\xe5\x05\x7a\xd6\xf2\xd5\
\xaf\x7f\x90\xf9\x76\x42\x56\x4c\xa5\x09\x92\x95\xa8\x5f\xf2\xa5\
\x42\x74\x88\x82\x60\x46\x84\x0d\x0c\x8c\xfd\xa0\xbe\xf1\x78\xc2\
\xeb\xef\xbf\x8b\x9f\xfd\x89\x7f\xc5\xdb\x5e\xfb\x10\x7f\xe7\x6f\
\xbd\x9d\x6f\xff\xd6\xbf\x83\xcd\xb3\x43\x02\x07\x70\x50\xc7\xd2\
\x5c\x33\x3a\xbf\x6f\x61\xe6\x66\x39\x8c\x43\xd7\x68\x38\x24\xec\
\xa6\x2c\x9c\x5a\x65\xfe\xf8\x0a\xf1\x62\x07\x93\x06\x14\xae\xc6\
\x06\x9a\x20\x8d\x30\x51\x28\xf8\x4e\xa3\x3e\x0f\x29\x39\x70\xb3\
\xdc\x9b\x75\x8e\x38\x8a\x48\xc2\x90\xc1\xfe\x2e\x83\xc9\x94\x5e\
\xaf\x87\x52\x10\x47\x11\x5b\xdb\x7b\x4c\xcb\x9a\x38\x0a\x99\x4e\
\xa7\x80\x21\xcb\x65\xfc\x65\xe5\x3b\x29\x19\x7f\x12\xa1\x69\xbf\
\x8a\x37\xf8\x0e\x1d\x48\x31\xb4\x73\x96\x3c\xcf\x09\xc3\x80\x4e\
\xbb\x4d\xe8\x27\x4f\x5b\xe7\x88\x43\x43\x27\x8d\x85\xcd\x8a\xa3\
\x13\x45\x18\x23\x63\xc0\xeb\x5c\x60\x9f\x76\xb7\x43\xac\xa4\x92\
\x8c\xba\x22\x34\x01\xc3\xbd\x21\x97\x9e\x7e\x8e\xb6\x6e\x28\x4b\
\x02\x91\xc4\x41\x44\x3b\x0e\x31\x9e\x71\x8c\xb3\x44\x81\x6c\x9a\
\x42\xe2\x2a\x63\x34\x9d\x56\xc2\x99\xa3\x2b\x74\xe3\x18\x57\xcb\
\xa1\xcc\xa6\x19\xb6\xaa\x09\x50\xf4\x5b\x2d\x8c\x73\x38\x65\xe9\
\xf5\xfb\x2c\x2f\x2f\x33\xce\x0b\x74\x92\xa2\x4c\x40\x99\x4d\xd8\
\xba\xf0\x1c\x4f\x3d\xfc\x09\x1e\xfb\xe8\x5f\xf2\xcc\x67\x3e\xcd\
\xde\x95\x8b\x84\xa1\x62\xee\xf8\x31\xca\xee\x02\x7f\xf6\xf1\xcf\
\x70\x7e\x67\x9f\x5f\xfb\xc3\x3f\xe5\x87\xfe\xf7\x9f\xe3\xf7\xff\
\xfc\xaf\xf8\xa9\x5f\xfc\x00\xef\xff\xe0\xef\x72\x61\xe3\x1a\x7f\
\xfa\xf9\x27\xf9\xb9\xdf\xff\x0b\x7e\xf8\x57\x7e\x9b\xf7\xff\xe1\
\x9f\xd1\x4f\x23\x36\x36\xb7\x18\x67\x13\x82\x50\xd6\x76\x16\xa8\
\x29\x4d\x12\x47\x2c\xf7\xbb\x24\x3e\x3f\x9b\xc4\x11\xd4\x8e\x33\
\xab\x8b\xfc\xe0\x3f\xfb\x1e\xe6\x92\x88\x3f\xfb\xad\x3f\xe4\x67\
\xff\xed\x4f\x70\xd7\xc9\xa3\xdc\x7e\xee\x04\x45\x2e\xed\xd0\x1a\
\x7a\x7a\xc3\x1a\x6f\xf0\xc7\x19\x94\xe5\x9c\xe4\xa6\x5f\x2a\x90\
\xa8\x6d\x8d\x49\x22\xa2\x24\x44\x05\x60\x9d\x94\xb1\x55\x45\x45\
\x36\x29\x98\xe6\x25\x45\xd3\x2e\xc1\xfb\x57\x8d\xb4\x8b\x91\xf5\
\x7f\x9f\x35\x52\x71\xd2\xf1\x3b\x2f\x98\x4e\xa4\xa7\x5b\x59\x56\
\x24\x49\x4c\x5d\x97\xf4\x7a\x6d\x14\x8a\x6c\x9c\xa1\x80\xb2\x2c\
\x71\x48\x5b\x56\xe0\xa0\x05\x69\xd3\x45\x49\xf9\xa9\x2d\x48\x49\
\x5f\x6d\xa5\x87\x49\x3b\x6d\x49\x6f\x0d\xdf\xb9\xa8\xb9\x9b\x24\
\x8a\x58\xec\x75\xe8\xc4\x01\xb8\x4a\x86\xd8\x39\x50\x3a\x90\x84\
\x3f\x8a\xa5\x95\x65\xce\x9c\x3a\x46\x37\x4d\x09\x8c\xa6\x15\x85\
\xa4\x71\x42\xbb\x37\xc7\x2d\xe7\x4e\x11\x7b\x22\x80\xd6\x8a\x30\
\xd0\x9c\x3b\x7e\x84\xd0\x21\x0e\x39\x02\x04\xb7\x93\x50\x00\x63\
\x23\xa5\x96\xa8\x80\xa3\x47\xd6\x48\x93\x84\xb9\x6e\x8b\x56\x1c\
\x51\x66\x05\xb6\x12\x2a\x51\xa7\x9d\xb2\x34\x3f\x47\x88\xa2\xd5\
\x4e\xe8\x75\x5b\x4c\xa7\x19\x93\xdd\x1d\xce\x3f\xf6\x39\xbe\xf0\
\x91\x0f\xf3\xfc\xe7\x1f\x41\x39\xc7\xd9\x9b\x6e\xe4\x8e\x87\x5e\
\xc9\xca\xdd\x2f\xe3\x72\xa9\xf9\x4f\xbf\xf4\x5b\x7c\xe3\xb7\xfd\
\x00\x3f\xfe\x5f\x7f\x9d\xef\xfd\x67\x3f\xc4\xcf\xbf\xff\xb7\xf9\
\xcc\xe3\xcf\xb0\x37\xca\xf8\xeb\xcf\x3d\xca\xc7\x1e\x79\x8c\x6b\
\x3b\xfb\x5c\xd8\xd8\xe4\x17\x7f\xf7\x43\x7c\xe0\xc3\x1f\xe7\x99\
\xed\x01\xc7\x8e\xac\x90\x46\x31\x9d\x5e\x97\x34\x89\x09\xfc\xd8\
\x00\xa5\xfc\x98\x78\x6d\x38\xbd\x32\xcf\xe9\xb5\x25\x56\x17\x17\
\x59\x59\x5c\x62\xa1\xdf\xe3\x7f\xf9\xce\xbf\xc7\xc9\x93\x47\xf8\
\xb3\x0f\x7d\x84\x2b\xcf\x5f\xe2\xd4\x89\x93\x5c\xfc\xe2\x53\xbc\
\xfa\x81\xbb\x29\xb3\x0c\xe7\xbb\xc7\x3b\xdf\x64\xb2\xe9\x26\x25\
\x1a\xbf\xf1\xed\x84\x71\xc4\x4b\x95\x20\x56\x55\x4d\x3e\x19\x31\
\xd9\xd9\x63\x70\x75\x93\x72\x30\x41\x3b\x49\x0c\x1b\x1d\x50\x4e\
\x2b\x8a\xac\x90\xf4\x90\xf7\xe9\x1a\x84\x7a\xa6\xec\xbc\x4f\x12\
\x05\x01\x91\xd1\x44\x69\x9b\xc1\x70\xe4\x6b\x32\x03\x5c\x5d\x63\
\x8c\x8c\xc2\xec\x76\x52\xd0\x8a\x6c\x32\xc5\x29\x69\xf7\x5f\xd5\
\x76\xc6\xca\x75\xb6\x96\x5a\x57\xd5\x44\x4b\xf2\xfe\x8d\x95\x55\
\xde\xbe\x47\x51\xe8\xfb\xee\x0a\x76\x57\x14\xd2\xee\xdf\x68\x43\
\x37\x89\x99\xef\xb4\xb1\xb5\x65\x6e\x69\x01\xab\x8c\xd7\xd6\xe2\
\xdb\xc5\x46\xb3\xbe\xb2\xc2\x52\xbf\x4b\x68\xa4\x53\x41\x14\x47\
\x5c\xdb\xde\xe1\xf4\xd9\xd3\xac\x2f\xcf\xa3\x7c\xae\x35\xd0\xd2\
\x3d\x7c\xbe\x97\xe2\x2a\xa1\x3b\x19\xa5\x49\x23\x69\x6a\x63\xfc\
\x5c\xdc\x49\x5e\x12\x26\x09\xf8\x3a\x8a\x24\x0c\xc8\x8b\x82\x3c\
\xcf\x3d\xa3\xc5\xc8\x74\x42\xeb\x88\x93\x36\x26\x4a\xb8\xfa\xfc\
\x45\x9e\xfb\xcc\x67\x18\x6c\x6c\xb1\x7c\xea\x14\x77\xbf\xe6\xd5\
\xdc\x74\xf7\x9d\x6c\x0f\xc7\xfc\xf8\x7f\xf8\x19\xbe\xe9\x5b\xbe\
\x8f\x6f\xf8\xb6\x7f\xca\x2f\xfe\xe6\xff\xe4\xe6\x7b\x1f\xe0\x2d\
\xef\xfe\x52\x96\xd7\x8f\xd0\x6e\x77\x48\xd2\x88\xc8\x4f\xa9\x36\
\x26\xa4\xdb\x69\xd1\x4a\x62\xe6\x7a\x1d\xd6\x96\xe7\x78\xec\xa9\
\x67\xf9\x1f\xff\xf3\x2f\x18\x0f\xf7\x28\xb3\x89\x30\x61\x22\x3f\
\x56\xd5\x18\xaf\x89\x1c\xa7\x4e\xac\x83\x52\x8c\x26\x19\xdb\xbb\
\xfb\xdc\x78\xea\x38\x6f\x7c\xdd\xcb\x79\xea\xd1\x27\x79\xe6\x0b\
\xcf\x70\xe2\xf8\x71\x16\x16\xfa\x14\xe3\x8c\xdb\x4e\x9f\x20\x0d\
\xf0\xe5\x09\x92\xff\xae\x3d\x43\xd9\x39\x81\x53\x1a\xd8\x58\xf9\
\x20\xf4\x25\x6b\x24\xf2\xd1\x80\x8d\x67\x9f\xe7\xb9\x4f\x3f\xca\
\xd6\x53\x17\x29\xf6\xa6\x54\x93\x9a\x62\x54\xb1\xb7\x31\x66\xfb\
\xca\x90\xc9\xfe\xc4\xa7\x3a\xc4\xc7\x92\x20\xe2\xa0\xad\x87\x53\
\x8a\x1a\xc5\xfc\xd2\x3c\xf3\xfd\x3e\xb5\xad\x18\x8d\x27\x04\x61\
\x40\x14\x85\x04\x5e\x6b\x14\x45\x49\x55\x96\x38\x05\x59\x2e\x8d\
\x0a\xa5\xd8\xc7\xb7\x09\x35\x6a\x56\xff\x80\x13\x73\x8d\x93\x5e\
\x28\xa0\x64\x6e\x81\x36\x94\x95\x0c\x9d\xd3\x1e\xb7\xd3\xbe\x27\
\x87\x08\x8a\xa2\x15\x18\x16\xbb\x6d\xca\xa2\x24\xed\xb4\xa8\x11\
\x62\x28\x4a\xf8\x71\xae\xaa\x58\x9a\xeb\xb0\xd2\xef\x4a\x44\x1a\
\x18\x3a\xad\x84\x9d\x9d\x5d\xd2\x76\xca\x2d\x37\x9c\xc1\x20\x69\
\x38\x9c\x22\xaf\x6a\x7a\xed\x14\xe5\x04\x30\x37\x3e\x3b\xd1\x6e\
\xa7\x12\x60\x79\x0f\xc3\x18\xc5\x7c\xbf\x23\x4d\xa5\xad\xa3\xdd\
\x6d\xf1\xec\xf3\xe7\x89\xa2\x10\x55\x4b\x49\x5e\x92\xc4\xb4\xda\
\x2d\x76\xb6\x77\xa1\xae\xd9\xd9\xde\xe7\xf4\xfd\xf7\xb3\x76\xea\
\x24\x57\xcf\xbf\xc0\x2f\xff\xe2\x07\xf8\x67\xff\xe6\xc7\xf9\xc0\
\x87\x3e\xc2\xa5\xbd\x21\xed\xa5\x39\x4c\x60\x78\xfc\x91\x2f\xf2\
\xb9\x4f\x7d\x9e\x8b\x97\xae\xb0\xb5\xbd\xc3\x60\x30\xc1\x5a\x85\
\x75\x8a\x9d\xdd\x3d\x2e\x5e\xba\x32\xcb\x6a\x4c\x26\x53\x5a\x69\
\x4c\x18\x47\xd4\x79\xce\x70\xe3\x0a\x7b\x57\x2e\xb1\x7d\xf9\x02\
\xbb\x9b\x57\x19\xef\xef\xcf\xb4\xdd\x95\x2b\x9b\x92\x6a\xd3\x30\
\xd7\x49\xf8\xba\xbf\xfd\x56\x94\x52\x7c\xfe\x63\x0f\x73\xcb\xad\
\xe7\xa4\x35\x6e\x55\x13\x3b\x47\xbf\x93\x72\xf2\xf8\xaa\x6f\xba\
\x28\x5a\xdf\xfa\x6a\x30\x11\x85\x03\x92\xad\x42\x88\xaf\xd5\x4b\
\x75\x6d\xca\x47\x03\x86\x57\xae\xb1\xf9\xf4\x0b\x8c\xaf\xed\x52\
\xec\xe7\x64\x9b\x13\x06\x17\xf7\xd9\x78\xfa\x2a\x1b\xcf\x5e\x23\
\xdb\x1b\x89\xf3\xee\x9b\xe8\x49\x00\x21\xda\x4d\xd4\x93\x8f\xb0\
\x2c\x2c\xaf\xac\x90\x67\x53\xf2\xa2\xa2\x37\xd7\xf7\x0c\x5d\xc1\
\x7d\x5a\xed\x36\x93\x49\x8e\xb5\x35\x79\x51\xf8\x30\x5f\xaa\xd0\
\xf1\x15\x61\x71\x18\xcf\xba\x16\x39\x5f\xd1\x1f\x18\xc9\x7d\xc2\
\xc1\xe8\x48\xad\x84\x84\xe0\x70\x04\x41\x20\x65\x92\x9e\x2e\x1e\
\x28\x38\xb2\xd0\x67\x9a\x65\x38\x2d\xd3\x0e\x6b\xa7\x50\xbe\x1c\
\x12\x67\xe9\x75\xdb\x1c\x59\x5a\x04\x5b\xd3\x69\xc5\xc4\x69\x8b\
\x8d\xdd\x7d\x08\x03\x6e\xb9\xe9\x0c\xfd\x56\x22\xbd\x43\xb4\x2c\
\x61\x6d\xa1\xd7\x4e\x3c\x04\x21\x1a\xb0\x9d\xc6\x42\x34\x30\x02\
\x0f\x8c\xb3\x8c\x93\xc7\x8e\x50\x95\x25\x79\x9e\x71\xdb\xdd\x77\
\xf1\xec\xd3\xcf\xc9\x1a\xd9\x8a\xda\xd6\xac\xad\x2e\x63\x94\x63\
\xf3\xea\x55\x8e\x1f\x5b\xe3\xae\x37\xbc\x9a\xe1\xe6\x06\x7f\xfc\
\x1b\xff\x9d\x9f\xf8\xdf\xff\x2b\x3f\xff\x5b\x7f\xc4\xf9\xed\x7d\
\x9c\x36\x54\xd6\x72\xfe\xd2\x35\xc6\xa5\x65\x50\x68\x32\xd5\xe1\
\xd5\x6f\x78\x1b\x5f\xf2\xa6\x77\xb0\x7e\xfa\x0e\xd6\xce\xdc\xc5\
\xd2\xf1\xdb\xe9\x2c\x9f\x66\x9c\x3b\x6e\xbc\xe5\x0e\xbe\xee\x6b\
\xff\x3e\x0f\xdc\xff\x4a\x5a\x9d\x39\x22\x13\x7a\x3c\x32\x24\x36\
\x8a\x34\x0c\x68\xc5\x21\x69\xda\x14\x6d\xd7\x28\x13\xb2\xba\xba\
\xca\xe2\x5c\x8f\xdb\xcf\x9e\xe4\xe5\x0f\xdc\xcd\xa7\x3f\xf2\xd7\
\xb4\xa2\x48\x06\x35\x87\x9a\xe1\x78\x4a\xb7\xd3\xc1\x65\x39\x37\
\x9f\x39\xe9\x3b\xbe\x4b\xf4\xde\x88\x58\xe3\xc7\x1d\xbe\xc2\x26\
\x47\xfd\xa2\xef\x7a\xf1\xa9\xab\x9a\xba\xac\x70\x55\xed\xc7\xa4\
\x57\x94\xd3\x9c\x62\x94\x53\x8e\xf3\xd9\x48\x71\x79\xf5\xc1\x6f\
\x1e\x7c\x88\xa0\xd1\x1b\xd7\x36\x89\x22\xe9\x64\x3e\x9a\x4c\xe8\
\xf5\x3b\x04\x81\x50\xb9\x8b\x22\x07\x6a\x06\x43\xa9\x5c\x2f\x7c\
\x6f\x5c\xe7\xa0\x28\x0a\x49\xcd\x38\x47\xe0\x8b\x4b\xe4\x21\x24\
\xa2\x15\xb3\xe9\x29\x44\x81\xa1\xaa\xa5\x46\x35\x0a\x23\x5f\x6a\
\xd7\x94\x1d\x0a\xf5\xaa\xb6\x35\xc7\x56\x97\xc8\xc7\x63\xf2\xb2\
\xa2\xdd\xe9\xb2\xb3\x71\x8d\xed\xcb\x57\xb9\x76\xf1\x22\x57\x2e\
\x5c\x62\x7f\x7b\x17\x5c\xc5\xee\xee\x2e\xdb\xbb\x7b\xa0\x15\xc3\
\xe1\x90\xe1\x24\x63\x6e\x69\x91\x9b\xce\x9e\x44\x2b\x31\xf3\x3a\
\xd0\xec\x0e\xc7\x9c\x3a\x7e\x94\x32\xcf\x09\x02\x8d\x0e\xa5\x31\
\x4e\xb7\x2d\x19\x09\x6d\x0c\xcf\x5f\xb8\xca\xf1\x33\xa7\x88\x8c\
\xa6\x2c\x4a\xda\x69\x44\x7f\x79\x89\x67\xce\x9f\x07\xad\xc9\xa6\
\x05\x47\xd7\x56\x69\xc5\x31\x91\x36\xdc\x78\xf7\xed\xec\x5e\xbe\
\xc4\x78\x6f\x8f\xcb\xdb\x7b\x3c\x73\x75\x93\xbc\x92\x91\xf0\xc7\
\x8f\x1f\x65\x73\x67\x9f\xf6\xdc\x3a\xb7\xdd\xf7\x26\x8e\xde\x70\
\x2f\x71\xe7\x28\xf7\xdd\xff\x00\x2f\xbb\xf7\x1e\xf2\x3a\x01\x62\
\x94\x4e\x99\x5f\xbb\x91\x93\xb7\x3c\xc0\xd5\xab\xbb\x9c\x3a\x71\
\x92\x2f\x7b\xe7\x97\xf1\x2d\xdf\xf8\x2d\xac\x2c\xaf\x4a\xa6\x4f\
\x6b\x16\xd7\xd6\x39\x76\xfa\x0c\x0b\xcb\x2b\xb4\x3b\x1d\x02\x1d\
\x62\x2d\x52\xef\x3a\xc9\x89\xea\x9a\x2f\xb9\xff\x0e\xb2\xe1\x80\
\x27\x3e\xfd\x18\x71\x2c\x7e\xb9\x31\x86\xf1\x78\x44\xd2\x6a\x11\
\x58\xcb\xfa\xfa\x8a\xef\xce\xee\x19\x39\x4d\xfb\x5f\x2d\x51\xb1\
\xf0\x64\xe4\x9c\x69\x5f\x0e\x7a\x9d\xd0\x05\x71\x42\x98\xa4\x98\
\x28\x92\xca\x30\x5f\xb3\x29\xbe\x9b\x7c\x71\x48\x88\x25\x58\x68\
\xae\xe6\x9b\xa0\x94\xa3\xdf\xed\x10\x86\x01\x83\xe1\x98\x1a\x81\
\x06\x4c\xa0\x09\x23\x83\x43\x73\xf1\xe2\x35\x8a\x42\x5a\xa8\xd6\
\xf6\x00\x93\xaa\xeb\x5a\x22\x50\xe7\xd8\xda\xd9\xa1\x72\x82\xd3\
\x59\x8f\x57\xe1\x71\x20\xd5\x54\x90\xfb\xc8\x34\x89\x93\x59\x45\
\x18\xce\x51\xe5\x39\xb6\x9c\xa2\x43\xcd\xe2\xe2\x1c\xda\x59\x9e\
\x7c\xfc\x71\x19\xdd\xf4\xfc\x79\x4c\x1c\x93\xf4\xfa\xb4\xe6\xe7\
\x98\x3b\x7e\x8c\x13\xb7\xdd\x4c\x9e\xcb\xf8\xcd\x8b\x97\xae\x72\
\xe5\xea\x35\x3e\xf5\xb1\x4f\xa0\x8c\xe3\xf6\xdb\x6f\xa4\x1b\x28\
\xd2\x50\x72\x97\xa3\xd1\x88\xb5\x95\x25\xda\xb1\x04\x19\x61\x24\
\x7c\xbb\x38\x08\x58\xea\x77\x08\x94\x63\x6b\x63\x13\xb4\xe2\xdc\
\xe9\x63\x84\xb6\xa6\x1d\xc0\x03\x0f\xdc\xc3\x73\xe7\x2f\xf1\xc2\
\x95\xab\x4c\xb3\x29\x6b\xeb\xab\x74\xe6\xe7\x59\x9c\xeb\x92\x5d\
\xbd\x0a\x0e\x3e\xfe\xd1\xbf\xe6\x4f\xfe\xfc\x63\x8c\xa7\x19\xc7\
\x8f\xae\xf3\xed\xdf\xf6\x6d\x7c\xc3\xd7\xbf\x8f\xfb\xee\xbe\x93\
\x57\xdc\x7f\x2f\x65\x51\xb3\xbf\x3b\xa2\x76\x35\xbf\xf4\x4b\xbf\
\xc9\xfb\x7f\xed\xb7\x71\x14\xec\xed\xec\x50\x16\x05\x49\xda\x62\
\x69\xed\x38\x79\xad\x28\x2b\xd9\xa3\x95\xd5\x15\x96\x16\x17\x71\
\xb6\xa6\x95\xb6\x48\x5a\x52\xd5\xd5\x30\x7e\x83\x40\xe6\x7a\x9d\
\x5a\x5f\xe4\x8d\xf7\xdd\xc6\x3d\xa7\x8f\xf0\xf2\x7b\xef\xe0\xf9\
\xcf\x7f\x81\x7b\x1e\xba\x97\xee\xea\x2a\x6b\xa7\x8e\x71\xfc\xcc\
\x49\xc2\x40\x53\xd9\x8a\x28\x8a\x58\x5d\x5e\x24\x98\x69\x36\x91\
\x01\xc1\x13\x67\xdf\xf0\x22\x07\xce\xb7\xa1\xbd\xae\x81\xce\xfa\
\x8d\x2f\xa3\xbf\xb4\x44\x90\xc6\xe8\x30\x94\x48\x8c\xc3\xaa\x52\
\xc6\x93\x2b\xb1\xa1\xb3\xcd\x07\xb0\x55\x81\xad\xa6\x80\x45\xa3\
\x99\xeb\x75\xb8\xfd\xa6\xb3\x5c\xbe\xb6\x05\x5a\xb3\xbc\x3c\x2f\
\xad\x5a\x8b\x82\xc8\x04\x7c\xf1\xf1\x67\x48\x92\x98\x5e\xa7\xc5\
\xd5\x8d\x1d\xea\xaa\x22\xcb\x72\xdf\x8f\x24\x44\x39\xe8\x74\xda\
\xec\xee\x0d\x88\x63\xa9\x08\x0b\x7c\x3b\x32\x41\xc4\xe5\x2c\x69\
\xdf\x0d\x4a\x61\xd9\xdb\xdd\x63\x69\x61\x81\xf1\x78\x04\xae\x62\
\x2e\x09\xd9\xbf\x76\x55\xb0\xc7\xe3\x47\xf9\xc4\x5f\x7f\x9a\xba\
\x2a\xf9\xe4\xa3\x4f\xf0\xf4\xe5\x6b\x5c\xda\xdc\xe4\xa3\x1f\xfd\
\x6b\x9e\x3e\x7f\x89\x33\xb7\xdd\xc2\xe6\xd5\x6b\xac\xad\x2e\x73\
\xdb\x7d\x77\xf1\xd8\x17\x9e\x24\x72\x8e\xd1\xa5\x4b\x2c\xf4\x5a\
\x94\x75\xcd\xe5\xcd\x5d\x3a\xad\x36\xe5\x24\x63\x65\x65\x9e\x7e\
\xbf\x83\xad\xa4\x1d\x99\xd6\x46\x68\x4d\x0e\xd1\x0c\x45\x4e\x1a\
\x85\xdc\x7a\xe7\xad\x3c\xf3\xf8\xd3\x2c\x2d\x2d\x70\xf3\xad\x37\
\x30\xb7\xbc\xcc\x87\xff\xfc\xa3\xd8\xaa\xe6\x81\x07\xef\xa1\xdd\
\x49\x19\xed\xec\xd0\x5d\x5e\xe0\x85\xcf\x7e\x96\x6b\xcf\xbe\xc0\
\xde\xb4\xe4\x0d\x6f\x7f\x3b\x5f\xf9\xb5\x5f\xc7\x89\xd3\x67\xb8\
\x74\x79\x83\xc7\x9f\xb9\xc4\xf2\xfa\x3a\x17\xaf\x8e\xa4\x19\x63\
\x5d\x91\x4d\xc6\x10\xc4\x8c\xf7\x77\x58\x3f\x7e\x8c\x7c\x34\x26\
\x1f\xef\xb2\xb7\xb5\x81\xb2\x05\x7f\xfb\x1d\x6f\xe4\xe8\x42\x97\
\x72\x7f\x87\x8f\xff\xf5\x5f\x13\x18\xcd\xdc\xfc\x1c\xd6\x09\x83\
\xc7\x81\x68\xe6\x66\x4c\xe6\x64\xc2\xa9\xf9\x39\x16\xe7\xfa\x1c\
\x5f\x5f\xe6\xc2\x17\x9e\xe0\xdc\x6d\x37\xd3\x9a\xef\x71\xe4\xf8\
\x3a\xed\x38\x41\xe3\x28\x8b\x82\x4e\xaf\x4b\x81\xe2\x43\x7f\xf9\
\x30\x56\x4b\x1d\x46\xed\xfb\xd1\x69\x63\x88\xfc\x18\x79\x21\x63\
\x88\x8c\x4c\xb3\xe9\xf5\x42\x77\xc3\x43\xaf\x67\xed\xf4\x51\x92\
\xb9\x16\x55\x60\x50\xa1\xc1\x16\x25\xd6\xd3\x88\x9a\x8d\x6e\x04\
\x8d\x59\xb1\x86\xa3\x2a\x73\xa8\x0a\x51\xa9\xda\xb0\xd0\xeb\x72\
\xfa\xf8\x31\x1e\x7f\xfa\x02\xc7\x8e\xaf\xd1\xe9\xc4\x0c\x07\x63\
\x0c\x8a\x7c\x9a\x73\x79\x63\x9b\x4e\xb7\x4d\x2b\x89\xb9\x72\x6d\
\x9b\xb2\xb2\x0c\xc7\x32\xed\x46\x06\xa2\x55\xcc\xcd\xcd\xb3\xbd\
\xbd\x4d\xea\xb9\xfc\xa1\x6f\x55\x25\x0e\xab\x7c\x6e\x68\x0c\x71\
\x14\x10\x85\x21\x57\x37\xae\xb1\xb4\x30\x4f\x59\x14\x74\xd3\x98\
\x85\x4e\xca\xb9\x5b\xce\xf1\x53\xef\xff\x03\xfe\xea\xe1\xcf\xf3\
\xdc\xa5\xcb\x3c\xfe\xfc\x25\x1e\x7d\xf6\x05\x3e\xf6\xc9\xcf\xf1\
\x89\x87\x1f\xe5\x85\xab\x1b\x7c\xe8\x23\x1f\xe3\x77\x7f\xe7\x0f\
\x79\xfe\xe2\x15\x9e\x7d\xfe\x22\xad\x34\xa6\x18\x4f\xf8\xd2\x77\
\xbc\x9e\xa3\xc7\x4e\xb0\xf9\xec\x33\x9c\x3a\xb3\xce\x23\x8f\x3d\
\xc7\xd2\x7c\x0f\x57\xd5\x14\x79\xc6\xfd\x0f\xdc\xc3\xf6\xa5\x4b\
\x3e\x9a\xf6\x26\xc6\x08\x0a\xa0\x4d\x80\x2d\x73\x8e\x1f\x5f\x67\
\x3c\x1c\xb1\xb5\xbd\xcd\xca\xd1\x35\x8e\x9d\x3c\xce\xde\xfe\x80\
\x73\x37\x9d\xa3\xd8\xdf\xa7\x9d\xc4\x2c\xae\x2e\xa3\x35\xe4\xbb\
\x3b\x6c\x6c\xee\xf0\x86\xf7\x7e\x05\xb7\xdc\x7d\x1f\x59\x0d\x69\
\xbb\x4b\xa5\x0c\xbf\xfe\x3f\xfe\x98\x2b\xbb\x15\x41\xdc\x61\x71\
\x79\x89\x34\x31\x6c\x5d\x79\x81\xf5\xd3\xa7\xd8\xb8\x78\x9e\x57\
\xbc\xee\x0d\x2c\x2c\xae\x11\x47\x11\xa3\xc9\x88\x85\x5e\xca\x77\
\x7d\xc7\xfb\x38\x7e\x74\x91\xcd\x67\x9e\xe6\x4f\xff\xfc\x23\xac\
\x1f\x3d\x2e\xbd\x90\xf3\x42\xb8\x8a\x9e\xaa\x66\x7c\xfa\xf1\xc8\
\x5c\x9b\x5b\x4f\x1d\xe3\xe4\x8d\xa7\xb9\x76\xe1\x12\xc6\x95\x5c\
\x7e\xfa\x02\x17\x9f\x7c\x16\x55\x15\x2c\xac\x2c\x4a\xbf\x68\x5f\
\x0e\x50\x69\xcd\xef\x7f\xe4\x93\x58\xa5\xa9\xca\xdc\x17\xec\x89\
\x5f\x1d\x46\xa1\xe7\x5f\x8a\x2b\x84\x13\x48\xec\x3a\xf3\xda\x5f\
\xed\x33\xb7\xd2\xa1\xbf\xd4\xc6\x24\x11\xa5\x6f\xad\x3a\x73\x10\
\xfd\xaf\xb8\x17\xe5\xd7\x1a\x03\x7b\x60\xfa\xb4\x56\xcc\xf5\x7b\
\xa0\x20\x8e\x03\x16\x16\x7a\x00\x4c\xa7\x53\xdf\x33\x6d\x42\x92\
\xb4\x68\xb5\x52\x09\xb9\x6b\x99\xf7\x55\x56\x4d\xed\xaa\x4c\x96\
\xc1\x63\x40\xb8\xa6\xde\xb2\x99\x23\xeb\x0b\x61\x9c\xf3\xed\x0f\
\xa4\x00\x19\x60\x34\x1a\x30\xcd\x73\xf6\x07\x03\x9e\xba\x78\x85\
\xf7\xff\xc1\x87\x79\xe2\x85\x4b\x3c\x7f\xf1\x2a\x13\xdf\xc5\xb2\
\xdf\xe9\xd0\xe9\x75\x71\x41\xc0\x60\x5a\xd2\x9f\x5f\xa2\x35\xbf\
\xc2\xea\xe9\xb3\x94\x26\xe4\x37\xfe\xc7\x87\xf8\xdc\x13\x4f\xf3\
\x6b\xbf\xf0\x01\xa6\xf9\x88\xd3\x77\xdc\x4a\xbe\xb9\xcf\xab\x1f\
\xb8\x8d\x6b\x57\x36\x98\x5f\xe8\xb2\xb7\x3d\x60\x67\x7f\xc4\xa9\
\x9b\xcf\x71\x62\x7d\x19\x53\xe6\x94\x45\xc6\xa5\x0b\x57\xb8\x72\
\xe5\x2a\x9b\x3b\x3b\xe4\x45\xc5\xc5\xe7\x2f\xf0\xea\x37\xbc\x96\
\x37\x7c\xe9\x9b\xf9\xc2\x67\x1e\xe1\x89\x47\x1f\xe5\xcc\xa9\x13\
\xbc\xec\xde\xbb\x39\x75\xe3\x19\xc2\x28\x24\x36\x01\x2e\xcb\xd9\
\xdf\x1d\xf2\xd6\xaf\xfd\x1a\xce\x9c\x3d\x45\x10\x68\x4e\x9d\x3d\
\xc9\xa9\x73\x27\x59\x3f\xb1\x8e\x52\x96\xe3\x27\x8e\x72\xc7\x5d\
\xb7\x71\xec\xe8\x1a\xc7\x4f\x1c\x65\x38\xda\xe2\xd9\x47\x1f\x66\
\x79\x75\x85\x5e\x77\x8e\xa3\xc7\xd7\xb9\xeb\xbe\x07\xb8\xed\xd6\
\x3b\xb9\xe1\xec\x59\xba\xbd\x2e\xd6\x29\xc6\x83\x2d\xee\xb8\xf1\
\x1c\xdd\x5e\x47\x02\x21\xb1\x59\x3e\x8d\x28\x44\x89\x20\xd0\xb4\
\x93\x98\x93\xa7\x4f\xb0\xb0\xb4\xc0\x63\x9f\x7d\x94\x27\x9e\xbd\
\x42\x32\xdf\xe3\xe4\x8d\x67\x18\x8d\xc6\x0c\x87\x23\xe2\x5e\x87\
\x4e\xbf\x27\x40\x30\x0a\x99\x8d\x2c\x07\xae\xe1\x5a\x68\xcf\x8c\
\x91\x50\xd3\xd7\x4b\x28\xc8\xf2\xec\x7a\x4d\x77\xcb\x43\x5f\x42\
\xd2\x89\xa8\xca\x92\xe1\x5e\xc6\x74\x30\xa6\xca\x32\xb4\x9f\x23\
\x30\xf3\xdf\x3c\x3e\x26\x88\xb3\x44\x80\xb6\xc8\xc1\x0a\x63\xc4\
\x68\xcd\xb9\x93\x27\xe8\x74\x5b\xc4\xad\x84\xb5\xd5\x39\x6c\x55\
\xb3\xb9\xb9\x43\xaf\xdd\xe6\xea\xd5\x6d\x8a\xb2\x62\x34\x1a\xb3\
\x30\xd7\xe5\xca\xb5\x2d\xea\xba\x62\x9c\x65\xde\x09\xb5\x92\x8c\
\x9f\x9b\xe3\xea\xb5\x0d\x5a\xad\xd6\xac\x6a\x29\x0c\xa5\xe6\x56\
\x40\x48\x29\x3c\xd6\x38\xda\xed\x36\x7b\xfb\x7b\xb4\x8d\xa6\x1f\
\x85\x68\x6d\xf9\xfc\xe3\x4f\xf3\xdc\xe5\x2b\x58\x05\xad\x24\x64\
\x65\xb1\x4f\x55\xd6\x0c\xc7\x13\x2a\x67\xd9\xd8\xde\x65\x7f\x34\
\x26\x2b\x2c\x85\x35\x18\x13\x51\x3b\xb0\x0a\x4a\x0b\x2f\x5c\xdd\
\xe2\x23\x7f\xfc\x11\x16\x22\xc3\xb1\x73\x27\x69\x77\xe7\x39\x73\
\xc3\x49\x36\xaf\x6d\xd3\xee\xb6\xb9\x72\xf1\x2a\x77\xbe\xf2\x7e\
\x2e\x3d\xf9\x2c\x77\xdc\x7d\x33\x93\xdd\x11\x27\x4f\xae\x71\xd7\
\xad\xe7\xe8\x60\xe9\xa4\x29\x65\x5d\x73\xf4\xf8\x31\x8e\x1e\x3f\
\xce\xf2\xda\x1a\xc5\x34\xe7\xe8\x89\xe3\x38\xdf\x09\x49\x6b\x83\
\x73\x35\xfb\xdb\xbb\x9c\xbe\xe7\x1e\xba\x73\xf3\xc4\x51\x40\x6f\
\x75\x95\xb0\xd5\xc2\x39\x47\xb7\xdb\x62\x38\x1e\xf3\x86\xd7\x3f\
\xc4\xd6\xee\x98\x2c\xcb\x59\x59\x5e\x66\x6e\xae\xc7\x70\x7f\x8f\
\xd7\xbe\xf1\xcd\x04\x5a\xcc\xd9\x89\x13\x2b\xdc\x7a\xf3\x19\xde\
\xfc\xfa\x07\x59\x5b\x5f\x61\xf3\xd9\xe7\xa8\x76\xb7\x99\x54\x96\
\xc1\x28\xa3\x28\x0b\x6a\x14\xad\x34\x95\xa0\xd1\xc9\xb8\x7a\xad\
\x14\x47\xe6\x7a\xdc\xfb\xc0\x7d\x54\x4e\x71\xf9\xb9\xe7\x58\x3b\
\xb2\x42\xab\xdb\x13\xb0\x5f\x6b\x6a\xeb\x98\x5b\x5c\xa0\x2a\x0a\
\x46\xbb\x03\x9e\xd9\xd8\xe1\x8f\x3f\xf1\x88\x04\x8c\xbe\x1d\xaf\
\x75\x96\x30\x94\x5c\xab\xf6\x31\x81\xd6\xa2\xb0\xa6\xd9\x4b\x08\
\xdd\x4d\xaf\x78\x05\x3a\x0a\xc8\xb3\x92\x6c\x34\xa5\x18\x4e\xb0\
\xd3\x7c\x46\xa7\x91\x4b\xc4\x4f\xf0\x18\xaf\xed\xac\xa5\x2e\xa6\
\xe0\xfc\x10\x0c\x07\x77\xdc\x7c\x96\x69\x51\xb2\x7e\x7c\x8d\x6e\
\x1a\x63\x8c\xe6\xda\xb5\x5d\x92\x38\xe6\xd2\xa5\xab\xd2\x35\x08\
\xc7\x7c\xbf\xcb\xe5\xab\x9b\x14\x75\xcd\x64\x9a\xfb\xd3\xe2\xa8\
\xcb\x8a\x85\x7e\x8f\x2b\xd7\xae\xd1\x6a\xb7\x44\xd0\x51\xa4\x71\
\x04\x9e\x1e\xad\x1b\x2e\x9d\x91\x45\xcc\xa6\x53\x54\x31\xe5\xd4\
\xda\x12\xcf\x5d\xbc\x84\x43\xca\x1f\xa3\x28\x62\x38\xce\x31\x61\
\x8b\x97\x3f\xf4\x1a\x5e\xff\x86\x37\x73\xec\xe8\x51\xfe\xfa\xe1\
\x2f\x70\xe4\xf8\x0d\xdc\x74\xd7\x2b\x58\x3d\x71\x13\xdd\xde\x12\
\xaf\x7b\xc3\xab\xd8\xde\x1b\xd0\x9f\x5f\xe4\xd2\xb5\x6d\x76\x26\
\x13\xc6\x7b\x3b\xac\x75\xda\x1c\x39\x73\x86\x6e\xbb\xc7\xc9\xd3\
\xc7\x19\x8e\x33\x56\x97\xe7\x39\xb2\xba\xc2\xea\xb1\x23\xe4\xa3\
\x31\x77\xde\x75\x2b\xb7\xdd\x7a\x13\xc7\x4f\x1c\x63\xfd\xf8\x51\
\x6e\xbb\xfb\x2e\xce\xdc\x74\x03\x65\x59\xd0\x6a\xb5\x88\x42\x49\
\xf6\x37\x8d\x82\x66\xeb\xa9\x15\xdd\xa5\x05\x99\x9a\xed\xe4\x5b\
\x4e\x1b\x54\x18\xa1\x50\x44\x61\xc0\x99\x9b\xce\xf1\x3f\xff\xe4\
\x63\xe4\x75\xc0\xf2\xca\x22\xcb\xf3\x1d\x6e\xbb\xed\x66\x1e\x78\
\xf0\x7e\x96\xe7\xe7\x58\x98\x6f\xc9\x18\xd1\x6c\xca\x70\x67\x8b\
\xd7\xbe\xe2\x76\x42\xa3\x18\x5d\x7a\x81\xa5\x85\x05\x3e\xfd\xf9\
\x2f\x32\x2e\x0a\x99\x90\x18\x44\xb4\x92\x88\xb2\x16\x6d\xa5\xb5\
\xb4\x41\x3b\x32\xdf\xe3\xce\x3b\x6f\x41\xb7\xdb\x6c\x5e\xbc\xc4\
\xb2\x67\xc3\xe0\x89\x98\x55\x55\xb2\xb8\xb6\xc2\xee\xe6\x36\xd3\
\x22\xe7\x4f\x1e\xfe\x22\x4f\x5c\xb8\x4a\x18\x18\xa6\xf9\x54\xee\
\xbb\x76\x44\x71\x44\x10\xf8\x4e\xa5\x4e\x0a\xda\x95\x56\x12\xa8\
\x1d\x92\x24\x00\xe6\x22\xe8\x07\xd0\x0a\xa4\x00\x59\x04\x43\x09\
\xcb\x43\x79\x36\xc9\x4c\xe7\x69\x61\x8b\xce\x8a\x6c\xe5\x3d\x04\
\xbe\x08\x58\x5d\x5d\x26\xcb\x73\x7a\xdd\xb6\x90\xfb\x6a\xc7\x64\
\x92\xb1\xbf\x3b\xc0\x59\x79\x5d\x12\x86\x9e\xf4\x69\x29\xf2\x9c\
\x4e\x2b\x41\x39\xe7\x67\xe5\x09\x7f\x4f\x61\xa5\xa9\x9f\xd2\x32\
\x46\x12\xa4\x00\xc6\x4a\x31\xb3\x0c\xe8\x10\x02\xea\x5c\xbf\x47\
\x91\x17\x3c\xf6\xc4\x33\x8c\x26\x19\xad\x38\x22\xcf\x72\x6e\x39\
\x73\x8e\xd7\xbc\xe2\x21\xde\xfb\x9e\xbf\xcd\x3b\xde\xfc\x16\xee\
\xb9\xed\x36\x8e\xaf\x1f\xe7\x5b\xbf\xed\x5b\x79\xe5\x43\xaf\xc6\
\x15\xe0\xca\x8a\xf1\x34\xe7\x23\x7f\xf9\x49\x6e\x38\x7b\x13\xaf\
\x7d\xcd\x6b\x59\x3d\x79\x23\xbd\xf5\x53\x3c\x7c\x65\xc0\x1f\x7f\
\xea\x31\x9c\xb2\x2c\x1d\x5b\x63\xf5\xd8\x51\x5e\xff\xd6\xd7\x71\
\xcf\x03\xf7\xb2\x30\x3f\xc7\x91\xd5\x35\x6e\xbc\xe3\x36\xba\x73\
\x3d\x4c\x28\xed\x36\x16\x56\x57\x89\x92\x84\x38\x8a\x58\x5e\x5e\
\xf6\x75\xbf\xbe\xd6\xe0\xf0\xa2\x2b\x71\x55\xac\x67\xd2\xc8\xfc\
\x2e\x85\x2b\xa7\x50\xc9\xcc\x59\x6b\xa5\xeb\xd4\x17\x9f\x78\x92\
\x95\xd5\x79\xee\xbc\xf9\x38\x77\xdf\xba\xce\xc9\x23\x5d\x4e\xad\
\x2f\x70\x74\x7d\x9e\xf5\x95\x39\xee\xbb\xe7\x06\xae\x5e\x3c\xcf\
\x1d\xb7\x1c\xa3\x9f\x1a\x9e\xfc\xab\x8f\x32\xde\xd9\xc6\x04\xca\
\x0f\xe1\x73\x14\xb5\x34\x4c\x94\xfc\xb9\x6f\x69\xa6\x24\xc5\xa7\
\x83\x00\x8c\x21\x0d\x43\xd6\x4e\x9d\x40\x29\xe7\x3b\x19\x94\xd4\
\x65\x49\x95\x17\x32\xd0\xb9\x2e\x09\x17\x17\x79\xf8\x8b\x4f\x93\
\xc4\x89\x67\x89\x0b\x64\xa2\xb5\x26\x50\x22\x6c\x72\x79\xa9\xf1\
\x45\xf8\xd7\x09\xdd\xe9\x85\x0e\xa7\xe6\x5a\xcc\x25\x21\xb1\x2f\
\x28\x96\xdf\xf6\x3c\xb9\xe6\x85\x7e\xa1\x66\xf9\x35\x00\xe5\x70\
\x7e\x42\x62\xa7\x95\x92\x24\x31\xd6\x57\x0f\xd5\x4e\xda\x44\xb4\
\xdb\x6d\xf6\x07\x23\x8c\x11\xd6\x45\x5e\xc9\x24\x40\x9c\xa3\x28\
\x0b\x16\xe6\xfa\x2f\xba\x1f\xe7\x20\x8e\xa5\x14\xce\x34\x14\xf5\
\xa6\x96\x52\x39\x39\x18\xca\xb7\x95\xb7\x42\x41\x1a\x4e\x26\x38\
\x57\xd3\x8f\x23\x8a\xd1\x98\xd7\x3d\xf4\x72\xde\xf7\x35\x5f\xcb\
\x57\xbe\xf7\xcb\xb9\xe5\x86\x33\x4c\xb3\x31\xd3\x2c\x63\x65\x65\
\x81\xe3\x47\x57\xa8\xab\x09\xfb\xfb\xdb\x0c\x76\xb7\x18\x0d\xf6\
\xd9\x1b\x95\x7c\xfc\x53\x8f\xf1\xab\xbf\xf1\x87\x8c\xc7\x35\x2a\
\x98\x63\xe2\x12\x9e\xdb\x1d\xf1\xd1\x0f\x7f\x8a\xf1\x78\x0c\x4a\
\x61\xd0\x74\x3a\x1d\x14\xc8\xcc\x05\x6b\x51\x3a\xc0\x22\x07\xd4\
\x5a\x37\xab\x07\x95\x22\x15\x77\x00\xf9\xcc\x9e\xd0\x33\xe6\x0e\
\x41\x4f\x0e\x9f\xd1\xb0\x35\x64\x43\x5c\x95\x63\xcb\x92\xd5\x85\
\x36\xdf\xf4\xf5\xef\x61\xb0\x75\x85\x34\x54\x74\x5b\x11\xfd\x4e\
\x44\xbf\x13\xb3\x38\xd7\x21\x6d\x25\x5c\x7a\xe1\x59\x1e\x7a\xd9\
\x19\x5e\x71\xe3\x11\x06\xe7\x9f\x65\x6d\xae\xc3\xfa\xea\x12\xc3\
\xe1\x98\x49\x29\x96\x61\x7b\x77\xcf\xf7\x09\x94\x8c\x8e\xb4\x75\
\x95\xa2\xa2\x24\x4d\x65\x78\x70\x5d\x33\xda\x1f\xf0\xe4\x17\x9e\
\x92\xca\xb0\x5a\xdc\x9d\x20\x92\x79\xbb\xcb\xc7\x8f\xf0\x97\x9f\
\x7e\x8c\xcb\xd7\x76\x3d\xf7\xce\x13\x4b\x9d\x15\xf8\xc8\x48\x23\
\x73\xe5\x33\x55\xd6\x89\xfa\xd6\xfa\x25\xc0\xe1\x22\xb3\x64\xc3\
\x8a\xe1\x4e\x46\xb6\x3b\xa6\x1c\x49\x33\x6a\xb4\x98\x80\x06\x22\
\x91\x7c\xab\x98\x58\x2f\x92\x5e\xd5\x89\xd3\xd8\xef\x75\xd8\xdc\
\xd8\x22\x8d\x13\xe9\x61\xe7\xbb\x74\xce\xf5\x3a\x8c\xb3\x8c\x40\
\x1b\xa6\x99\xb4\x05\xb3\xce\xcd\xea\x58\x35\xbe\xd2\xa8\x81\x61\
\xac\xc3\x18\x69\xbd\x80\x2f\x6f\x2b\x2b\x99\x3f\xea\x7c\x0e\xd6\
\x04\x32\x75\x6f\x67\xe3\x1a\x7b\x1b\x1b\x54\xb6\xc6\xa2\xa4\x5c\
\xcf\x68\x5e\xfb\xd0\xcb\x99\xeb\xf7\x30\x26\xf4\x45\x3b\x01\xad\
\x56\xcc\xca\xd2\x22\x3f\xf3\x33\xbf\xc8\x13\x4f\x3c\x43\x1c\x45\
\x28\x05\x71\xdc\x62\x65\xf5\x08\xd9\x24\xe3\xc8\xd1\xe3\x94\x55\
\xce\xb9\x5b\xee\xe0\xf4\x4d\xf7\x50\x87\x1d\x1e\x7c\xf3\x1b\x28\
\x9b\x31\x98\x56\x80\x5b\x69\xfb\x40\x73\x12\xc1\xd7\x75\x34\x52\
\xe4\x10\xcd\x35\xfb\x9a\x59\x8a\xe6\xaf\x0d\x89\xe1\xd0\xa1\xf6\
\x94\x70\x5d\xe6\xb8\xc1\x0e\x4c\x06\x94\xfb\xbb\x3c\x78\xd3\x71\
\x5e\x75\xcf\x49\x1e\xf9\xf8\x87\xd9\x7c\xee\x49\xec\xfe\x36\x76\
\x7f\x93\xbd\xe7\x9f\xe4\x99\x4f\xfc\x25\xad\xbd\x2b\xdc\x9c\x5a\
\xea\x6b\x17\x09\xb2\x09\xb1\x72\x18\x65\x19\x4d\x73\x4a\x14\xda\
\x39\x42\x25\xa4\xd4\xc0\xb3\xa2\xa5\xbf\x89\x74\x66\x6f\xb5\x52\
\xa2\x34\xe1\xd2\xc5\x8b\xbc\xf0\xf8\x93\x1c\x5b\x5f\xa3\xc8\x0b\
\x14\x90\x17\x15\xfd\x63\xc7\xd8\xde\xb8\xc6\x95\xc1\x98\x5f\xfb\
\xe0\x87\x48\x5a\x6d\x9c\xef\xa2\x2f\xfb\xe1\x30\xda\xe7\xb5\x3d\
\xa7\x0e\x4f\xec\x74\xbe\x4b\xc0\x75\x42\xf7\xc8\xa3\xd7\xf8\xdc\
\xe7\xae\x70\xe1\xe9\x2d\x86\x3b\x43\x5c\x55\x92\x76\x12\xba\x2b\
\x73\x74\x8f\xcc\x11\x75\x92\x19\x60\xfc\xa2\x75\xc3\x73\xe6\x91\
\x01\x1f\x8b\xf3\xf3\x84\x71\xcc\xe2\xf2\x82\x54\x49\x59\x47\x51\
\xd6\x60\x1d\xd9\x24\x23\x0c\x02\x86\x63\x19\x3a\x57\xe4\xa5\xf4\
\x96\x43\x4e\x84\x36\x72\xfa\x45\xb0\x85\x74\x58\xf9\xc9\xce\x5a\
\x29\xa6\x53\x99\xb2\x63\xb4\x54\xd0\x37\x9f\xd9\x69\x75\x38\x75\
\xf4\x28\xad\x24\x21\x34\x01\x75\x55\xa1\x9c\x65\xeb\xc2\x45\x3a\
\x49\x44\xbb\x93\xb0\x76\x64\x89\x9b\x6f\x39\xcd\xad\xb7\x9d\xe3\
\xc1\x97\xdf\xc3\x83\xaf\xb8\x9b\x6c\x3a\x65\x71\x71\x99\xb5\xf5\
\xd3\xdc\x7a\xc7\xdd\x9c\x3e\x7b\x23\x50\x53\x4d\xf7\xd0\xd4\x1c\
\x3b\x71\x92\xbb\xee\x7b\x90\x71\x6d\xc8\x82\x80\xf9\x95\x65\xdf\
\xf6\x4a\x52\x81\x33\x27\x6c\x26\x32\xfe\x88\x37\x2d\xfa\x1b\x6d\
\xf6\x22\x53\xd1\xe8\xbb\x26\x81\x78\x68\x31\x9b\xb7\x70\x62\x92\
\x82\xba\x44\x67\x43\xf4\x60\x97\xe2\xea\x45\x6e\xee\x68\xde\x72\
\xe7\x71\x4e\x44\x96\xc5\x62\xc0\xd2\x74\x8f\x23\xf5\x90\x87\x4e\
\x2c\xf0\xe0\xe9\x65\xe6\x22\x4d\x12\x85\xd2\x85\x40\x29\x02\x13\
\x30\xca\xa6\x60\x34\x69\x18\x70\xcb\xa9\xe3\x84\xa1\x74\x0e\x55\
\x4a\x49\x0f\x14\x5f\xf3\x10\x45\x32\xa9\xe8\xe9\x87\x3f\xcb\xc9\
\xf5\x23\x68\x2d\x04\x88\xb2\xa8\x49\x57\x57\xd8\xdf\xbc\x46\xd0\
\xeb\xf1\x8b\x1f\xf8\x7d\xb6\xc7\x25\x3a\x10\x2b\x27\xd9\x24\xff\
\x70\xbe\xd4\x00\xff\xec\x75\x6d\xa9\x2a\x19\x95\x65\x02\x69\x10\
\xf4\xa2\x6b\x30\xaa\x98\xe6\x1a\xe7\x34\x61\x18\xd1\x5f\xe8\x33\
\x7f\x64\x91\xa5\x13\x4b\x2c\x1e\x5d\x24\xe9\xb5\x90\x6e\x3c\xfe\
\xdd\xd5\xdf\x78\x0b\xa5\x00\xcb\xc2\x7c\x9f\x2c\x2f\x29\xca\x9a\
\x7c\x5a\x50\x94\x96\x2c\x2b\xa8\x9d\xa3\x28\xc4\xa4\x8e\xb3\x4c\
\x9a\x25\xda\x7a\x26\x48\xd6\x33\x82\x71\x7e\x0a\xa1\x92\x52\xc2\
\xca\x0a\xf0\x68\x02\xe1\xda\x59\x9f\xf3\x54\x40\x68\x02\x70\x8a\
\xc1\x38\xc3\xa1\xe9\xf7\xe6\x39\x79\xfc\x28\xaf\x7f\xf9\x7d\x24\
\x26\xe2\x89\xcf\x7f\x16\x95\x8f\x39\x79\x62\x9d\x1b\x6f\x3c\xc9\
\xfa\xd1\x55\xda\x9d\x16\x51\x68\x78\xc7\x5b\x5e\xcf\xd6\xc6\x25\
\x3a\xbd\x1e\x27\xce\xdc\xc4\xdc\xc2\x32\x71\xd2\xe1\xc1\xd7\xbc\
\x9e\x67\x9f\xbf\xc8\x99\x1b\x6f\x65\x65\x65\x89\xb5\x23\x47\x78\
\xd5\xeb\x5f\x47\x27\x91\xc9\x33\xe2\x6b\x1c\xd2\x4d\x8d\xb0\xc0\
\xdf\x58\x93\x03\x8d\x27\x32\x77\xf0\x3b\x8d\x95\x78\xd1\xe9\x15\
\xc5\x20\xdf\x3f\x24\xa0\x0a\xa1\xab\xa7\x61\xc4\xea\x5c\x8f\x1b\
\x4e\x1c\xe5\xf8\xfa\x2a\xcb\x4b\x0b\xac\xae\x2e\x73\xe6\xf4\x49\
\x4e\x1e\x3b\xc2\xda\xca\x32\x0b\xf3\x3d\x5c\x51\x4a\x33\x23\xad\
\xb0\xc0\x60\x38\x42\x05\x9a\x4e\x2a\x35\x2b\x81\x09\x67\x3e\xb8\
\x3a\xc4\xf2\xd5\x46\xf1\xe8\x27\x3f\x49\x88\x22\x4e\xa4\x1e\xa4\
\xac\x6b\x92\xb9\x1e\x91\xad\x58\x3b\xb6\xc6\x27\xbe\xf0\x2c\x1f\
\xfa\xf0\xa7\x49\xda\xad\x19\xa5\x49\x04\x4e\xf2\xdd\xda\x34\xc3\
\x89\x45\xfb\x49\x91\x96\xbc\x46\x1f\xe2\x47\xce\xae\xd2\x6a\x4c\
\x94\xa0\x4d\x28\xac\x52\xa7\x28\xf3\x8a\x62\x52\x90\x8f\xa7\x54\
\xb9\x8f\xba\x1a\x4b\x01\x72\x4e\x9b\x1e\x26\x28\x52\xcf\x9c\x50\
\xce\x92\xe7\x25\xd9\xb4\x20\xcb\xa6\x4c\x27\x13\x8a\xe9\x54\xea\
\x5a\xfd\x7c\xae\x24\x49\x08\xc2\xd0\x4f\x6e\x96\xd5\x16\x20\xf1\
\xc5\x9b\x69\xad\xa3\xaa\x4b\x82\x20\x98\xcd\x79\x50\x9e\x59\xac\
\xb5\x94\xb9\x0d\xb3\x8c\xd1\x78\xc2\xdc\x5c\x9f\xa7\x2f\x5e\xe5\
\x9e\xdb\x6f\xe1\xad\xaf\x79\x39\xe3\xfd\x11\x8f\x7c\xea\xd3\xac\
\x1d\x3b\x42\xe0\xcd\x28\xc8\x80\x8e\x97\xdf\x7b\x27\xef\xfb\xaa\
\xb7\xf3\xb2\xbb\xce\x92\x84\x01\xad\x34\xc6\xd5\x8e\xd3\x67\x6e\
\xe2\x3b\xfe\xd1\x0f\xf0\x9e\xf7\x7c\x19\xeb\x2b\x7d\xda\x69\xc4\
\xa9\xd3\xa7\x59\xea\x76\xa0\x3e\x28\x54\x92\x1b\x3c\xc8\x37\xe2\
\x7b\x1d\x43\x63\x56\x7c\xed\x86\xaf\xf9\x6c\xf4\xda\x61\x21\x6d\
\x34\x60\xf3\xc8\xcd\x3f\x84\xe0\xe0\xa5\xd0\xf7\x59\x16\xa2\xa4\
\x54\xd9\x49\x3d\xb0\x98\x36\x6b\xfd\xc4\x20\xfc\x6b\x9b\xb7\x52\
\xc2\x32\xc9\x0a\x69\x5e\x74\x74\x65\x51\xe8\x45\x46\xf9\x12\x4e\
\x61\x11\xdb\xaa\x22\xd4\x50\xe5\x53\x1e\x7b\xf8\xb3\xd4\x75\x29\
\x40\x7d\x18\xb2\x7a\xe3\x39\xd6\x4e\x1c\xe3\xf8\x8d\xe7\xd8\x71\
\x01\x3f\xfe\x9f\x7e\x91\xa4\x2b\x2d\xcf\x9a\x0f\x6a\x18\xc3\xe2\
\x85\xf9\x9a\x15\x27\x3e\xac\x14\x73\xc9\x33\x09\x99\xf6\x6f\x5c\
\xa3\xe1\x88\xad\x8d\x2d\x76\x76\x76\x19\xed\x0f\xd9\xdf\x1e\x30\
\xd8\x18\xb2\x73\x61\x87\xed\x0b\x3b\xe4\xa3\x7c\xe6\xdb\x49\xf4\
\x2a\x9f\xda\x30\x40\x40\xd1\x4a\x5b\x5c\xbc\x78\x95\x1a\x99\x23\
\xbf\x37\x18\xb3\xb5\x3b\x60\x32\xc9\x19\x8d\xc6\x44\x89\xef\x2c\
\xa4\xa4\xce\xd6\x21\x55\x63\xc6\xb7\xab\x52\x46\x7c\x0c\x7c\xdd\
\x83\xf2\xdd\x9f\xa4\x65\x83\xa7\xa5\x57\xe2\x98\x37\x1a\xd7\x21\
\xd8\xda\xb5\xdd\x3d\xd2\x34\x65\x6f\x92\xf1\x99\xc7\x1e\xe7\x81\
\x9b\xce\xf1\x2d\xdf\xf1\x0d\xa4\x41\xcd\xb3\x8f\x7c\x1e\x13\x4b\
\x2d\xa6\xc2\x62\xab\x9a\x96\xd1\xfc\xf3\xef\xff\x1e\x62\xe3\x48\
\x63\x45\x1c\x19\x16\x16\x52\xee\xbc\xe5\x38\x77\xde\x78\x8c\xb3\
\xc7\xe6\x38\xbe\xdc\x66\x79\x3e\xe6\xda\xa5\xe7\x25\x20\xf0\x2a\
\xe2\x40\xe4\xfc\x97\x6a\xfc\x51\xb9\x67\xf5\xa2\xc3\xd3\xbc\x4a\
\x2e\x61\x64\x38\xc4\xc8\xca\xf7\x45\xc0\x5e\x24\x8f\x7e\xe3\xfc\
\xd7\xcc\x25\x3c\xd8\x50\x7c\xc9\xa7\x43\x9a\x84\x38\x25\x2c\x17\
\xe7\x3f\xb2\x2c\x0a\x99\x9f\x3b\xc9\xb0\x55\xc1\x91\xb5\x45\xb2\
\xa2\x40\x39\x47\x59\x08\xd3\xa5\xae\x6b\x9c\x85\x28\xd4\x8c\x87\
\x03\xf2\x6c\x4a\xd4\xef\x73\xf6\xde\xbb\xb9\xe9\xc1\xfb\x31\x4a\
\xd1\x5f\x5e\x26\xeb\xf4\xf9\xbe\x7f\xf2\x83\x6c\x8c\xa6\x04\x61\
\x24\xf7\xec\x11\x8d\xc6\xaf\xd5\x1e\xbb\x6d\x6a\x25\xe4\xd0\x79\
\xc1\x93\x5f\xb8\x5e\xe8\xf2\xe1\x1e\x83\xdd\x6d\x72\xdf\xf3\xa2\
\x2c\xa6\x94\x79\x41\x91\x95\xd4\x53\xdf\x48\xda\xff\x4f\xcf\x22\
\xae\x03\xc4\xd9\xe1\x98\x9b\xeb\x0a\x39\x00\xc5\xd5\xab\x57\xb9\
\x7c\xe5\x0a\xe7\xcf\x5f\x90\x22\xee\xd1\x88\x60\x86\xe9\x68\xf2\
\x32\x97\xc0\xc0\x17\xb5\xe0\x4f\x8a\x42\xe6\x64\x61\x05\xe3\x41\
\x29\xd2\xb4\x45\x51\xe6\x80\x25\x2f\x9b\x8e\xe4\xd2\x1c\x11\x64\
\x92\xcd\x95\x9d\x1d\x6a\xeb\x88\x5b\x2d\xce\x5f\xd9\x04\x1c\x77\
\xdc\x75\x2b\x6f\x7d\xdb\x1b\xd9\x78\xe4\x33\x6c\x3e\xf1\x04\x51\
\x14\xa0\xac\x8c\xbb\x54\x65\x41\x58\x4e\x99\x6f\x1b\x9e\x7d\xfc\
\xd3\x68\x9b\x73\xf3\xd9\x75\x56\x7b\x21\x9d\xc8\xd2\x8e\x0d\xad\
\x10\xd4\x70\x93\x87\x6e\x3f\x41\xa2\x25\xfa\x6c\x04\xab\xb9\x1c\
\x0d\x61\xf1\x70\x64\x7a\x60\x0d\x9a\xd7\x36\xca\xec\xa0\xc8\x06\
\x54\x83\x0e\x34\xaf\x70\xcd\x31\xf2\x82\x85\x48\x64\xe3\x33\xcd\
\x34\xa2\xf5\xb3\x69\xbd\x26\x91\x7b\xf0\xaf\xd3\x1a\xb4\x61\x34\
\xdc\xc7\xaa\x80\x0b\x57\xae\xb1\xd8\x49\xe9\xa5\x29\xa3\x4c\x8a\
\xd9\x27\x7e\x02\xa5\x74\x22\xd5\x14\x79\xce\xca\xea\x0a\x6f\xff\
\xca\xf7\x72\xcf\xab\x1f\x62\x65\x6d\x99\x62\x6f\x8f\xce\x5c\x9f\
\x51\x10\xf1\xdd\xdf\xf3\xff\xe2\xd3\x4f\x3c\x4b\x9c\xc4\xb3\x49\
\xd7\xfe\x8e\x66\x85\x51\xca\xbb\x16\xf2\x6f\x05\x1c\x68\x66\x7c\
\xe3\xa1\xeb\x84\xae\x2e\xc7\xd8\x7c\x48\x95\x8f\xa8\xf2\x11\x75\
\x3e\xa1\x9e\x4e\xe4\xcf\x3c\xc3\xe6\x53\xaa\x3c\xa3\x2a\xa6\x54\
\xa5\xff\xb3\x98\x62\xeb\x12\xe7\xdb\x08\x2c\x2f\xcc\xd3\xe9\xb4\
\x59\x5c\x9a\x67\x73\x73\x9b\xe7\x9f\x3f\xcf\xb3\xcf\x3e\x4f\x99\
\xe7\x8c\xc6\x42\x6f\x9e\x64\x53\xb4\xd1\xb3\xb1\xe8\xfb\xa3\x21\
\xca\xc8\x24\xe9\xc0\x48\x45\x55\xed\x23\x55\x99\x30\x53\x13\xc6\
\x09\xd3\xbc\x20\x08\x0c\x79\x5e\xc8\xe9\xf2\x5f\x12\x85\x69\x26\
\x45\xce\x34\xcf\xe9\xb6\xdb\xec\x65\x05\x4f\x5f\xba\x86\xab\x84\
\xad\xfb\xb2\x7b\xef\x26\x9a\x6c\x73\xfe\xe3\x1f\xc3\x4d\x86\x28\
\x1c\x3a\x08\xa9\x1d\xbc\xf7\xdd\x6f\xe1\x6f\xbd\xe3\xd5\xec\x6f\
\x5d\x64\x3c\xd8\x23\x9f\x4e\x08\xca\x8c\xf1\x95\x17\x18\xbd\xf0\
\x24\x37\xaf\x24\xdc\x7b\xc3\x71\x6c\x29\x8d\x1a\x0f\x19\xd1\x99\
\x64\x29\x6f\x66\xe5\xef\x5e\x70\x1a\xa9\xf3\x9a\x6a\x76\xcd\x04\
\xb6\xf1\x8f\x99\x09\xac\xa2\xa9\xfc\x9a\xfd\x40\x76\x77\x66\xae\
\xfd\xf8\x29\x27\xe9\x2b\xd9\x5a\x7f\xf9\xa2\x66\x59\x3f\xc7\x68\
\x38\xa1\xc0\x72\xf9\xca\x35\xce\xad\xaf\x32\x2d\x4a\xf2\xda\x52\
\xd9\x4a\x6a\x71\x1b\x11\xa8\x1d\xfb\x5b\x7b\x9c\x3c\x7d\x96\xb5\
\xa3\xeb\x62\xca\x6b\xc7\xe2\xb1\x75\xaa\x38\xe1\xbb\xbe\xfb\x9f\
\xf1\xf0\xe3\xcf\x11\xc5\x09\xda\x37\x8a\x6c\x34\xaf\x03\xaf\xd9\
\x0e\xd8\xc2\xce\xf9\x16\x1c\x4a\xf9\x29\x91\x42\xaa\xe5\xa5\x86\
\x97\x64\x83\x0d\xa6\x83\x2b\xe4\xc3\x6b\x4c\x87\x9b\x64\x83\x2d\
\xb2\xe1\x26\xd9\x60\x83\x6c\xb8\xc1\x74\xb8\xc1\x74\xb0\x41\x36\
\xb8\x4a\xb6\x77\x95\xc9\xfe\x15\xb2\xe1\x06\x45\xb6\x4f\x5d\x15\
\xa4\x91\xa1\xdb\xed\x30\x9d\xe6\x24\x49\xcc\x24\x9b\xb0\x71\x6d\
\x53\x4a\xda\x42\x43\x91\x97\x38\x0b\x59\x3e\x25\x30\x66\x46\xde\
\x6c\x9c\x59\xe7\xa3\xd6\xa6\x3d\x44\xed\xa4\x54\xae\x69\xa7\x20\
\x8c\x60\x41\xc6\x6b\xdf\x71\x13\x2b\x5d\x9a\xd2\x38\x26\x0a\x23\
\x46\xd9\x94\xe5\xb9\x3e\x3b\xc3\x21\xdb\xc3\x09\xcf\x3f\x7f\x11\
\x1d\x1a\xc2\x56\x8b\x5e\xbb\x4b\x5c\xe5\xd8\xcd\xab\x64\x17\x5e\
\x60\xb2\xb1\x89\x9d\x66\x14\xc3\x21\x6f\x78\xe8\x1e\xde\xf7\x8e\
\x57\x10\x8d\xae\xf2\xec\xa7\x3e\x4e\x3c\xb8\xcc\xd1\x38\xe7\xee\
\x73\xab\xdc\x7c\x6a\x0d\xe5\x1a\x58\xe0\x40\xeb\xbc\xe8\x3a\x90\
\xa3\x03\x31\xf0\x79\xc9\x03\xc1\x94\xff\xc8\xb7\x7c\xe5\x3e\x5e\
\x28\xfd\xf3\xcf\xc4\xcd\x29\xf0\x19\x1f\x31\xc7\xf2\xa7\x42\xda\
\x8e\xe1\xeb\x58\xf1\x32\xdc\x60\x81\xca\x73\xd7\xb6\xb6\x76\x88\
\x3a\x2d\xae\x6c\x6e\x31\x19\x4e\xb8\xf5\xf4\x31\xf6\x47\x23\x8c\
\x0f\xc0\x8c\xef\x85\xec\xac\x63\xb1\xd7\xe2\xc8\x7c\x4f\xb2\x3d\
\x38\x94\x31\x84\x69\x8b\xad\xc1\x90\xef\xfe\x81\x7f\xc9\xa7\x1e\
\x7f\x9e\x38\x4d\xd0\xce\x0a\x59\xd6\x03\xbd\xf2\xa8\xde\xbc\xfb\
\xce\xed\x4d\x96\x4a\x1b\xc1\x52\x6d\x5d\xfb\x41\x86\xb2\x16\xd7\
\x09\x1d\xc5\x08\x57\x0c\x70\xe5\x00\x8a\x21\xae\x1c\x62\xcb\x21\
\xb6\x1a\xa3\xaa\x31\xba\x9e\xa0\xac\x7c\x51\x8f\x71\xf5\x18\x57\
\x4d\x50\x36\xc7\xa8\x92\xf5\x55\xf1\x19\xf6\x46\x23\x42\x9f\x57\
\xac\x9d\xa3\xd7\x6a\x49\x7a\x4b\x09\xd3\x60\x3a\x99\x12\x07\x86\
\xfd\xbd\x3d\x9c\x95\xae\xeb\x8d\xea\x95\x94\x89\x26\x8d\x13\xb4\
\x73\x98\x30\x10\xbe\x1d\x10\xc7\xd1\xac\xe3\x51\x59\x4a\xa7\xce\
\xda\x59\xb4\x09\x48\xa3\x90\x6e\x3b\x25\x2b\x4a\x02\x1d\x70\xfb\
\xf1\x23\xdc\x70\x66\x9d\x47\x1f\x7d\x42\x82\x0f\xdf\x1e\x76\x75\
\x75\x95\x88\x1a\xb7\xbb\x45\x71\xf9\x39\xb6\x1f\xfb\x2c\xc3\xa7\
\x1f\x67\xf8\xcc\xa3\x98\x8d\x4b\xbc\xe5\xee\x13\x7c\xd9\xab\xef\
\xe2\xc4\xfa\x2a\x2b\x47\x56\x48\xa2\x84\xba\xf2\xb3\x31\x0e\x29\
\x29\xd9\xf0\x46\x3b\x1d\x00\x6d\x33\xcd\x13\xc5\xe8\x76\x0b\x42\
\xf1\x51\x15\x07\x01\x44\x33\xe4\x57\x24\x4d\x36\xb0\xf9\xf1\xc1\
\xbb\x1e\x52\x88\xcd\x26\xfb\x02\x6c\xa5\xfd\xd6\x35\x1f\xeb\x9a\
\xf2\x3f\x85\x32\x01\x15\xc8\x88\xfa\x95\x65\x1e\xf9\xe2\x53\x1c\
\x5b\xe9\x73\x62\xfd\x08\xbb\x83\xb1\x64\x4c\xfc\x4c\xd7\xa6\x47\
\xcb\x91\xa5\x1e\xfd\x5e\x9b\x28\x49\xb1\x40\x90\x24\x6c\x0e\x87\
\xfc\xc3\x1f\xf8\x57\x3c\xfc\xd4\x05\xe2\x34\xc1\xd5\xb2\x4f\x32\
\x5e\xe1\x00\x22\x71\xd2\x07\x08\x90\xce\xee\x72\xeb\xd2\x04\x08\
\xa7\x0e\x06\xdd\xf8\x1b\xbe\x4e\xe8\xc2\x40\x70\x9b\xc0\x68\x02\
\xa3\x08\x02\xf9\x5e\x14\xc8\x94\x98\x28\x92\xe9\xd6\x71\x14\x11\
\x47\x21\x49\x18\xca\xf7\x43\xa1\x85\xaf\xaf\x2e\x73\xe9\xd2\x65\
\xae\x6d\xed\xa0\x9c\xa2\xdb\x69\x53\xd7\x8e\xe5\xc5\x79\xc6\xd3\
\x92\x28\x8e\x99\x64\x19\x59\x9e\x13\xc7\x11\xce\xf7\xf3\x95\x53\
\xe3\xc1\x45\x3f\xda\x47\x6b\x4d\x59\x57\xb3\x01\x70\x55\x55\x0a\
\x2b\xa5\xae\x08\x42\xc3\x38\x9b\x48\x3e\xcc\xb7\xc8\xd7\xce\x31\
\xd7\xe9\x50\x56\x35\x3b\x83\x21\x67\x8f\x1f\x61\x32\x1c\xb3\xb3\
\xb1\xc5\x85\x8b\x17\x31\xda\xa2\xaa\x12\x55\x15\xb8\xb2\xa6\xb3\
\xd0\x67\x7e\x71\x9e\xe5\x95\x45\x16\xe7\x3b\xcc\xb7\x5a\x1c\x3f\
\xb6\xec\x5b\x8d\xc9\xdc\x0a\x5b\x49\xb8\x4f\xa3\x7f\xe4\x68\x37\
\x62\xd5\xe8\xae\x99\xf0\xd0\xf8\xb7\x26\x20\x68\xb5\x31\x69\x8b\
\xb0\xdb\x43\xf9\x6e\x9e\x07\xbf\xda\xe8\x06\x39\xfd\x52\x5f\xe2\
\xc5\xd7\xe3\x7b\x32\x2d\x5a\x82\x91\x46\xc8\x9c\xc3\xa7\x2b\x02\
\xac\x05\xe5\x81\x5d\x94\x42\x07\x46\xc6\x9f\x6b\xcd\xfe\xfe\x1e\
\xfd\xc5\x79\x6a\x1d\xf0\xd4\xb3\xe7\xf9\x92\xdb\x6f\x26\x6d\x25\
\x6c\xed\x8d\x30\xa1\x4c\xbe\x56\x7e\x48\xa0\xc3\xd1\x6f\xb7\x98\
\xeb\x77\x99\x5b\x9a\x23\x69\xa7\x6c\xec\xef\xf1\x9d\xdf\xf7\x2f\
\xf9\xd4\x93\xe7\x89\x92\xa6\xd5\x9a\x74\x5c\x08\xfc\x88\x75\xfc\
\x7e\x35\xb5\xc9\x4a\x49\x21\x94\x73\x62\xde\x95\x42\x66\xfc\x36\
\xc4\x5f\xaf\x50\xae\x13\xba\x66\xb3\x85\x94\xe8\xe7\x4d\x19\x23\
\x9a\xc8\x68\x5f\x08\x2c\xd5\x4c\xb3\xef\x37\x14\x27\x2b\x20\xed\
\xe5\x2b\x1b\x8c\xc7\x53\x8a\xb2\x64\xae\xd7\x43\xa3\x58\x59\x5a\
\x22\x2f\x6b\xc2\x20\x24\x9b\x66\x32\x10\x37\x94\x26\xd8\xae\xb6\
\x44\xa1\xf4\x0a\xb6\x08\xfe\xa6\x95\xa4\x4c\xaa\xba\x22\x08\xa4\
\xa1\xde\x68\x3c\xf1\x5a\xa7\x22\x8e\x22\xf2\x3c\x27\x2f\x6b\xb4\
\x51\x04\x61\x80\x46\xba\xa6\x27\x91\x54\x73\x3d\x7b\x65\x8b\x28\
\x8e\xc1\x39\x9e\x78\xe4\x0b\xd2\x39\xa0\xae\x64\xf3\xb5\x42\x69\
\xa9\x0a\x0b\xa2\x48\x64\xc6\xdf\x7f\x63\xe6\x67\x26\xcd\x6f\xb6\
\x97\x95\x99\xd9\x13\x35\xe4\x7f\xee\xb5\x94\xf2\x42\x64\x52\x01\
\xd1\x45\x96\x64\x88\x70\xa3\x96\x0e\x8b\x2c\x34\x82\xd5\x78\x89\
\x8d\x10\x8b\x20\x39\xbc\xf0\x79\x84\x5f\x69\x2d\x82\x85\xef\x2d\
\xa7\x25\x9d\xa5\x94\x41\x9b\x10\xa7\xa0\xa8\x4a\xc2\xb4\xc5\xc2\
\xca\x32\x4f\x5f\xbc\x4a\x1c\x1a\xee\xb8\xf9\x06\x72\x1d\xb0\xe5\
\x1b\x89\x3b\x9c\x14\x08\x29\xe1\xfe\x7d\xe4\x93\x9f\xe3\xf3\x4f\
\xbf\xc0\xaf\x7f\xf0\xf7\xf8\xa9\x9f\xfb\x55\xfe\xc1\xf7\xff\x4b\
\xbe\x78\x71\x9b\x24\x6d\x89\xbf\xa6\x64\x9c\x83\x52\x8a\x20\xf0\
\x0d\xce\xfd\x53\xd8\x43\xaa\x4e\x69\x79\x46\xa3\xfc\xb0\x66\x3f\
\xc1\xc8\x59\x8b\xf6\xae\xc9\x75\x42\x27\xeb\x22\x2d\xb3\x9c\x3a\
\x58\x6d\xd7\xb4\xd0\xf7\xce\x6c\x13\x91\xd4\x75\x3d\x0b\xbb\x51\
\x8e\x69\x5e\x30\x99\xc8\xac\xcf\x71\x36\xe1\xcc\xc9\x75\x8e\xad\
\x2d\xd3\x6a\x49\x73\x43\xad\x15\xd3\xbc\x20\x8d\x85\x86\x13\x84\
\xd2\x58\xa7\xdf\xe9\x60\x7c\x67\x74\xe5\x7d\x12\x63\x02\xac\x95\
\xb6\x0d\x5a\x2b\xb2\x69\x2e\xb5\x13\xd6\x62\xb4\xcc\x8b\x18\x8f\
\x27\x92\x5a\xd1\x92\xac\x5e\xec\xb4\x98\x6f\x25\xa4\x49\xc4\xb5\
\xbd\x21\x93\x5a\x11\x24\x31\xfb\xd7\xb6\xb9\x7a\xe5\x1a\x4a\x49\
\xb4\xa7\xc3\x00\xed\x5b\xd2\xfa\xd5\xc1\x29\xe9\x0c\xdf\xfc\xbb\
\xd1\x5c\x62\xda\x5e\x24\x0e\x07\x5a\x4f\xf9\xb5\xf7\xe6\xdf\x39\
\x87\xf2\x49\x73\xe7\x7c\x29\x9e\x73\xd8\x5c\xc6\xb8\x37\x6f\x32\
\x0b\x43\x94\x6c\xd2\xec\xbd\x1b\xc0\xf8\xd0\x87\x39\xaf\xf5\x44\
\xf8\x7c\xa0\xa0\x14\x3a\x08\xa4\x91\xb4\x31\xbe\x81\xa2\x34\x99\
\x0e\xa3\x88\x76\xa7\x8b\x0e\x13\x3e\xf9\xc8\xa3\xbc\xea\xee\x3b\
\xe8\xaf\xae\x90\x55\x35\x75\x51\x90\x86\x21\xda\xb3\x75\x9c\x73\
\x0c\xb3\x09\x9f\xbb\xb8\xc1\x9f\x3e\x76\x9e\x7f\xff\x73\x1f\xe4\
\xa7\x3e\xf0\x3f\x79\xf6\xda\x98\x76\xa7\x23\x80\xfc\xff\x59\xd7\
\x9f\x06\xdd\x9a\x5d\xf7\x7d\xd8\x6f\xef\xfd\x8c\x67\x78\xc7\x3b\
\xf6\xbd\xdd\x7d\x7b\x00\xba\x01\x10\x20\x09\x70\x92\x48\xcd\x92\
\x25\xbb\x6c\x27\x55\xb6\xbf\xa4\x62\xe7\x43\x52\xf9\x9a\x0f\x49\
\xa5\x12\xb9\x1c\xc7\xae\x72\x2a\x91\x2c\x5b\xb2\x23\x6b\x28\x3b\
\x09\xa5\x58\x22\x65\x8a\xb2\x48\x53\x12\x04\x0e\x20\x48\x82\x22\
\x40\x80\x18\x1a\xdd\xe8\x79\xbc\xf3\x3b\x9d\xf9\x99\xf6\xde\xf9\
\xb0\xd6\x3e\xe7\x05\x6e\xe7\x74\xbf\xf7\xbe\xf7\x0c\xcf\x79\x9e\
\xfd\xac\xbd\xc6\xff\xfa\x2f\x9d\xcd\x61\x90\xa6\xf3\xa2\x14\xdc\
\x22\x69\x63\x06\xdd\x74\x5a\x1e\x4d\xa1\xb9\x31\x92\x20\x06\x64\
\x2a\xb6\xa6\x89\x9e\x10\x3a\x97\xd5\xe4\xf9\x98\x3c\xab\x71\x59\
\x85\xcd\x2a\x5c\x5e\x91\xe7\x23\xb2\x7c\x44\x96\xd5\x64\xd9\x88\
\xb2\x1c\x53\x56\x13\xca\x6a\x4c\x59\x8f\xa9\xea\x09\x7b\x93\x09\
\x7b\xd3\x31\x2f\x3c\xff\x3c\x2f\xbc\xf8\x3c\x5d\xef\xd9\x1f\xd7\
\x3c\xf7\xec\x53\xf4\x61\x00\xe3\xe8\x94\x49\xbd\xac\x6b\xaa\x7a\
\xcc\xcb\x2f\x7d\x8a\x76\xf0\x64\xb9\x4c\x16\xd4\x15\xd5\x5e\x4c\
\x29\xf0\xcb\x04\x19\x11\x36\x1f\x02\x3e\xc2\xba\xd9\x50\x56\x25\
\x9b\xa6\xa5\xe9\x07\x42\x80\x2c\x2b\x20\x04\xae\x1e\x4e\x99\x2f\
\x57\xc4\xcc\xf1\xca\x9b\xef\xb0\xdc\x74\xb4\x11\xee\x7d\x78\x8f\
\xc1\x65\xa2\x25\x32\x19\xed\x9d\x58\x03\x40\xb9\xdf\x92\x5a\xd3\
\x05\x15\x1b\x16\x55\x0a\x54\x54\x54\xc3\x6d\x7f\xdf\x39\x5e\x22\
\xb4\x7d\x2f\xe9\x0c\xa3\x8e\x74\xb3\x51\xa1\x93\x87\xbc\x7b\x07\
\x15\x8b\x46\x72\x8c\x09\xc5\x93\x8e\x2b\x87\x4d\x96\x27\xbd\x3b\
\x99\x5e\xa5\x84\x30\x96\xa8\x1d\x68\xca\xfb\x05\x2e\xc3\x38\xc7\
\x83\xd9\x82\xc5\xf9\x05\x3f\xf6\x99\x4f\x91\x5f\xb9\xc6\x66\xdd\
\xb0\x57\x0a\xf3\x68\x3f\xc8\xb5\x2e\x17\x2b\x7c\xef\xb9\x71\xed\
\x1a\xae\xac\xa8\x27\x7b\x54\xa3\x11\x2e\x73\x52\xea\x33\x12\x70\
\xc4\x28\x69\x11\x6b\x15\x96\xaf\x6b\x64\x8c\x11\x72\x47\x15\x38\
\xe7\xec\x16\x4d\x82\x02\x70\x8d\x5a\x03\xaf\x1b\xd9\xed\x1d\x1e\
\xff\x5f\x2f\x6f\xab\xcf\x7f\xfe\x2f\x71\xed\xfa\x1d\x0e\xaf\xdc\
\xe2\xf8\xf8\x19\xae\x5c\x7d\x86\x2b\xd7\x9e\xe5\xe8\xea\xd3\x5c\
\xb9\xf6\x0c\x57\xaf\x3f\xc3\xd5\x1b\xcf\x70\xed\xe6\xb3\x5c\xbf\
\x79\x87\x6b\xfa\xfb\x53\xb7\x9f\x63\x6f\x54\x73\xeb\xf6\x53\x7c\
\xfa\x73\x3f\xc6\x9d\x67\x9e\x21\x73\x70\xf2\xf8\x91\xe4\x84\xd6\
\x3d\xc3\x10\x58\xae\x56\xcc\xe7\x73\xca\xb2\xe4\x53\x9f\xf9\x51\
\x5c\xee\x58\xcc\x66\x0c\x7d\x8f\x31\x32\x49\xda\x29\x13\xb7\xe4\
\x90\x06\xf2\x3c\xe3\xf4\xf4\x9c\x42\xa3\x53\x6b\x22\x5d\xdb\x32\
\x9d\x08\x1f\x88\x71\x12\xb9\x56\x45\x86\x0b\x9e\xc3\xe9\x84\xf7\
\x1f\x3e\x86\x18\xf9\xe4\xed\xeb\xf8\xb6\xe3\xb4\x59\x73\xeb\xe8\
\x80\x6a\x32\x65\xba\x3f\x95\x1b\x3c\x78\xed\x7f\xd5\x5b\x9d\xee\
\xb8\xfa\x49\x62\x2a\xc4\x3c\x6c\x41\x08\xc9\xf7\x34\x69\xef\x8b\
\x60\x18\x63\xb6\xe6\x86\x54\x81\xb0\x16\xdf\x6c\xf0\xeb\x8d\xbe\
\x76\x59\x40\xb7\xba\x6e\x7b\xcc\xa4\xf2\x7e\x40\x0b\xee\x6e\x8d\
\x7e\xcf\xa5\xcf\xa4\xd7\x4d\xf2\x03\x77\x13\xa7\xb3\xd1\x88\x2f\
\xff\xfe\xd7\x78\xee\xc6\x15\xee\xdc\x79\x86\xf2\xda\x75\xee\xbf\
\xfb\x3e\x17\x8f\x1f\x73\xb6\x5c\xd3\x86\xc8\xc5\x62\x4d\x1f\x02\
\xeb\x4e\x52\x4a\x8b\x4d\x8f\xc7\xe2\xbd\x0e\x15\xd4\xb9\xba\x65\
\x59\xd1\xf5\x92\x50\x76\xc0\x78\x3a\xa5\xed\x64\xfe\x98\x35\x86\
\xae\xeb\x64\x2e\x45\x51\xc8\x10\x69\x6d\xa8\x2e\xb2\x8c\xb6\x6b\
\x08\x31\xd2\xf7\x3d\x93\xf1\x44\x84\xf6\xf2\x25\x01\x3c\xfb\xd2\
\x8f\xf2\xdc\xcb\x5f\xe0\xf9\x97\xbe\xc0\x73\x2f\x7f\x81\xe7\x5e\
\xfa\x02\x2f\xbc\xfc\x79\x3e\xf1\xf2\x4f\xf0\x89\x97\xbf\xc0\x27\
\x5f\xfe\x3c\x9f\x7c\xf9\xc7\x78\xf1\xa5\xcf\xf2\xfc\x27\x3e\xc3\
\xf3\x9f\xf8\x2c\x77\x5e\xfc\x11\xee\xbc\xf8\x59\xb2\xb2\x06\x57\
\x62\xf3\x42\x78\xd8\xaa\x11\xe7\xb3\xa5\xc2\xd3\x57\x78\xef\x99\
\x2f\x97\xe4\x79\x86\xcd\x73\x3e\xf1\xf2\xa7\x18\xef\x1f\xb2\x6a\
\x3a\x9d\x69\x50\x09\xe0\x3d\x04\x71\x70\x8d\xa0\x12\x50\x3f\x68\
\x18\x82\x98\xe6\x4a\xe9\xf6\x33\x19\x25\xb9\x69\x24\xc1\x1c\xa3\
\x61\xd5\x74\x8c\xf3\x82\xdc\x49\x7e\x68\xb6\x6a\xf8\xfc\xcb\xcf\
\x11\x5a\xcf\x9b\xf7\x4f\xb8\x38\x39\xa5\x89\x80\x8e\xe1\x04\xb9\
\x69\x31\x88\x9f\x17\xf5\xc6\xcb\xf3\xaa\x39\x8c\x55\x69\x4c\xc2\
\x20\x69\x8b\xdd\xfb\xd2\x4b\x62\x02\xfb\xa1\x63\x79\x7a\xc2\x30\
\x9f\xe3\x57\x6b\xd5\x9c\x97\x90\x24\xc9\x54\x6e\x0f\x10\x77\x3f\
\xdb\xb4\xc9\x4e\x86\xd3\x17\x18\xa3\xbe\x9d\x95\x60\xe1\xf2\x8f\
\x1c\x53\x34\x9f\xcd\x73\x1e\xcd\x57\xac\xd7\x2b\x7e\xe4\x93\x2f\
\x92\x1f\x1c\x02\x96\xc5\xc5\x9c\x5b\x37\x8f\x29\x8d\xa1\xf7\x91\
\x8d\x0e\x87\x69\x5a\x99\x6d\xeb\xa3\xf8\x89\x3e\x88\x1b\x35\x04\
\x61\x62\x30\x26\xd9\x7c\x69\xb8\x49\x0d\xd4\x31\x4a\x1e\x32\x84\
\x1d\x8d\xad\xec\x0a\x05\x7f\x28\x11\x76\xa2\x7e\x13\x17\x6c\x1b\
\x48\xa4\x8b\x06\x53\x94\xc4\xb2\xc0\x67\x39\x83\xcd\xe8\x4d\xc6\
\x10\x1d\x5e\xbb\xf6\x87\x08\x43\x8c\xf4\x3e\xd0\x79\x4f\xa7\x73\
\x20\xd6\xcd\x86\xc5\x6c\xc6\xe9\xa2\xe7\xf1\x2c\xf2\xf0\xc2\xb3\
\xd8\x04\x8e\xa7\x23\x6c\x88\x2c\x57\x1b\xa1\xf2\x6f\x3a\x8a\xa2\
\xe4\xe0\xe0\x80\xe3\xa3\x43\xc6\xa3\x91\x98\x8b\x10\x94\x5f\x43\
\x76\x6b\xa1\x33\xac\x9c\xb2\x97\x1b\xcd\x55\x79\x2f\xb9\xba\xd2\
\xc9\x00\xb6\x51\x55\xe2\x07\xcf\x62\xdd\x10\x08\xac\x7b\x31\xdf\
\xcf\x5e\x3d\x26\x77\x8e\x87\x27\xe7\xdc\x7f\x70\xc6\xa7\x9f\xbf\
\xc5\xdd\x47\x27\xe4\xfb\xfb\x9c\x3d\x14\x94\x32\x46\x8a\xe8\xe2\
\xc3\x69\xea\x43\xcd\x08\x56\xe6\x5b\xa5\x1b\x2a\x8b\xa3\x9a\xca\
\x18\xa2\x55\x27\x3f\xc9\x45\x7a\x1d\xd1\x94\x83\xf2\xb7\xed\x3e\
\x2b\xd7\x90\xbe\x43\x64\x34\x25\x8f\xd3\xf3\xec\x18\x2e\x35\xa2\
\x8d\xf2\x41\xfd\xb7\xbe\x4f\x35\x9b\x3c\x9f\x4c\xac\x93\x73\xb2\
\x86\x3e\xaf\x78\xe5\xcd\xb7\xf8\x89\xcf\x7d\x86\x7a\x3a\x25\x9b\
\x4c\x18\xba\x96\xcd\xc5\x8c\xef\xbf\xf7\x80\xe8\x60\xbe\xdc\xc8\
\xf9\x85\xc8\xa6\xed\x30\x4a\x78\x64\x40\xcc\xa8\x91\xdc\x68\x9e\
\xed\x4a\x92\x7e\x10\xb6\xfb\xa0\x75\x67\x01\x69\xee\xc8\xba\x13\
\x9d\xac\xd1\x4d\x86\xb1\x94\x45\x89\xf7\x42\x17\xdb\x77\xd2\x94\
\xf3\x84\xa6\x2b\x47\x25\xc5\xa8\x24\xaf\x4b\xc8\x73\xba\x18\x59\
\xf7\x02\x71\x5e\xac\x66\xcc\x96\x17\xcc\x96\x33\xe6\xab\x39\xf3\
\xe5\x82\xf9\x72\xc9\x62\xbd\x66\xb9\x5c\x32\x2a\x2c\x9d\x2f\x98\
\x77\x15\x27\x9b\x92\xfb\x17\x90\xb9\x9c\xf3\xf3\x25\x7d\x1f\x59\
\x6f\x84\xb2\xbf\x1b\x06\xae\xdf\xbc\xc5\x90\x0a\xfe\x65\x89\x0f\
\x81\x52\xe1\x36\x51\x03\x89\xdc\x49\x3e\xc9\xea\x8c\x2d\xa7\x91\
\x75\x37\x08\x90\x33\x46\x89\xc0\xca\x5c\xd8\x3b\xbb\xde\x83\x35\
\xbc\xf3\xf0\x31\xd3\xaa\x26\x74\x9e\x6b\x07\x7b\xf4\xfd\xc0\xfb\
\x1f\x9e\xb0\x58\xac\xf8\xe6\xeb\xef\x70\xe3\x85\xe7\x39\x7f\x7c\
\x4e\xd7\xf7\x12\xc5\x6e\x53\x12\x66\x8b\x84\x96\xc8\xd3\x88\x3f\
\x99\x84\x0d\xe4\x3d\xb0\x53\x43\x72\x97\x2e\xef\x5b\xb2\x2c\x63\
\x7a\x74\x28\x5a\x33\xd5\x43\x91\xf7\xa5\xb7\x45\xfd\x58\xfa\x4c\
\x8a\x52\x93\x90\xc5\xad\x66\xd3\x74\x8a\x9e\x43\x30\x49\xab\xc9\
\x4d\x25\xd5\x7b\xad\x68\x41\x9b\x57\x7c\x78\xf7\x1e\x77\xae\x5f\
\xe1\xe6\xfe\x1e\xe5\xf1\x31\x31\xcf\x19\x56\x0b\xbe\xff\xee\xfb\
\xfc\xfa\xd7\xbf\xc5\xba\x17\x7e\x18\x67\x2c\x43\x8c\xb4\xbd\xd0\
\x72\x88\xe6\x52\x2d\xae\x65\xc8\x2c\x2f\xe5\xf2\x54\xc8\xa5\x4b\
\x2f\xd1\x81\x69\x19\xd2\x4b\x74\x9b\x80\x9b\x21\x0a\x34\xdd\x39\
\xcb\xa0\x0d\xf4\xc6\xd9\x2d\xc4\xed\x09\xa1\xab\xaa\x9c\xc9\xb8\
\x64\x32\x2e\x95\xc8\xce\x81\x35\x78\xe3\xf1\xb1\x23\xc4\x96\x21\
\x76\xf4\x61\x90\x50\x59\x50\x70\x58\x3c\x57\x8e\x26\xe4\x65\x4d\
\x44\x58\x8b\x2e\xd6\xf0\xda\xeb\x1f\x70\x3e\x5b\x11\x42\x60\xbd\
\x5a\x4b\x1f\x6d\x08\x5c\xbb\xfe\x14\x5d\xeb\xc9\xb2\x82\xcc\x39\
\x96\xeb\x0d\xc1\x4b\x09\xcc\x1a\x8b\xf7\x81\xa2\x2c\x84\x53\x78\
\x0b\x36\x14\xba\x86\x6e\xe8\x99\xaf\x57\xa0\x93\x6b\xea\x4a\x76\
\xd3\x46\x3b\xcd\xbe\xf1\xe6\xbb\xbc\xf2\xd1\x3d\xea\xba\xc0\x58\
\xf1\x0f\x6f\x3f\x75\xcc\xfe\x68\xc2\x6f\xff\xe6\x57\x79\xfb\xbd\
\x0f\xb9\x79\xe7\x19\xb2\x72\x04\x56\x72\x5b\x26\x73\xe0\x64\x7c\
\x41\x4a\x4f\x88\xb9\xba\xa4\xe1\xb6\x02\x73\x49\xf0\x62\x32\x97\
\x48\xf9\x47\x5f\x4f\xef\x90\x08\x21\xc5\x26\x3b\x4d\x95\xa4\x6d\
\x27\x77\xaa\x1d\x34\xad\x80\xae\xac\x3c\xb3\x3b\x07\xab\xf9\x2f\
\x93\x34\x70\xd2\x80\xd6\x12\x6d\xc6\xc5\x72\xc9\xb8\x2a\xb8\x75\
\x7c\x44\x79\x70\x88\x19\x4d\x20\xcb\x99\x9d\xcf\xf9\xa5\xdf\xfa\
\x5d\xaa\x51\x49\xdb\x7b\xb9\x66\x27\x43\x57\x12\xd3\x69\x50\x56\
\xf4\x88\x68\xfb\xed\x75\x2a\xd7\xb2\xb5\x19\x2e\xbf\x34\xd7\x43\
\xb5\x23\x04\x01\x85\x3a\x27\x81\x99\x51\x58\xba\x35\x74\x5d\x42\
\x0f\x89\x95\x8a\x1f\x27\x74\x56\x79\x68\x9d\x16\xec\x89\xa0\xfb\
\x8f\x10\x03\x21\x0e\x44\xa4\xce\x2a\xc8\x02\xc9\xad\x19\x02\x0f\
\xee\x9d\x12\x28\xb6\xc9\xdd\x60\x22\x45\x21\xac\x94\x7d\x08\x34\
\x7d\x27\xd4\xfe\xa3\x29\xd5\x68\x8f\xae\x0f\x18\x97\x53\x95\x15\
\xa7\x17\x33\xe6\xab\x15\xa3\xaa\xc2\x18\x81\xca\x94\x55\xc9\x10\
\x84\x10\x47\xa8\xba\x94\xe6\xde\x38\xd6\x6d\x47\x50\xf7\x2b\xcf\
\x1c\x55\x99\xb3\xda\x34\x58\x63\x28\xca\x8a\xef\x7f\x74\x8f\xbd\
\xe9\x94\xd9\x66\x03\x58\x0e\xaa\x9a\x7f\xf7\xcf\xfe\x34\x7f\xe1\
\x8f\xfd\x18\xbf\xf1\xa5\xaf\x30\x9b\x2d\xb0\x45\xb1\xd5\x18\x46\
\xcd\x54\x50\x0c\x5f\xd2\x4e\x52\xc0\x36\xba\xc6\xc9\x91\xdf\x4a\
\xd1\xf6\x25\x2e\x6b\xae\xa8\x82\x17\xf5\xbd\x7a\x13\x22\x9a\xe2\
\x8b\x22\x96\x46\x03\x03\xfd\x26\xfd\xbe\x9d\x40\x9a\x94\x03\x4c\
\x81\x4b\x8a\x70\xcd\xce\xf7\x8c\xfa\xdc\x10\x22\x9b\xa6\x61\x5c\
\x17\x5c\x3f\xde\x17\x7a\xfe\xc9\x94\x60\x33\x5c\xee\xf8\xd2\xef\
\xfe\x1e\x77\x4f\x2f\x38\xdc\x3b\x60\x93\xc8\xc1\x8d\x61\xd3\x75\
\x44\x84\xd1\xd4\x7b\x61\x5c\x4a\xd7\x60\xd2\x30\x3e\x05\x1d\xa4\
\x34\x96\x5c\xa8\xa4\xbf\x82\xa6\x44\xb2\x4c\xc0\x9e\x26\xa6\xeb\
\x96\x73\x4f\x8c\x09\x49\xe8\x3e\x96\x56\xc2\x44\x2d\x22\x0b\x0a\
\x4f\x2f\x59\xec\x3c\x48\x3d\xcd\xd9\x44\x96\x6c\xa5\x11\x03\x89\
\xd8\x82\x7c\x97\xbc\x27\xcb\x88\xed\x02\x1b\x86\xad\xf4\x7b\x1f\
\xa8\xc6\x63\xae\xde\x78\x86\xc1\x0b\x2d\x98\x31\x16\xeb\x72\xaa\
\xa2\x14\x32\x1b\x8d\x14\xa3\xde\x58\xa7\x23\x35\xcb\x42\x66\x58\
\xc9\x8f\x50\x5b\x35\x6d\x8b\x8f\x32\x63\xab\x2e\x4b\xda\x61\xa0\
\x1d\x84\x83\x6e\x36\x5f\xd2\x85\xc0\xdb\x8f\x2f\xf8\x83\x0f\xef\
\x93\x55\x35\x23\xeb\xf8\xd4\xad\xeb\x18\xdf\xf1\xee\x5b\xef\xf1\
\xf0\xfe\x23\x82\x11\xcd\x96\x1c\x71\xb8\x24\x74\xaa\xf1\x54\xd5\
\xa4\x15\x52\x9f\x2a\xfd\x7b\xf7\x90\xe7\x91\x1c\xa7\x0a\xa5\x7c\
\x7c\x27\xb4\x68\x83\xd3\x0f\x3f\x54\x84\xf5\x21\xb7\x25\x99\xb9\
\xdd\x57\xab\xc0\xa9\x59\x4d\xda\x4f\x88\x08\x23\xa3\xba\xa2\xc8\
\xa4\x92\xe2\x8a\x12\xea\x31\x21\xab\x38\x7d\xfc\x98\x7f\xfa\xab\
\xff\x92\x83\xab\xd7\xb0\x56\x2a\x19\x69\x4c\x68\xdb\xf5\x60\x04\
\xda\x1f\x82\x06\xde\x51\xb0\x79\x56\x93\xdb\x82\x26\x92\x6b\x76\
\x0a\x3b\x33\x5a\xbb\x8d\x5e\x31\x75\x06\xa5\xf9\x97\xff\x9c\x95\
\x99\xbd\xde\x7b\xac\x42\xad\x42\x90\x3e\x8b\x27\x85\x4e\x73\x4d\
\xf2\xb3\x93\x4a\x63\x1c\xc6\x66\x18\x23\x1d\xf6\x16\xab\x6d\x4b\
\x16\x87\x21\x18\x70\x65\x25\xbb\x45\x73\x36\x76\x73\xca\xa6\x6b\
\xc9\x8b\x9c\xc2\xca\x97\xde\x7e\xee\x93\xb8\xe9\x11\xdd\x20\xf3\
\x1a\x7c\x2f\x1a\xad\x28\x2b\x86\xae\x27\x77\x42\x6f\x90\x39\x47\
\xd7\x76\xd4\x75\x4d\xd3\x75\xec\x4f\xa7\x18\x23\xf0\xa5\x10\x23\
\x2e\x2b\xe8\x7a\x25\x92\xd6\xc9\x35\xd6\x58\x96\x4d\xc7\x78\x54\
\x93\xe7\x39\xf7\x4e\xce\xb9\x7e\xfd\x98\x7f\xf5\xee\x87\xfc\xed\
\x5f\xff\x3d\xfe\xe0\x9d\x0f\xc9\xcb\x9a\x3f\xf6\xd9\x4f\xf3\xf0\
\xe2\x8c\xaa\x2e\x38\x7b\xf0\x80\xe5\x72\x41\x17\x84\xaa\x36\x6a\
\x34\x28\x5b\x69\x27\x1c\xc9\xcc\x26\xcd\xb2\x5d\xe9\x28\x69\x15\
\x71\x5c\x34\x3f\xa5\x37\x28\x45\xab\xe9\x7d\x29\x6e\x48\x48\xa6\
\x64\x8e\xe5\x0b\x2e\xfd\xa2\x6f\x8c\xba\xe1\x93\x56\xd4\x23\xed\
\x04\x5e\x85\xbf\xc8\x75\xd0\x9c\x11\x3f\xd7\x60\x61\x3c\x25\xba\
\x8c\xbc\xcc\xf9\x27\xff\xf0\x97\xb9\x7b\xde\x92\x55\x15\xc6\x59\
\xa1\x1e\x26\x12\x30\x2c\xd6\xd2\xaf\x32\x0c\xa2\x54\xa2\x0a\x5c\
\x88\x7a\x7c\xfd\xbe\x80\x04\x55\x56\x41\xaa\x46\x37\xe4\xe0\x85\
\x31\x35\xcb\x0a\xa2\xe6\xe5\xe4\xdf\x32\xf0\x24\xa8\xbf\xac\xca\
\x8f\xde\x0f\x4f\x0a\x9d\x4c\xb9\x89\x18\x13\x85\xf6\x34\x5d\xb4\
\x31\x18\x1c\x31\x3a\x42\x28\x88\x51\x86\x57\xc4\x08\x7e\x08\x0c\
\x31\xc3\x98\x82\xa1\xdd\xc8\x6e\x69\x57\xd0\xce\xd8\xb4\x3d\x7d\
\x3f\x50\xe6\x42\xf0\xfc\xf4\xb3\xcf\xd3\x6e\x5a\x86\x60\x68\xdb\
\x1e\x82\x74\x21\x1d\x1e\x1e\xd2\xb5\x22\x40\x6d\xd3\x0a\xab\x7a\
\x2f\x13\x5e\xba\xae\x27\x2f\x8b\x6d\xc4\x26\x17\x92\xd1\xb4\x52\
\x42\x23\x22\xd4\xae\x55\x49\xab\x42\x38\xaa\x6a\x1e\x9c\xcf\x81\
\x8c\x6b\x47\xc7\x3c\x5a\xb5\xfc\x37\xff\xe2\xf7\xf8\x8f\xff\xde\
\xaf\xf0\x0b\x5f\xf9\x06\x7f\xff\x9f\xfe\x3a\xfd\x68\xcc\xd5\xa7\
\x6f\x51\x8e\x27\xb8\xbc\xd0\xf4\x43\xca\x7f\x89\x86\x49\x7e\x93\
\x3c\x7e\x08\x4a\x94\xe4\xee\x92\x41\xdc\xbe\xa0\x5a\x4f\x3e\x99\
\x04\x49\x03\x8e\xf4\x6f\x3d\x04\x72\x7f\xd3\x3b\xf5\x80\xf2\xba\
\x1c\xfb\x52\x90\x81\x08\x63\xbc\xf4\xc1\xed\x3b\x8d\x9c\x99\xc9\
\x33\xe2\x68\x82\xcd\x0a\xee\xbd\xf1\x3a\xbf\xf0\x3f\xfc\x1a\xd9\
\xde\x81\x1c\x4c\xa7\x4c\xc7\x18\xe9\x07\xcf\x62\xbd\xa1\x2c\x0a\
\x7a\x4d\xbc\xef\x4c\xbf\x3c\x32\x1d\x65\x3f\x5c\xaa\x8f\x43\x8a\
\xb0\xb5\xa7\x45\x87\xf0\xc9\xde\xdb\x41\x9a\x44\x63\x6a\x6f\xb2\
\x31\x18\x24\x7d\xf2\x84\xd0\xed\x96\x70\xf7\x63\x54\xc5\xca\x0d\
\xb7\x0c\x21\x23\x06\x11\x47\x1f\x0c\xed\x60\xa0\x18\x13\x6c\x41\
\xb3\x5a\x30\xc4\xc8\xf2\xe2\x94\x10\x22\xab\x3e\xb2\xe9\x03\xc1\
\x64\xdc\x7e\xee\x25\xf6\xaf\x5c\xa7\x6d\x06\xf1\x21\x22\x18\x97\
\x41\xf0\xe4\x45\x41\xd3\x0f\x38\x97\x03\x91\x10\x24\x29\x1c\xbc\
\x84\xe9\x5d\xdf\x0b\xc4\x09\xad\x50\x11\x69\xba\x4e\x81\x00\x03\
\x26\x42\x59\x15\xb4\xbd\x44\x4b\x93\x71\x4d\xeb\x3d\x1f\x3d\x3e\
\x63\x3a\x1a\x0b\x32\x76\x34\xe6\xfe\xba\xe5\xcb\xdf\x79\x93\x6f\
\xbf\xf9\x01\xbf\xf1\xdb\x5f\x25\x9f\x4c\x70\x45\x89\x31\x3a\x65\
\x07\x95\x94\x14\x75\xea\x02\xee\x04\x71\xe7\x4f\xc9\x0d\xd2\x12\
\xd9\x56\x68\xe4\x17\xb9\x27\x3f\xa4\x2d\x63\x12\x90\xe4\x2b\xa7\
\x20\x43\x03\x90\x98\x1c\x79\x79\xa4\x4f\x6e\x35\xa2\xbe\xbe\x7d\
\x55\xbf\x74\xa7\x14\xf4\x3e\x8d\xa7\x44\x97\x13\xc3\xc0\xdf\xf8\
\x6b\xff\x15\xb3\x5e\x2a\x08\x85\xce\x08\xf1\xca\x0f\xdc\xf5\xd2\
\x14\x55\x64\x39\xde\x8b\x80\x48\xda\x24\x1d\x57\x3e\x13\x63\x24\
\x7a\x49\xa3\x18\x63\x54\x47\x4a\x9a\x4b\x22\x5e\xb0\x56\x9e\x8f\
\x51\x83\x08\xa3\x63\x99\x22\x62\xf5\x74\x43\x7c\x2c\x13\x67\x5a\
\x60\x5d\x53\x5d\xe0\x08\x36\x6a\x8e\x54\xd2\x08\xdb\x49\xec\x3e\
\x50\xd5\x72\xd3\x82\xb1\x0c\xcd\x52\x26\xee\xac\x2f\xe8\x43\xa0\
\x6b\x5a\x32\x07\x7d\x1f\xf8\xfc\x4f\xff\x71\xfa\x3e\x08\xe3\x52\
\xdf\x49\x34\x9a\x65\x10\x22\x07\xd3\x3d\xd6\x6b\x99\x47\x95\x65\
\x32\x6f\xa0\xaa\x6a\x7a\x2f\xfc\xc4\x43\x3b\x50\x16\x3b\x48\x4d\
\x32\x31\x6d\xdf\x89\x8a\x57\xf2\xea\xb2\xc8\x04\xc4\x39\x1a\x91\
\xd9\x8c\xc7\x17\x33\x5c\x2e\x3e\x60\xea\x1d\xc8\x8b\x8c\x83\xe3\
\x23\xfe\xe9\xff\xf4\x9b\x9c\x5e\xcc\x77\x3b\x37\x09\x93\x6e\xb7\
\x24\x4c\x97\x05\x41\x84\x43\x04\x24\x89\xd6\x56\x20\xf5\x33\x90\
\xea\xd4\xdb\xb7\xc8\xa1\xb7\x72\xab\xdf\x93\xb4\x1f\x7a\xd0\x24\
\xb9\xdb\xef\xba\xa4\x46\x13\x48\xd2\x24\xa3\x9b\xde\x23\xff\xc9\
\x7a\x18\xc8\x4b\x42\x35\x25\x2b\x2a\x7e\xf5\x17\x7e\x81\x2f\xfe\
\xd6\xd7\x19\x4d\xf7\xc0\x7b\x0a\xe7\xd4\x67\x93\x35\x5c\x6b\xfb\
\xa7\x75\x96\x3e\x48\x13\xbb\x7c\xc7\xf6\xf0\x4a\x30\x29\x2e\x64\
\x9e\x0b\x31\xb6\xf8\x6e\xbb\xbe\x08\xa3\x74\xb6\x44\xc9\xfb\x39\
\x1d\xed\x29\x31\x81\xc1\xa4\x46\x72\x3d\xdf\x27\x84\x8e\x28\x5d\
\xda\xf2\xcd\x4a\xe5\x69\xc1\x66\x81\xac\x0c\x14\x55\x24\x2f\x03\
\x36\x13\x1f\xca\x7a\x29\x97\x48\x59\xc4\x62\x63\xc0\x36\xa7\xd0\
\xcd\xd9\xac\xd7\x10\x03\x7d\xdb\x31\xbb\x38\x67\xe8\x3b\xba\xc1\
\x13\x8c\xa1\xeb\x06\x69\x47\xcb\x25\x09\xfd\xe2\x27\x3f\x41\x51\
\x96\x1a\xbe\xcb\x97\x3a\x1d\x0a\x4c\x8c\x52\xd8\xd6\x28\x16\x64\
\xf7\x18\x63\xb7\x13\x5d\x30\x86\x4e\xe7\xd6\x87\x61\xd0\x8e\x27\
\x8b\xb3\x19\x8b\xe5\x8a\xaa\xca\xe8\x87\x1e\x83\x78\xcb\x11\xc3\
\x7b\x8f\x66\xfc\xca\x17\xbf\x42\x31\x1e\x11\x93\xf0\x20\x8e\xba\
\x11\x55\xa7\xe7\x92\xd6\x43\x7e\x76\x9a\x2f\x2d\x99\xfa\x6c\xe9\
\x89\xed\x5b\x95\xab\x2d\xc9\x8b\x18\x4a\xfd\x50\x7a\x63\x12\x44\
\x23\xaf\x25\xff\x30\x49\xf9\x4e\xc1\x5e\xfa\xdc\xe5\x47\xda\x19\
\x72\x8c\x38\x39\x24\x1b\x4d\xf8\xf0\xd5\x57\xf8\x6b\x7f\xf5\xff\
\xc9\xe4\xca\xb5\xed\xf4\x23\x19\xb4\x22\xfd\x10\xbd\xc2\xd5\x33\
\x27\x02\xe2\xd3\x98\x78\xa3\xca\x44\xab\x41\xc2\x68\x2a\xc2\x93\
\x67\xb9\x68\x2c\xdd\x70\x41\x91\x23\x99\x66\x15\x92\xd9\xce\xad\
\x98\xe4\xe0\x35\x8f\x17\xa4\x0f\x26\xa4\x8e\xb3\x1f\xbe\x04\x1f\
\xa2\x98\x2c\x9d\x1d\x2f\x63\x77\x02\xd6\x06\xf2\x22\x50\x96\x81\
\xba\x32\x64\x99\xe4\x72\x42\x0c\x74\xad\x27\x44\x8b\xb5\x19\xe3\
\x3c\x70\xf1\xc1\x6b\x84\x6e\xcd\x66\xb5\x60\xe8\x3b\x7a\x1f\x38\
\xba\x7e\x9b\x7b\x1f\x7e\x40\xdb\xb4\x14\x99\x65\xbe\x5a\xb0\xda\
\x6c\x70\x4e\x50\xac\x75\x5d\x32\x9e\x4c\x28\xcb\x4a\xf2\x3d\x6a\
\x02\x46\x75\x8d\xd5\x69\x88\xd1\x47\x46\x55\xb9\x75\x56\xc1\x32\
\xf8\x40\xef\x3d\x27\x67\x17\xe4\x45\x46\x40\xd8\x3b\xeb\x32\x27\
\xcf\x1c\x65\x51\x32\x5f\x6c\xa8\xcb\x92\x18\xbd\x06\x19\x05\x3e\
\x04\xaa\xe9\x84\x5f\xfe\xb5\xdf\xe2\xee\xf9\x8c\xac\x14\x24\x85\
\xde\x46\x35\xb3\x97\xa1\xe4\x97\xe4\x44\x85\x0c\x55\x50\x49\xfd\
\xa5\xff\x92\x76\x72\xce\x61\x8b\x4c\xa3\x60\x8d\x36\xd5\x1f\x75\
\xda\x95\xb6\x3b\xbe\xfc\x62\x54\x08\xe5\x54\x2e\x09\x5f\xfa\x9a\
\x24\x7c\xfa\xdd\x97\x4d\x34\x55\x8d\x99\x4c\xe8\xe6\xe7\xfc\x95\
\xbf\xfc\x1f\x32\x6b\x1d\x85\x4e\xae\xf6\x7e\xa0\xcc\x45\x88\xba\
\xc1\xd3\x76\xbd\xc0\xc6\xf2\x1d\x55\x6e\x12\x24\x63\x8c\x34\xbd\
\x5b\x4b\xd3\x77\x72\x32\xc9\x4c\x62\xb6\xd4\x1e\x62\x3c\x14\x62\
\xa5\x7b\xd0\x20\x89\x61\x1f\xbc\x98\x52\x2b\x7d\xaf\x69\xd7\x24\
\x8a\xb1\x1f\x78\x74\x7d\x60\xd3\x79\x9a\xd6\xd3\xf7\x92\xcc\x8b\
\x51\xba\xf3\xd1\xa1\x17\x7e\x88\x84\x01\x88\x81\xe3\x83\x52\xfa\
\x23\x6d\x01\xf9\x08\x67\x07\xa2\x5f\x13\x62\x2f\x51\x61\xd7\x32\
\xbd\x7a\x87\x1b\xcf\xff\x08\x1f\x7d\xf0\x0e\x67\x8f\x1e\x51\x94\
\x25\x8b\x8b\x0b\x4e\x4e\xce\x89\x21\x50\x5a\x28\x33\x4b\x5d\x96\
\x94\x65\x45\x3d\x1a\x49\xb1\x59\x5b\xe5\xf2\xbc\x04\x03\xcb\xcd\
\x5a\x7c\x05\x45\x3f\x48\x7e\x4a\xee\x44\x08\x81\xb6\x1f\x64\x61\
\x9c\xa5\xc8\x1c\x75\x91\x13\x88\xe0\x2c\x1b\x9d\x19\xb1\xd9\xb4\
\xec\xef\x4d\x94\xb0\xcf\x72\xb6\xee\xf9\x5b\x7f\xe7\xff\x4b\x18\
\x8d\x89\x4e\xf0\x62\x5b\xb9\x8a\x22\x01\xc9\x91\x87\xad\x6c\xec\
\x84\xcf\xa0\x66\xf2\xf2\x2a\x4a\x6a\xe1\xfd\x77\xdf\xe3\xdb\xbf\
\xf7\xfb\x2c\xee\xde\x27\xae\xd7\x0c\x17\x73\xce\xde\xfd\x80\xf7\
\xbe\xf3\x1d\xbe\xf9\xd5\x3f\xa0\x6b\x5b\xd9\x3c\x49\x70\xb7\x07\
\x46\xbd\xb8\x1f\x84\x97\x01\x92\x07\x4b\x3e\xde\xe5\x4f\xe4\x39\
\xf6\xe0\x88\xa1\x6d\xf9\x07\x7f\xed\xaf\xf0\xce\xbb\xf7\x18\x1f\
\x5d\x61\xd0\x6a\x41\xf0\x9e\xaa\xc8\xe8\x42\x60\xd1\x74\x0c\x21\
\xd2\x0e\x5e\x46\xc1\xfb\x64\x06\x2f\x8d\xc1\x52\x6b\x32\x78\x83\
\x8f\x52\x37\x75\x9a\xfa\x18\xbc\x94\x27\x43\xea\x53\x56\xfc\xa3\
\xa8\x64\x39\x7b\xa2\x44\xb2\xa5\xc2\xa0\xb4\xb7\x0a\x3e\xce\xbc\
\x76\xfd\xc0\x66\xdd\xb3\x5c\x76\x6c\x9a\x0e\x3f\x04\xa2\x37\xf8\
\x2e\xa7\xdd\x94\x34\xab\x82\x76\x53\x10\x7c\x8e\x75\x39\xde\x5b\
\x02\x32\x72\xb1\x9a\x1c\xd1\x35\x1b\x9e\x7f\xee\x16\xed\x66\x4d\
\xdf\x2c\x09\x58\x0e\x9e\xfa\x14\x6d\x28\x58\xcd\x67\x9c\x3e\x90\
\xb4\xc5\x30\xf4\xcc\x17\x73\xd6\xeb\x35\x65\x55\x92\x19\xc3\x0b\
\x77\x9e\x66\xe8\x3b\xea\xaa\xc2\x3a\xc7\xa6\x69\x09\x3e\x52\x14\
\xc2\x64\x94\xe6\x6b\x95\x65\x21\x7e\x0c\x10\x11\x26\xa0\x83\x83\
\x3d\xe6\xf3\x25\x45\x96\x6d\xe7\xad\x8e\xeb\x8a\x18\x25\xcd\xb2\
\xdc\x74\x58\xe7\x58\x6f\x36\x2c\x56\x6b\xac\xb5\xf8\x21\x50\x4f\
\xc7\x7c\xe9\x77\xbe\xc1\x2f\xff\x93\x2f\x52\x1c\x5f\x23\x24\x8d\
\xa4\x1a\xc7\xa4\xbf\x2f\xdd\xe5\xcb\x72\x26\x46\x55\xfc\xdc\xad\
\x9b\xa7\xf1\x83\x09\x91\x2b\x57\xaf\x31\x9a\x8e\xb1\x40\x5e\x14\
\x5c\xb9\x75\x93\xa7\x9e\x7f\x8e\x67\x9f\x7f\x4e\x72\x66\x49\xbc\
\x2e\xb9\x6f\x91\xed\x7d\x13\x01\x93\x2f\xda\x9e\xc8\x56\xbb\x5e\
\x92\x74\xb7\x7f\x40\x30\x39\xbf\xfc\xd7\xff\x06\xe3\xbe\x67\xff\
\xda\x4d\x45\x9e\xe8\xeb\x31\x52\x15\x19\x2b\x2d\x45\xa2\x00\x8a\
\x2c\x81\x07\xd4\x65\xc8\xb3\x4c\x7a\x1b\xc4\xe1\x90\xf3\xd0\x39\
\x1e\x99\xb5\x0c\xde\x13\x11\x24\x90\x57\x1f\xd9\x59\x45\x12\xc7\
\x5d\x1f\xac\x55\xe2\xca\xaa\x12\x72\x1d\x39\x7d\xe1\xb3\x7e\x42\
\xe8\x08\x32\x38\xa4\x6d\x1b\x21\xb4\xf6\x11\x13\x0c\x36\x3a\x4c\
\xc8\x88\x21\x23\x46\x87\x31\x4e\x08\xa5\x83\xac\xb2\x8d\x81\x7a\
\x7a\xc4\x79\x03\x8f\xef\x3f\xa0\x59\xce\x09\x3e\x30\x3e\x7a\x9a\
\x62\xef\x1a\x79\x3d\x25\xba\x92\xe5\xe3\x0f\xe9\x57\x0f\x59\x5c\
\x3c\xe4\xd1\xdd\x0f\x79\xf7\x9d\xf7\xc8\xeb\x11\xeb\x66\xcd\x73\
\xcf\x3e\x4d\xb3\x59\xcb\x9c\xf9\x3c\xa7\x69\x3a\x96\x6b\x19\x05\
\x54\xd5\x15\xc7\x47\x07\xac\x56\x2b\xf6\xf6\xc6\xca\xea\x04\x60\
\x58\x35\x0d\x45\x96\x53\x96\x85\x54\x35\xc6\x35\x9b\xa6\x67\x6f\
\x3a\x92\x66\x6c\xcd\x1b\x9e\x5c\x2c\xb1\xc6\xd0\x6c\x5a\x29\xc9\
\xc4\x20\x73\x4e\xf7\x0f\xf8\xaf\xfe\xd6\xcf\xf3\xe5\x2f\xff\x1e\
\xc5\xf1\x15\x7c\xf2\xe7\x92\xa5\xdc\x06\x54\x69\x89\x54\x54\xf4\
\xdf\x11\x84\xfe\x62\xab\xf8\x22\x71\x08\xdc\x79\xe1\x39\x6e\xbf\
\xf8\x1c\xd9\x74\x82\x1d\xd7\xd8\xfd\x09\xb1\xcc\x29\x46\x23\x8e\
\xae\x1c\x6f\x9d\x6f\xd1\xae\xea\x97\xa5\x30\x61\xfb\xdc\xee\x3c\
\xb6\x19\x17\x93\x84\x5d\x4e\xce\xec\x4d\xf1\xc5\x88\x5f\xfb\x3b\
\x7f\x9b\x62\xb5\xe0\xfa\xad\xdb\x9c\xaf\x5b\x45\x18\xcb\x3a\x55\
\x65\x81\xb5\x19\x9b\xce\x13\x8d\x65\x40\xac\x84\x73\x8e\xb6\x1b\
\xe8\x54\xdb\xc9\xb5\xb8\x6d\xa5\x26\x9a\x84\xe6\xb6\x64\x79\x46\
\xd7\xb5\x14\x85\xf4\xbc\x92\x4c\x6e\x26\xdf\x91\xda\x53\xd3\xfe\
\x1c\x86\x81\x3c\xcb\xb4\x08\x20\x6b\x33\xec\x06\xd2\xed\x1e\xce\
\x78\x0a\x27\xe3\x18\xcb\xcc\x51\x15\x8e\x49\x95\x33\xae\x32\xc6\
\x65\xc6\xa4\xcc\x98\x94\x8e\x51\x61\xa8\x0a\xc3\x7e\x6d\xc9\xad\
\x74\x63\x61\x1d\xd3\x6b\xcf\x72\x7a\xbe\x60\xb5\xb8\xc0\x66\x05\
\x87\xb7\x3e\x03\x2e\x23\xcf\x4b\x6c\x35\xa6\x6b\xe7\xcc\x1e\xbe\
\x8f\xa5\xc7\x87\x8e\xb7\xde\x79\x87\xaf\x7f\xe3\x15\xda\x3e\x50\
\x8f\x4a\xa6\x13\x49\x02\x67\xce\x51\x54\x39\x8b\xd5\x82\x7e\xe8\
\x71\x46\x26\x64\x97\x59\x8e\x89\x81\x5c\x23\xd2\x88\xcc\xb5\xef\
\x06\xcf\x68\x3c\xa6\xeb\x07\xba\x7e\x90\x86\xe3\x08\x4e\xef\x98\
\x31\x52\x3c\xdf\xf4\x9d\x94\xf0\x82\xc7\xda\x08\x51\xaa\x22\x43\
\x39\xe6\x3f\xfa\x4f\xfe\x4b\x7e\xfb\x77\xbe\x4e\x75\xe5\x0a\x41\
\x6b\x9c\xd6\x44\x1d\x3d\xae\xaa\x08\x11\x88\xa4\x8d\x2e\x3f\x44\
\x40\x35\x4a\xd3\x0a\x8c\xf7\xa2\x99\x42\x14\xbe\xbd\x98\xca\x89\
\x97\x67\x9e\xa9\x3f\x98\xd4\x92\xf8\x6a\x97\x8e\x7f\xc9\xe4\x1b\
\x52\x92\x39\x62\x08\xb8\xe9\x1e\xa1\xde\xe7\x9f\xfd\xdd\xbf\x0d\
\x67\x27\xbc\xf0\x89\x4f\x70\x7a\x3e\xa7\x0d\x5a\x3a\xb3\x56\x1a\
\xdb\xd5\xc7\xea\xbc\xe4\xd1\xda\xae\x27\xa8\x76\xeb\x15\x40\x11\
\x74\x06\x44\x8c\x41\xe8\xd7\xd4\xc5\x08\x0a\x5b\x2a\x32\x99\xef\
\x55\x14\xb9\xc2\xfa\xa5\xff\x21\x53\x88\x58\xd0\x13\x97\x63\x48\
\x1e\xd0\xe9\x10\x3a\x59\x67\x83\xf7\x1f\x63\x5e\xdb\xcd\x8a\x6e\
\xb3\xa0\xdb\xcc\x68\xd7\x67\x34\xcb\x13\xda\xd5\x09\xed\xea\x8c\
\x66\x75\x4a\xb3\x3a\x65\xb3\x3c\x65\xbd\x38\x65\x35\x3f\xa5\x6b\
\xe7\x6c\x56\x67\x2c\x17\xa7\x9c\x3d\xbe\xcb\xc5\xf9\x39\x65\x59\
\xd0\xb7\x2d\xd5\x68\x4a\x3d\xaa\x39\xff\xe8\x55\x3e\x7c\xf5\xab\
\x0c\xeb\x19\x87\xd3\x29\xb7\xae\x1f\x10\xb0\x34\x5d\xa4\x1d\x02\
\xe7\xab\x96\x65\xd3\xd1\xf6\x03\x7b\x07\x53\x4d\x0e\x8b\xaa\x0f\
\x43\x60\xbd\x16\x73\xb8\xde\x6c\x28\xf2\x02\xa7\x3c\xb6\x12\xe8\
\x44\x06\x0c\x1b\x25\xdb\x9b\x4c\xc6\x9c\x9e\xcf\xa9\xea\x92\xb6\
\xef\x98\x8e\x4b\xba\xb6\x51\x33\x90\xd1\xfb\x28\x01\x47\xf0\xac\
\x56\x6b\x9a\xb6\xc1\x47\xc0\x58\x86\xaa\xe6\xff\xf4\x97\xff\xef\
\xfc\xd3\x5f\xf9\x12\xe5\xe1\x21\x56\x5b\xed\x44\x98\x92\x04\xec\
\x24\x2d\xb0\x2b\x77\xc9\x1d\x92\xd7\x77\x31\xaa\x08\x55\x54\x2d\
\xb0\xad\x6b\x5e\x7a\x6c\x0d\x64\xfa\x6c\x8a\x8c\xf5\x7d\x71\xfb\
\x9e\x9d\x5a\x15\x81\x0c\xb8\xc9\x1e\x5d\x56\xf2\xcf\xff\xee\xdf\
\x26\x9b\xcf\xb9\xf9\xf4\x6d\x9a\xbe\xe3\x62\xb5\xa1\xd5\xa8\x33\
\x28\x80\xb2\x2a\x72\x36\xbd\x70\xc8\x64\xce\xb2\x69\x04\xc9\x5c\
\x64\x4e\xc8\x76\x74\x78\x72\x08\x01\x6b\x1d\x79\x96\x2b\xdc\x5e\
\xb0\x72\x92\xaf\x13\x20\xb5\xb5\x6e\x4b\x68\xe4\x34\x31\x0c\x22\
\xac\x92\x93\x13\xc2\xef\x61\x18\xc8\xf2\x7c\xdb\x3c\x94\xde\xa7\
\xc8\xe1\xdd\xe3\xca\xf1\x4d\xce\x4f\xef\x73\xf2\xf0\x3d\x4e\x1f\
\x7f\xc8\xe9\xa3\x0f\x79\xfc\xe8\x43\x1e\x3f\xd4\xbf\x1f\x7d\xc4\
\xd9\xe3\x7b\x9c\x9f\x3c\xe0\xec\xec\x21\xa5\xf5\x3c\xb8\x7f\x8f\
\xf3\x93\x7b\x2c\xce\xee\x11\xba\x25\xa1\x5b\xd0\x6c\x56\xf8\x60\
\x58\xad\x66\xf4\xab\x0b\x9c\x6c\x4f\x9e\xbf\x75\xcc\x7b\x1f\xdc\
\x67\x13\x1c\x3e\x0a\xaf\x59\x08\x9e\x6b\x47\x7b\x1c\x4c\x6a\xee\
\xdd\x7f\xc8\xc9\xc9\x19\x46\xc1\x81\x6d\xd3\x30\x0c\xd2\xfa\xb6\
\xde\x6c\x98\xaf\x96\xbc\xf4\xfc\x0b\x74\x6d\xc7\x6c\xb9\xdc\xe6\
\xec\x0c\xb0\x3f\x19\x01\x06\xeb\x60\x3e\x5b\x32\x19\x0b\xf5\x6a\
\x2a\xf3\xf8\x28\x7d\x1d\x79\x96\x51\x57\xa5\x74\x7b\xa9\x89\xf0\
\x83\x27\x2b\x72\x7a\x2c\x5f\xfe\xcd\xdf\xe1\xee\xbd\xbb\x7c\xfe\
\xa7\x7e\x9c\x71\x25\xa3\xc5\x41\xb4\x8c\xfc\x29\x26\xd0\x80\xa6\
\x5a\x9e\xd4\x4a\xe9\xcf\xf4\xae\x9d\x74\xa5\xd7\xb6\xff\xd8\xfa\
\x53\x5b\x93\x49\x72\xca\xe5\xd8\x72\x68\xb1\x4f\xf2\x5d\x81\xfc\
\xe0\x98\xf3\x55\xcb\x17\xff\xbb\xff\x96\x49\x84\x2b\xd7\x6f\xd0\
\x75\x1d\x99\xcb\x78\xe5\xbd\x0f\xf9\xde\xbd\x33\x30\x06\xeb\x2c\
\x43\xdf\xf1\xd4\xf1\x3e\x4d\xd7\xd3\x29\x46\xee\x6c\xbe\x24\x1a\
\xc3\x44\x7d\xae\x60\x2c\x6d\xd3\x88\xb0\xa9\x36\x4e\x70\xa7\xbe\
\xef\xd9\x1b\x49\x30\x87\x6e\xf8\xbe\x1f\xb6\x15\xa3\xbc\x28\x20\
\x4a\xd6\xc3\x1a\x4b\x51\x14\x0c\x5e\x18\x41\xf7\xf6\xf6\x68\x5a\
\x99\x90\x9d\xdc\x9c\x27\x84\xae\xca\x0a\x16\xb3\xc7\xcc\x67\x27\
\x2c\x17\x67\xac\x96\xe7\xac\x56\x33\x36\xeb\x39\xcd\x66\x49\xbb\
\x59\xd3\x35\x1b\x86\xa1\xa1\x6d\x1b\xc6\xe3\x9c\xae\x59\x33\x9f\
\xcf\xe8\x9b\x15\x07\xd3\x52\xde\xbf\x5a\xd1\x7a\xcb\xe4\xf8\xe6\
\x6e\x96\x3b\x86\x71\x21\x08\x94\x36\xca\x0c\x54\xef\x25\x5c\x3f\
\xdc\x1f\x33\x19\x55\xbc\xfb\xde\x47\x32\x57\xc2\x0f\x60\x0d\x7d\
\xdf\xd3\x76\x42\x21\x21\x90\xe8\x9c\x18\x3d\x3f\xfe\x99\x4f\x73\
\x72\x72\xc6\x72\xdd\x60\x9d\x08\xe8\xe1\x74\x8a\x09\x02\x12\x08\
\x2a\x60\xde\x8b\x5a\x77\xd6\xd1\x74\xc2\x93\x57\x14\x05\x9b\x4d\
\x43\x59\xd5\x82\xf7\x57\x4d\x66\x30\xc2\x24\x30\x1e\xf1\xdb\xbf\
\xfb\x35\xfe\xe0\xf7\xff\x90\x5b\xb7\x6f\xf2\xec\x73\xcf\x90\x1b\
\x23\x3e\xae\xb9\x6c\x1c\x76\xb9\xbd\xad\x7c\x6d\x05\x67\xa7\xa3\
\x92\x60\x7d\xec\xcf\x65\x01\xd4\x83\xc4\x64\xce\x2f\x45\x93\xf2\
\x4f\x11\xde\xec\xe0\x88\xb7\xde\x79\x97\xaf\xfe\xe2\x2f\x72\xe3\
\xe8\x80\xf1\xde\x94\xae\xed\x31\x40\xe1\x32\xbe\xfe\xda\xdb\xbc\
\x3f\xdb\x10\x95\xaa\xc3\x46\xcf\xf1\x74\xc4\x62\xd3\xe2\xb4\x4f\
\x78\xb6\xdc\xe0\x5c\x86\xb3\x48\xb3\xbb\xcb\xe9\xda\x46\xa0\x6c\
\x46\xd2\x1c\x46\x23\xf7\xae\xeb\xd8\x1f\xd7\x02\x9e\x2d\x47\x44\
\xe4\x5e\xf8\xc1\x53\x55\x95\x24\xdf\x91\x3c\xa9\xb3\x32\xdb\xb5\
\xed\x7a\xfa\xc1\x33\x1e\x8f\x69\xdb\x96\xae\xef\xb7\x9d\x83\x4f\
\x08\xdd\x74\xb2\xa7\xfd\x09\xd2\x5c\x9c\x76\x99\x41\x23\x38\x2d\
\x79\x58\x27\xe0\x4a\x63\xe0\xda\xd1\x1e\xd3\x49\xc5\xfe\xfe\x98\
\x38\x34\x9c\x9e\x9e\x12\x6d\xc6\xde\xd5\xa7\x88\xc1\xe0\x32\xe9\
\x3a\xc2\x1a\xba\x76\xc1\xe1\x74\xc4\xc9\xf9\x12\x5c\x06\x26\x32\
\xf4\x1d\xa5\x83\xeb\xd7\xaf\xf1\xdd\xef\xbd\x86\x57\x07\x14\x0d\
\xc9\x37\x6d\x03\xca\x4b\x57\x55\x15\xeb\xd5\x9a\xa2\xb0\xfc\xa9\
\x9f\xfb\x59\xee\x3f\x7c\xcc\x7c\xb9\xc2\x18\xd8\x1f\x8f\xa8\xca\
\x82\xbe\x1b\xa8\xea\x9a\xae\xeb\x71\x06\x16\xcb\x25\x55\x59\xd1\
\x0c\x03\xbd\xf7\xe4\x99\xe0\x04\x9b\xb6\x13\xd1\xd0\xd2\x96\x98\
\xd2\x28\xbc\x76\x99\xe5\x7c\xd5\xf1\xe5\xdf\xf9\x3a\xaf\xbd\xfa\
\x06\xb7\x9f\x7d\x8a\x1b\xb7\x6f\xc8\x02\xf8\xe1\x52\xde\x0d\xf5\
\xaf\x8c\xa6\x33\xd2\x42\x25\xed\x97\x34\xd6\xa5\xca\xc5\xa5\x9f\
\xad\x46\x8c\xe2\x83\x61\x34\x90\xd8\xc5\x8f\x2a\x9c\x11\x5b\xe4\
\x84\xd1\x84\x6f\x7c\xf9\x2b\xbc\xfe\xe5\x2f\xf3\xf4\xad\xdb\xe4\
\x79\x2e\xb5\xed\xd1\x48\x80\xa7\x83\xe7\xab\xaf\xbe\xc1\xe3\x56\
\x2a\x3f\xce\x66\xb8\x30\xb0\x37\xaa\x69\x7a\x11\xe6\xae\xef\xd9\
\xf4\x32\x45\x3c\x68\x6a\x2a\x2f\x4a\xba\xae\x55\x3e\x19\xd9\xec\
\xe9\x22\x86\x7e\x60\x6f\x54\x11\x51\xf4\x50\x10\xe0\x67\x08\x51\
\xd8\xb9\x74\xdf\x78\xbf\x1b\xaf\xb0\x69\x1a\x86\x21\x30\x1a\x8d\
\xa4\x55\xb4\x13\xa1\xcb\x72\xf7\xa4\xd0\x5d\xb9\x72\x0b\x97\x09\
\x67\xae\x73\x12\xf1\xe4\x2e\xc3\x65\x8a\x2a\x18\x3c\x6d\xdb\xaa\
\xba\x94\x61\x14\xeb\x8d\x30\x02\x35\xab\x15\x3e\x78\x1e\x3c\x38\
\xe1\xf0\xda\x2d\x9e\x79\xf6\x16\x6f\x7f\xff\x7b\xe2\x88\x66\x86\
\x2c\x33\xac\x66\xe7\x1c\xed\x8f\x38\x3d\x3d\x15\x5f\xab\x5b\xf3\
\xcc\xf5\x3d\x2a\x0b\xcf\xdc\x79\x86\xb7\xdf\x78\x8b\xf5\x7a\xc9\
\x78\x34\x12\xc7\xdb\x44\x9a\x46\x66\xc0\xce\xe6\x73\x61\x6b\xb2\
\x86\xc5\x6c\x41\x9d\xe7\x7c\xf2\x13\xcf\xf3\xfe\x47\x77\x59\x6f\
\x1a\x26\x75\xcd\x74\x32\xa2\x69\x5a\x5c\x96\x91\xb9\x8c\x55\xd3\
\x90\x39\x4b\xdf\x77\xa2\x61\x95\x2c\xc6\xe9\x88\xa7\xbe\xef\xe9\
\x87\x5e\xfc\x10\x35\xb5\x5d\xd3\xd0\x6b\xeb\x5d\x35\xd9\xe3\x8d\
\xf7\xef\xf2\x2f\xbe\xf8\x3b\xbc\xff\xc1\x07\xdc\xba\x7d\x93\x6b\
\xd7\x8f\xb1\x06\xc2\xa0\x43\xea\x48\x0a\x4b\x84\x23\x26\x53\x99\
\x34\xdc\x25\x8d\xb8\x35\xad\xe9\x4e\xe9\x43\x92\xbe\x52\x8e\xdb\
\xba\x7d\x29\x80\x88\x81\x6c\x3c\xe6\xc1\xe9\x19\xbf\xf9\x0f\x7f\
\x91\xfe\xf4\x8c\x5b\xcf\x3c\x2b\x9b\x24\x8a\xc0\x3c\x75\xe7\x19\
\x81\x9e\x2f\x16\x7c\xe5\x95\x37\x59\x78\xa9\x57\x03\x4c\x0a\x2b\
\x9b\xae\xf7\x58\x13\xd9\x74\x3d\x32\x00\x54\x19\x95\x42\x20\xcb\
\x72\x06\x2f\x6d\x82\x86\x48\xaf\x90\xa7\x10\x23\x0c\x03\xa3\xb2\
\xc0\x5e\x82\xee\xb7\x6d\x8b\xb1\x96\xd1\xa8\x96\x6b\x32\x6c\xfb\
\x97\xcb\x32\x67\x36\x5f\x30\x78\x4f\x55\x8f\xe8\x87\x9e\xb6\x6d\
\x64\xdd\xed\xc7\x08\xdd\xe7\x3f\xff\x67\x38\x3c\xba\xc1\xde\xf4\
\x88\xc3\xe3\x6b\x1c\x1c\x1e\xb1\x5e\xcd\x58\x2f\x67\x10\x7a\xae\
\x1c\x1f\xf0\xf9\x1f\xff\x1c\x7f\xf2\x67\x7f\x8a\x9f\xfd\x99\x2f\
\xf0\x73\x3f\xf3\x13\xfc\xe4\x17\x3e\xc7\x8f\xfd\xe8\xe7\xe8\xda\
\x0d\x27\x8f\x4f\xa9\xaa\x92\x1f\xff\xd1\xcf\x60\xfa\x9e\xeb\x57\
\xf7\xd8\x1b\x65\xb4\xab\x0b\x1e\xde\xfd\x88\xf5\x7a\xc9\x64\x54\
\x51\xe5\x96\xe5\x7c\xc6\xd1\x34\xa7\x5b\x2e\xd9\x6c\x96\x7c\xe2\
\x93\x2f\xf2\xda\x6b\xaf\xe1\xbb\x86\xba\x96\xd2\x54\x8c\xd0\x36\
\x2d\xc6\x40\xf0\x81\xe3\xa3\x23\x8a\x3c\x63\xbd\x6e\xf1\x71\xe0\
\xfc\xec\x82\xeb\x37\xae\x6c\x11\x0c\xd3\x91\xc0\xab\x87\x41\x86\
\xd5\x19\x6b\x79\xf8\xf8\x11\x55\x9e\x91\x65\x82\x94\x8d\x51\x92\
\xb7\xd6\xc8\x78\xa5\xa6\x69\x44\x2b\x68\x6d\xb1\xed\x5a\xa2\x97\
\x4e\xb1\xa2\x28\xa4\xf9\x67\x08\x7c\xf5\x9b\xaf\xf0\xc5\x2f\xfd\
\x1e\xef\xbc\xfd\x3e\x57\x8e\x0f\xb8\x79\xfb\x1a\xc6\x0a\xca\x59\
\x7a\x1b\x54\x83\x6d\x83\x0b\xc9\x8a\x8a\xc0\xa9\xa0\x25\xad\x77\
\xe9\x2d\xf2\xda\x65\x81\x53\x01\x8d\xe2\xd4\x9b\xf1\x98\x6f\xfc\
\xfe\x1f\xf0\xb5\x5f\xfd\x55\x6e\x5d\xbb\xc1\xc1\x95\x6b\xda\xa1\
\x2f\x6c\x08\xd7\x6e\xdf\xa4\x28\x4b\xb2\x2c\x63\x39\x9f\xf3\x95\
\x6f\x7d\x9f\xc6\x95\x0c\xa1\x27\x84\x81\xe3\x71\x0d\xd6\xd1\x0d\
\x01\x67\x22\xeb\xb6\x27\x1a\xe9\xcb\x75\x4e\xce\x3f\x2f\xc4\x1a\
\x75\xfd\x80\x75\x19\x5d\x27\x9a\x4c\xf4\x6d\xa0\x2a\x0a\xf2\x4c\
\x2a\x39\x58\x43\xb3\x69\x28\x8a\x82\xba\x96\x39\x20\x68\x35\xc3\
\x65\x19\x79\x9e\x73\x7a\x76\x8e\x31\x8e\xd1\x78\x8c\xf7\x9e\x66\
\xb3\xc6\x25\x58\xda\x0f\x0b\xdd\xff\xea\x3f\xf8\xdf\xf0\xf2\x4b\
\x9f\xe4\xf9\xe7\xef\x90\x17\x86\x8b\xd3\xfb\x3c\xff\xf4\x15\xfe\
\xad\x7f\xfd\xcf\xf1\x6f\xff\x9b\xff\x3a\xff\xda\x9f\xfd\x33\x7c\
\xee\x47\x3e\xc5\xcd\xeb\xd7\x39\xd8\xdf\x67\x3c\x1e\x31\x19\x4f\
\xb9\x7b\xf7\x1e\x1f\x7e\xf0\x01\x67\xf3\x19\x43\x30\xdc\xbe\x75\
\x93\x2c\xcf\x98\x4e\xf6\xb8\x7e\xed\x1a\xcf\x3d\xfb\x34\x2f\xbe\
\xf8\x1c\x59\x51\xb1\x5a\xad\xb9\x77\xff\x21\xa3\x51\x45\xd7\x7b\
\xf2\x5a\xa6\xe1\x5c\xbf\x72\x95\x57\x5f\x7b\x9d\xe7\x9e\x7f\x66\
\x4b\xae\x1c\x63\x64\x88\x52\xea\x32\x06\xca\x2c\xc3\x19\x87\xcb\
\x0c\x8b\xe5\x06\x6b\x2d\x17\x67\xe7\x54\x75\xce\xf1\xd1\x1e\xeb\
\x95\x40\xd6\x37\x6d\x4b\x91\xe5\x84\x18\x59\x37\x0d\x7d\x08\xd4\
\x55\x81\x33\x86\xae\x17\x98\x8e\x50\x2a\xec\xea\xb9\x59\xe6\x30\
\x58\xba\xbe\x65\x18\x7a\x31\x5d\x43\xcf\xc5\xec\x0c\x83\x38\xd0\
\xd5\xfe\x31\x6f\x7c\xf0\x80\x7f\xfe\x2f\x7f\x97\xd7\x5f\x7f\x83\
\x5b\xb7\x6f\xf2\xd4\x53\x37\xb0\x46\x38\x3b\x44\xab\xb1\x13\x40\
\x92\xb0\xa5\x15\xfe\xa1\x84\x81\xc8\xd7\xd6\xcc\x6e\xff\x0c\x81\
\x6c\x34\xe2\x6c\xb9\xe1\x97\x7f\xfe\xe7\x39\x7f\xf7\x03\x3e\xfd\
\x99\xcf\x90\x57\xf5\x56\xa6\xad\x81\x6b\x37\x6f\x30\xde\x9f\x8a\
\xb6\x2a\x1c\x6d\xd3\xf1\xeb\x5f\xfb\x2e\x7d\x5e\x4a\x9a\xa6\x6d\
\xb9\x79\x34\x15\xa4\x4f\x34\x58\x02\xab\xd6\x83\xcb\x84\x9b\xc4\
\x08\xab\x41\xae\xb3\x67\x87\xae\x17\xe6\x85\x7e\x90\x3c\x9b\xd5\
\x39\xb7\x2e\x23\x2b\x72\x31\xc1\x79\xce\x66\xb3\x61\x54\x8f\xa8\
\xb5\x2c\x29\x27\x15\x65\x96\x6d\x66\x39\xbf\x98\x93\x65\x39\xa3\
\xf1\x98\x18\x3d\x45\x26\xc1\x87\xff\xb8\x3c\xdd\x9d\xdb\xc7\x4c\
\x6b\xc3\xeb\xaf\x7e\x8d\x2a\xce\xf8\x5f\xfe\x3b\x7f\x81\x7f\xff\
\x7f\xf1\xef\xf2\xb9\xcf\x7d\x96\xe3\xa3\x23\x71\xee\x15\x76\x1c\
\x15\xaa\x7e\x31\x9f\x71\xff\xc1\x7d\xee\xdc\xb9\x8d\xef\x24\x00\
\x88\x18\x49\xf2\x2a\x09\x75\x37\xf4\xd8\x2c\xc7\xe1\x28\xca\x8a\
\xa3\xe3\x63\x9e\x7d\xe6\x69\x2e\xe6\x0b\x5e\xf9\xde\xeb\xdc\xbd\
\xfb\x80\xd3\xb3\x73\xf6\x0f\x0f\xf8\xb5\x2f\xfe\x16\xaf\xbc\xf6\
\x1a\x18\xc9\x29\xd5\x55\xa5\x28\x0b\xf1\x7b\xca\xb2\x20\x73\x19\
\x65\x5d\xf2\xf0\xe4\x9c\x68\x23\x8b\xc5\x82\x47\x8f\x1e\x31\x5f\
\x2e\xb7\x0d\x22\x43\x90\x3c\xd2\x64\x32\x01\x9b\x81\x71\x54\x55\
\xc9\xfe\xfe\x48\xd2\x03\xdb\x81\x2c\x12\xa5\x89\x89\x15\xed\x11\
\x82\x67\xb3\x5e\xb0\x5e\xaf\x98\xee\x1d\x93\x15\xa5\x26\x43\xa0\
\xaa\x6b\xdc\xfe\x01\xbf\xf6\xfb\xdf\xe3\x7f\xfd\xbf\xfb\x4f\xf9\
\x8f\xfe\x93\xff\x9c\xef\xbe\xf6\x7d\xec\x78\x44\xa6\xac\x47\x62\
\x2a\x2f\x09\xde\xb6\xac\x90\x54\xdc\x0f\xab\x3a\x79\xc4\x28\xb9\
\xb5\x6c\xba\xc7\x37\xbe\xfe\x4d\xfe\xee\x7f\xf6\xff\xa0\xee\x23\
\x9f\xfe\xec\xe7\x94\xf2\x5f\x6a\x9b\x99\x35\x5c\xbb\x7e\x95\xbd\
\xe3\x03\x8d\xe0\x55\x7e\x33\x47\x17\x83\xb6\x13\x8a\xcf\x9d\xe7\
\x05\x21\x82\xb1\x02\x5f\x32\xd6\x61\xd4\x8a\xc4\x18\x89\x41\x88\
\x1e\x8d\x31\xc2\x72\xa0\xe9\x8d\x68\xa4\xc8\x9f\x59\x03\x56\xeb\
\xf0\xda\x6e\x18\x35\x57\x6a\x10\xf5\x9c\x40\x01\x18\x21\x44\xf4\
\x31\x60\xd4\xef\x8f\x01\x8e\x8f\x8e\x65\x8c\x40\xfc\x98\x94\xc9\
\xa7\x3e\xf1\x12\x6f\xbf\xf9\x7d\xfe\x8d\xbf\xf0\x73\xfc\xd4\x17\
\x7e\x94\xd1\x78\x44\xdf\x0f\x9c\x5f\xcc\xf9\xe8\xee\x7d\xde\xff\
\xe0\x2e\xef\xbe\xf7\x21\x6f\xbf\xf3\x01\x6f\xbc\xf9\x36\xdf\xfb\
\xde\xeb\xfc\xe1\x1f\xfe\x11\xe3\xd1\x98\x87\x0f\x1e\x32\x9b\xcd\
\x09\x11\x0e\x0e\xf6\xb0\xce\x6d\xd7\x1c\xe5\xcc\x78\xf8\xe8\x14\
\x67\x0c\xb7\x6f\xde\xa2\x59\xac\xf8\x13\x3f\xfb\x93\x2c\x56\x4b\
\xee\xde\x7f\xc0\xf1\xde\x1e\x59\x91\xf3\xc6\x3b\xef\x72\x3e\x9b\
\x73\x74\x70\xc0\x74\x54\x93\xe7\x19\x4b\x6d\x58\x8e\xd1\x70\xe5\
\xea\x11\xfb\x93\x09\xeb\xd5\x86\x6a\x54\x70\xff\xc1\x23\xf2\x42\
\x30\xfa\xb3\xe5\x9a\xfd\xbd\x31\x46\xb3\xdf\xd2\xb8\x2d\xac\x4e\
\xbd\xf7\x74\xca\x18\x90\xeb\x4c\xd8\xa4\x82\xfa\x61\x20\x73\xd2\
\xe9\xe4\x9c\x61\xb5\x58\x52\xd6\x13\xea\xf1\x3e\xc3\x20\xfd\x03\
\x43\xdf\x08\xd8\x13\x61\x06\xcd\xb3\x8c\xc1\x3a\x5e\xff\xe8\x84\
\xff\xe1\x1f\xfd\x63\xde\x7c\xf5\x55\xae\x5e\x3d\xe6\xa9\x5b\x37\
\xa4\x7f\x20\x91\x3d\x6f\xd3\x28\x3f\xf4\xd0\xc0\x4c\xef\x1a\x44\
\xc1\xfc\x9d\x2d\x16\xfc\xca\x3f\xfc\x47\x7c\xf7\xcb\x5f\xe1\xb3\
\x9f\x7e\x99\xa7\xef\x3c\x27\xc8\x5e\x95\x61\x0b\x1c\x1f\x1d\x72\
\x70\xed\x58\x9b\x69\x24\xff\xe7\x8c\xe5\x62\xb1\xe4\x57\x7f\xef\
\x8f\x68\xa3\x30\xa8\x13\x7a\x8e\xf6\x27\x2c\xd7\x1d\x2e\x13\xfe\
\x60\x8f\xa0\x42\x86\xa1\x95\x56\xc9\xa8\xa5\x46\x63\xe8\x7b\x41\
\x02\x63\x65\xee\x44\xa5\x1c\x31\x59\x21\xd3\x6f\xda\xae\x95\xee\
\xff\xa1\x67\x3a\x9e\x62\x34\xe2\x27\xca\xbe\x72\xce\x12\x63\xe0\
\x62\xb6\xa0\xac\xea\xad\xfc\x94\xb9\x63\xdd\x08\x2b\xfd\x13\x42\
\xf7\xdc\xcd\xdb\xfc\xcf\xfe\xed\xbf\xc4\xa6\x6d\x79\xfd\xad\xf7\
\xf9\xde\x6b\x6f\xf1\xb5\x3f\xfc\x0e\x5f\xfb\xfa\xb7\x79\xe3\x8d\
\x77\x44\x23\x9d\x9e\x33\x9f\x2f\x58\xac\x36\xbc\xf9\xd6\xdb\xd4\
\x75\xc5\xec\x62\xc5\xdd\xfb\xf7\x29\xcb\x9c\xf9\x62\xcd\xec\x62\
\xc6\xc5\x62\xc9\xd9\xf9\x9c\x93\x93\x73\x4e\x4e\xcf\x38\x39\x9f\
\xd1\x74\x1d\xb9\x73\x7c\xe2\x85\xe7\x38\xb8\x72\xcc\xbb\xef\xbc\
\xcf\x9f\xfe\xb9\x9f\xe1\xf1\xe3\x33\x86\xa1\xe7\xf0\xf0\x88\x8b\
\xd9\x42\xe0\xd0\x21\x72\xf5\xca\x11\xce\xe5\x52\xba\x52\xac\xd6\
\xfb\x1f\x7e\xc4\xfe\xc1\x01\xd3\xe9\x44\x3b\xcc\x1c\x0f\x1e\x9d\
\x10\x63\x64\x34\xae\x29\x72\xe9\x34\x6f\xda\x56\xc8\x62\x62\xc0\
\x0f\x50\xd7\x15\x7d\xef\x99\xaf\x56\xa0\xdd\x56\x43\x08\x58\x03\
\x6d\x23\xe3\xa1\x92\x2c\x60\x2d\x59\x26\x91\x21\x28\x28\x51\xc7\
\x0f\x19\x63\x71\x4e\x52\x37\xf8\xc0\xde\x81\x34\xbb\x7c\xed\x5b\
\xdf\xe5\x37\x7e\xf3\xf7\x79\xfb\xdd\x7b\x1c\x1f\x8c\xb8\x76\xf3\
\x3a\x79\x96\xeb\x7c\xdc\x1f\xb2\xb2\x12\x39\x80\x51\x0c\x5a\x59\
\xd0\xb9\x9c\xdf\xfd\xad\xdf\xe6\x37\x7f\xe1\x97\xc8\xfb\x81\x17\
\x3e\xf9\x22\xfb\xc7\xc7\xdb\xa2\x7f\xfa\xfc\xfe\xfe\x94\xa3\xeb\
\x47\xc2\x82\xa1\x29\x06\x8b\x34\x53\x3d\x3a\x3b\xe7\x9f\x7f\xed\
\x15\x96\xeb\x15\x6d\xd7\x71\x34\xa9\x28\x5c\xc6\xaa\x1d\xc8\x2c\
\x34\x6d\x07\xae\x00\x03\xbe\xef\xc8\xf3\x02\x74\xe0\x48\xf2\xef\
\x20\x52\x14\x19\x61\xf0\x54\xca\xe2\x65\xb5\xb2\x20\x3c\x32\x52\
\xbe\x1b\x8f\x65\x74\x96\x4f\xf6\x3e\xca\x00\xe8\x21\x04\x16\xcb\
\x15\xf5\x68\xc4\xa8\x1e\x49\x40\x51\xe6\xac\xd6\x1b\x61\x8a\xfa\
\x61\xa1\xfb\x0b\x7f\xf6\xcf\xf3\xed\xef\xbc\xca\x1f\x7e\xf3\x15\
\xde\x7c\xf3\x1d\x3e\xfc\xe8\x3e\x8b\xc5\x82\xa8\x30\x15\x49\x93\
\x08\x53\xe6\x07\xef\xbd\xc7\x64\x3c\x66\x3c\x1e\x13\x09\x3c\x7c\
\xf0\x90\x51\x55\x90\x97\x25\x8f\x1e\x9f\xb2\xde\xac\x38\xbf\x98\
\x31\x9f\x2f\x98\x2f\xe6\xac\x14\xea\x94\x39\xcb\xb5\xab\xc7\xdc\
\xb9\xf3\x34\x8f\x4f\x4e\x99\x5d\xcc\xf8\xe3\x7f\xec\x27\xb9\x7f\
\xef\x3e\xfb\xfb\x7b\xf4\x43\x60\x3a\x19\x13\xe3\xc0\x78\x54\x53\
\x16\x05\x9b\xa6\x63\x08\x5e\x0a\xfa\xc1\x73\xf7\xfe\x43\x6e\xdc\
\xb8\xc6\x66\xbd\x26\xcb\x32\x56\x9b\x06\x1f\x02\xab\x75\x43\x0c\
\x81\xfd\xbd\x3d\xcd\x0d\x09\x3f\x5e\x3f\x78\xca\x3c\xa7\x2a\x0b\
\xba\xbe\xa3\x6d\x5b\x9c\x71\xd2\xc5\xa4\xdd\x6b\x51\x51\xad\x31\
\x04\x56\x8b\x39\xcd\x66\x21\xe5\x3b\xa7\x53\x81\xa2\x27\x73\x99\
\xce\xa3\xc8\x08\x43\x4f\x56\x14\x52\x69\x08\x3d\xa1\x6b\xd8\xbf\
\x7a\x9b\x30\xba\xca\xd7\xbf\xf6\x1d\xde\x7d\xe5\x3b\xec\x1f\xee\
\x71\xf5\xe6\x0d\x9c\xd5\x3c\x5f\x44\x23\x5b\x49\xd3\x38\x97\x61\
\xca\x9a\x6f\x7f\xe7\x15\x7e\xe5\xef\xfd\xf7\xac\x3e\xba\xcb\x0b\
\xcf\xdd\x61\xff\xf0\x80\x7a\x3a\x95\xe6\x17\xf5\x97\x88\x81\xe9\
\x78\xc4\x95\x1b\x57\xc5\x85\xd1\xa7\x95\x1b\x8a\xdc\x5a\xee\x3e\
\x3e\xe5\x8b\x5f\x7f\x05\x1f\x23\xb3\xd9\x8c\x6b\x87\x53\x7c\x88\
\xf4\x03\x64\x99\xa5\xed\x3a\x6c\x26\xda\x3a\x78\xaf\x1a\x4e\xd8\
\xec\x8b\x3c\xc7\x20\x43\x9e\xcb\x42\xe6\xad\x95\x99\x04\x63\x2e\
\x93\x2a\x84\x35\x46\x40\x99\x21\x32\x1e\x8d\x18\x7c\x90\xfe\x19\
\x6d\x46\x72\xce\xd1\xb6\x2d\xeb\xa6\xa5\xaa\x2b\xea\xaa\x66\xf0\
\x9e\xbd\xb1\x0c\xa0\xf1\x3e\x3c\x29\x74\x37\xae\xdc\xa0\xf7\x9e\
\xa6\xd9\xd0\xf7\x1d\x26\x0d\xf2\x55\xa8\x38\x48\x9e\xee\xfc\xec\
\x1c\x63\x02\xc7\x87\x47\x42\x72\xb8\x69\x69\xdb\x25\x5e\x19\x32\
\xbb\xbe\x83\xa8\x79\xa0\x28\xc3\x65\xdb\xb6\x25\x0e\x03\xed\x7a\
\xc3\xdb\xef\xbe\xc7\x72\x3e\xe7\xc6\x8d\x1b\x3c\x3a\x3d\x61\x6f\
\x3a\xe1\xfa\xd5\x63\x26\x93\x31\xfd\x90\xd8\x37\x23\x8b\xf9\x92\
\xe3\xa3\x7d\x9a\xae\xa5\xef\x7b\xca\xbc\xc0\xba\x8c\xd5\x66\xcd\
\x66\xdd\x90\xe7\x0e\x8b\x98\x85\x61\x18\x88\x46\xf2\x45\xe3\xba\
\x66\xd3\xb4\x42\x21\x66\x2d\x5d\x27\x70\xa8\xaa\x92\x12\x5d\x51\
\x48\xef\x45\x4a\x20\x07\x1f\xc8\x32\x2d\xff\x00\x4d\xdf\x52\x55\
\x23\xac\x15\x66\x27\xeb\x2c\xc3\xd0\xe1\xb2\x8c\xa2\xa8\xb4\xd0\
\x15\xd8\x3b\xd8\x67\xbd\x5c\x12\x7c\xcb\xd0\x35\x7c\xf6\xc7\x7f\
\x8e\x67\x9f\x7d\x81\x17\x9f\x7d\x86\xa7\x8f\x26\x3c\x7c\xe3\x0d\
\xde\x7f\xeb\x1d\x4c\x55\x71\x70\xfd\x2a\x79\x26\x0e\xbc\xcd\x32\
\xb2\xaa\xe2\x83\x87\x27\xfc\xf2\x2f\xfc\x12\x6f\xfc\xab\xaf\xf1\
\xf2\xd3\x4f\x73\xf3\xa9\x9b\x32\x2b\xb5\x1e\x49\x8f\x30\x2a\x59\
\x21\x52\x15\x05\xd7\x9f\xba\x4e\x56\xe6\x4a\x2a\x24\xaa\x4f\xb8\
\xe0\x24\x25\xf5\xfe\xdd\x07\xfc\xcb\xaf\x7f\x97\x21\x78\x32\x9b\
\x73\xfd\x60\x42\xa7\xc3\x63\x32\xe7\xe8\xfa\x9e\x42\xc7\x2a\x09\
\x0d\x5b\x89\x73\x06\x3f\xf4\x52\xc8\x37\xd2\x32\x5a\x55\x05\x71\
\x18\x20\x06\x32\x05\x60\x48\xbe\x53\x7c\x56\xe7\x24\x0d\xd3\x0f\
\x42\xe5\xc6\xb6\x83\xcc\xd0\xb5\x2d\xdd\x30\x50\x56\x25\x75\x55\
\x13\xc2\xc0\x74\x3a\xa2\xaa\x0a\x2e\x66\xab\x27\x85\xee\x85\x3b\
\xcf\x8b\x69\xbc\x98\xb1\xde\x34\x34\x4d\x4b\xdb\x89\x2d\x2e\xf2\
\x5c\xed\x43\xa0\x6d\x3a\x8e\x8f\x8e\x58\xaf\x37\x9c\x9d\x5f\x70\
\x31\x93\x71\x97\xce\x18\x1e\x3c\x3a\xe5\xec\x62\xce\x64\x3a\xc2\
\x44\x83\x8f\x92\x68\x0e\x3e\x90\xe7\x19\x79\xee\x38\x9f\x2d\xb8\
\xff\xf0\x31\xef\xbe\xff\x3e\x45\x91\xf3\xf6\x9b\x6f\x71\x78\xb8\
\x4f\xdb\x76\xdc\x7a\xea\x06\xa7\xa7\xe7\x8c\xc6\x35\x21\x46\xb9\
\x28\x90\x9c\x5b\x9e\x51\xd7\x95\x34\xf5\x00\xcb\x95\x60\xec\x46\
\xa3\x5a\x92\xc4\xd6\x32\xf4\x9e\x2b\xc7\x07\x58\x67\x99\x2f\x15\
\x83\x17\xc1\x87\x40\x91\xc9\x78\xf6\xcc\xc2\xde\x64\xc4\xe0\xc5\
\x64\xb7\x6d\x47\xaf\x73\xbb\xba\xbe\x63\xbd\x59\x53\x16\x15\x18\
\x25\x68\x4c\xbc\xc7\xaa\xe5\x0c\x51\x68\xef\xe7\x0b\x62\xe8\x21\
\x1a\x46\x93\x7d\x5e\xfe\xd4\xe7\x78\xf6\x68\xca\x4b\x47\x39\x57\
\x6a\xcb\xe1\xfe\x3e\xb6\xf7\x7c\xef\x5b\xdf\xe1\x9b\xdf\xfc\x16\
\x76\x54\xe3\xa6\x53\x3e\xb8\x7b\x8f\x7f\xfa\x4f\xfe\x27\xbe\xfa\
\x2f\xbe\xc4\xd3\x7b\x53\x5e\x7a\xe1\x39\x09\x60\x8c\xc1\x15\x05\
\x4e\xe7\xdd\x8b\xad\x17\xd8\xf8\xf5\xa7\xae\x51\x8e\x85\x29\xd3\
\x48\xf5\x5f\x53\x32\xe2\x83\x65\x79\xce\xdb\x1f\xde\xe3\x8b\x7f\
\xf0\x1d\xa9\x36\x18\xcb\xfe\xb8\xa2\xf7\x41\x3e\x63\x2d\xa7\xe7\
\xe7\x34\x5d\x4b\x99\x0b\xce\xcd\xd9\x4c\xf3\x95\xc2\xe5\x8c\x26\
\x86\x73\x27\xfc\x80\xbd\x36\xbd\x63\x1c\x17\x17\xe7\xec\xed\xed\
\x11\x42\xa4\xc8\x25\x95\xd4\x6b\x7d\x35\x25\x99\x9d\x93\xe4\x73\
\x08\x91\xac\xc8\xa9\xaa\x0a\x63\x1d\xf3\xf3\x53\xea\xaa\x62\xb1\
\x58\x3f\x29\x74\x7b\xa3\x3d\xfa\x4e\x8a\xb9\x01\x49\x1c\x86\x20\
\x09\xe1\x61\x10\x46\xed\xbb\x77\xef\xf3\xd4\xed\x1b\x9c\x9d\xcf\
\x78\xf4\xe8\x31\x6d\xd7\x09\x8d\x80\xd6\xe5\xa6\x7b\x53\xb1\xfd\
\x18\x0e\xf6\x27\xac\x96\x52\x70\x0f\x31\x50\x15\xa2\x79\xda\x7e\
\x20\xcf\x25\xa5\x71\x76\x31\xe3\x62\x36\x63\xe8\x5a\x1e\x3d\x7c\
\x48\x55\x8d\x29\x0a\xa9\x48\x74\xc3\xb0\xed\xdc\x5f\xae\x37\x58\
\x63\x19\xd7\x25\x9b\x4d\x2b\xa4\x86\x99\x63\x36\x9b\xb3\x3f\x19\
\xd1\xf5\x1d\x21\x04\x7c\x18\xa8\x4a\x19\xbc\x61\x8d\x76\x9d\x69\
\xe2\x55\x34\x82\x04\x26\x43\x1f\x68\x64\xde\xb8\xd6\x60\x85\x99\
\x32\xcf\x32\xd6\xcb\x39\x06\x21\x00\x34\x4a\x6d\xe1\x7d\x8f\x75\
\x62\x92\x37\xeb\x15\x17\xf3\x0b\xac\x75\x5c\xbb\x7a\x83\xfd\x83\
\x43\x46\x93\x29\x9f\x79\xea\x88\x2f\x3c\x73\x48\x15\xba\x6d\xda\
\xc7\xe5\x39\x57\xae\x5e\x61\x94\x57\xbc\xf6\x47\xdf\xe1\x2b\x5f\
\xfa\x2d\xbe\xf3\xb5\x6f\x70\xbd\xae\xf9\xf1\x4f\xbd\xc4\x64\x3c\
\x61\xf0\x51\x60\xf2\x3a\xaf\xcb\xba\x84\x85\x93\x02\xfd\xb5\x9b\
\xd7\x18\x4d\x27\x5b\x93\x8a\x15\x33\x9d\x02\x15\x8c\x25\xcb\x1c\
\xef\x7e\x74\x9f\x2f\xfd\xab\xef\x50\xd7\x35\x65\x66\x29\xf3\x9c\
\x18\x25\x3a\x0f\x48\x5b\xc1\x6a\xd3\xd0\xf7\x2d\xd6\x1a\xea\x5a\
\x4a\x81\x7d\x2b\xb0\x7f\x6b\x14\x4a\xe5\x7b\x9c\x85\x30\x04\xea\
\x51\x4d\xd7\x75\x6c\x36\x2b\x19\xf8\xd7\xf7\xd4\x65\x8d\xb1\x92\
\x3c\x2e\xb2\x4c\xca\x96\x5a\xf0\x5f\xad\xd7\xa0\x9c\xd1\x65\x59\
\x61\x8c\x61\x71\x71\x4e\x51\x16\x62\xc5\x2e\x0b\x1c\x40\xdb\x75\
\xa2\x99\x12\xc3\x77\x94\x01\x19\x31\x46\xd6\x6d\xc3\xe3\xd3\x13\
\x7a\xdf\xf3\xd6\xdb\xef\x72\xef\xde\x3d\xbc\x22\x11\x06\x3f\x10\
\xad\x61\xb5\x11\x68\x78\x99\x97\xd2\x0f\x11\x23\xa3\x51\x25\x9c\
\x16\xc8\x42\x09\x84\x46\x31\x6b\x46\xf3\x63\x45\xc9\x47\x0f\x4f\
\x99\xaf\x36\xbc\xf9\xfe\xbb\x04\x0c\xd7\xae\x1c\x73\xeb\xfa\x35\
\x4e\x4e\xcf\x04\xcf\xaf\x1a\x8f\x28\x5d\xfd\x44\xc8\x6c\xc6\xde\
\xfe\x94\x8b\xe5\x8a\xbd\xe9\x54\x33\xea\x02\x97\x6e\x9a\x5e\x41\
\xa0\xe2\xab\x38\xab\xe6\xa5\x90\xf9\x60\xd2\xd6\x07\x3e\x42\x96\
\x0a\xdd\x41\x7a\x6a\xcb\xaa\x96\x9a\xae\x5e\x5f\x50\x18\x77\xb3\
\x59\x72\x7e\xfa\x98\xe5\x7c\xc6\x0b\x77\x3e\xc1\x5f\xfa\xd7\xfe\
\x4d\xee\x3c\xfb\x3c\xfd\x20\x09\xd4\xab\x95\xa1\x88\x3d\x21\x7a\
\x09\x12\x8c\x21\x60\x18\xbc\xdc\xbc\xcf\xbc\xfc\x32\x7f\xf6\x27\
\x7f\x8a\xbf\xf8\xb3\x3f\xcb\x73\x4f\x3f\x83\xf7\x91\x21\x68\xe7\
\x8b\xb6\xea\x41\xc4\x07\x49\x4b\xe5\xd6\x72\xed\xfa\x15\xc6\xfb\
\xd3\x1d\x74\x28\xf5\xe5\xfe\x60\x64\x22\xc1\x86\xfa\x8b\xa0\x2d\
\xa4\x46\xd1\xd0\xc6\x30\xf4\x5e\x4c\x77\x51\x62\xb3\x82\xa6\xdd\
\xf0\xf0\xd1\x7d\xda\x66\xa3\xe7\x28\x4d\xdb\x79\x5e\x10\xa3\x44\
\xaf\x89\xe9\x73\xb5\x16\x4a\x10\x63\x1c\x31\x48\x1a\x26\x6a\xc4\
\x6c\x75\x53\x46\x84\xff\xa5\x1f\xa4\xf7\x59\x80\xad\x62\x65\xea\
\xc9\x14\x80\xb2\x2c\x9f\x14\xba\xa8\x13\x58\xbc\x6a\x0c\xaf\x83\
\x31\x7c\x08\x5c\x9c\x9f\xd3\xb6\x1d\x7e\xf0\xac\xd7\x6b\x2d\xbe\
\x2b\x82\x42\x69\x03\x7c\x84\xd5\x7a\x45\x55\x88\x3f\xf2\xf8\xe4\
\x9c\x51\x2d\x7c\x25\x31\x8a\x46\xf1\x5a\x8a\x92\xdd\x2a\x66\xb7\
\xc8\x1d\x2e\xcf\x98\x6f\x1a\xbe\xff\xfa\xeb\x9c\x9f\x5f\xd0\x74\
\x3d\x07\xd3\x29\x3f\xf9\xb9\xcf\xd2\x36\x8d\x4c\x5b\xb1\x56\xd2\
\x1a\x99\xdb\x96\x3f\xb3\x4c\xf2\x50\x79\x96\x89\x63\xae\x82\x9c\
\x22\xab\xc1\x07\xda\x61\xc0\x3a\x29\xe3\x59\x63\xa5\x1d\x2f\x25\
\x65\xd3\xd8\x05\x8d\x5e\x5d\x66\xc9\x8b\x4c\xe9\x4e\x11\x10\x53\
\x14\x76\xf7\xf1\xa8\xe2\xd9\x3b\x77\xf8\xfc\xe7\x7f\x86\x9f\xfe\
\xa9\x3f\xc9\xde\xf4\x50\x09\x7d\x24\x3d\xd3\x34\xad\x9a\x44\xc9\
\x73\x19\xed\xa5\x25\x0d\xd3\xeb\x7a\xfa\x10\xe8\xbd\xcc\x6f\x90\
\xb7\x0a\xd6\xcf\x3a\xab\x78\x02\xc9\x75\x39\xe0\xca\xd5\x23\x26\
\x87\xfb\x92\x9f\x43\x7a\x2d\x52\x75\x56\xde\xa9\xd5\x8d\x10\x21\
\x11\x4a\x6b\x34\x5e\x96\xa5\x54\x34\x94\x10\x28\x04\x81\x96\x57\
\x45\x21\x0c\xeb\x56\xc6\xab\x3e\x3e\x79\x48\xdb\xae\x59\xaf\xd7\
\x84\x18\x31\x2a\x68\x4d\xd3\x52\x16\x32\x70\x7a\xb5\xde\x60\xad\
\xac\x59\xe6\x1c\x2e\x4f\x4d\xef\xb2\xde\x46\x81\x10\xd1\x40\xd7\
\x77\xc4\x70\x19\x5b\x07\xa3\x51\x8d\x55\x2e\x9a\x27\x84\x0e\xad\
\xe7\xa5\x56\xbf\x18\x85\xe2\x75\xb5\x5a\x32\x9d\x4e\x64\xd0\x9b\
\x46\x3d\x12\xae\xeb\x8f\x91\x24\xa3\xcb\x33\x4e\x2e\x66\xd8\x4b\
\xe0\xbe\xb3\xf3\x19\xd3\x51\x89\xfe\x13\x6b\xd9\x02\xfb\x30\x91\
\x3c\x77\x0c\x5d\x47\xd3\xf5\x44\xe7\x58\xb7\x3d\xdf\x7f\xfb\x4d\
\x66\xf3\x25\x9b\xb6\x65\x52\x57\xbc\xf0\xec\xd3\x9a\xef\x32\xe0\
\x23\x59\x22\x54\xd6\xab\x2a\xf2\x82\xa6\x6d\xd9\x9b\x4c\x40\x23\
\xb9\xdc\xd9\x2d\x42\x38\xf8\x40\xf4\x82\x31\xf3\x21\x52\x94\x32\
\xb0\x2d\x5d\x9f\x9c\x97\x00\x3f\x33\x23\x19\x78\xef\xfd\x36\x52\
\x0b\x3a\x56\xca\xfb\xc8\x33\xb7\x5f\xe0\x85\x17\x3f\x45\xf0\xca\
\xf6\x64\xc4\xe7\xcb\xb3\x8c\x75\xd3\x68\x52\x56\x4c\x9e\xe0\xe3\
\x34\x1c\x48\x08\xe4\xe4\xa8\xfd\x70\x9d\x55\x23\x43\x63\x20\xb7\
\x86\x2b\x57\x8f\x99\x5e\x39\x92\x76\x4f\xa3\x8c\x01\x92\x3f\xd9\
\x7d\x4e\x8f\x66\x62\x80\x30\x10\xc3\xc0\x30\x74\xa0\x88\x69\x9c\
\x44\xc9\xd6\x5a\x86\x10\xd5\xc2\xe8\x87\xa2\x74\xbe\x8d\x47\x13\
\x08\x9e\xf5\x62\xc1\xc5\xc5\x39\x3e\x78\xed\xbe\x93\x64\xfa\x7c\
\xb1\x94\xa0\xc3\x09\x27\x49\xe6\x32\x41\xbc\x28\xf5\x44\x64\x27\
\x37\x46\x27\x8c\x5b\x2b\xb9\xc9\x74\x91\x75\x99\x53\xa8\xef\xf7\
\x84\xd0\xc9\x01\x34\xff\xa3\xcf\x34\xcd\x9a\xba\xaa\xf0\x43\x60\
\xd3\x6c\x84\xf7\x57\xe7\x7b\xa6\xcf\xa4\x1d\x1b\x23\x54\x55\xcd\
\xf9\x7c\x41\x51\xe6\x64\xb9\xa3\xf3\x81\xc7\x17\x73\x5c\x96\xe1\
\x72\xa1\xf6\x22\x78\xd1\x6e\xd6\xa8\x4f\x28\xc4\xd9\x06\xcb\xd5\
\x6b\xd7\x79\xf4\xf8\x31\x4d\xbb\xe1\xd1\xe9\x29\x4d\xd7\x71\xf5\
\xf8\x88\xfd\xe9\x64\xcb\xd0\x59\x64\x76\x77\xf3\xd4\xd1\xee\x7d\
\xe4\xf0\x70\x4f\x02\x1e\x34\x52\x1d\xfc\x16\xa6\xd3\x0d\x1e\x83\
\x94\xc1\x8a\xa2\x24\xcf\x32\xaa\x32\xc3\x0f\x1d\x80\x76\x98\xc9\
\x0d\x2d\xb2\x82\xa8\x9f\x43\xb5\x71\x24\xd0\x34\x0d\x57\xaf\x5c\
\x87\x00\x59\x2e\x40\x88\x18\x3c\x59\x26\x90\x9e\xde\xf7\xb2\xfb\
\x53\x93\x8f\x31\xa2\x8f\xe2\x8e\x1d\x60\xfb\x88\x97\x84\x0d\xd9\
\x40\xc6\xc8\x66\x3d\xbe\xa6\xc9\xdf\x94\xcf\xdb\xbe\x2e\xd7\xac\
\x9f\xd8\x6e\xfc\x18\x45\xdb\x99\x18\x19\x9a\x86\x22\xcf\x68\x5b\
\x19\x6f\x0e\x12\x55\x46\x2f\xe5\xbf\x84\x64\x31\x46\x72\xa1\xc6\
\x5a\xf2\xac\x60\x34\xae\x08\x7e\xa0\x1f\x3a\x7c\x3f\x30\x1e\x8d\
\xa5\xd1\xbd\xeb\x30\x89\x2a\x42\xc1\x01\xc9\xdd\x30\x46\x67\x9f\
\x89\x78\x31\xf4\x02\x67\x92\xcd\xa3\x9b\xc8\x5a\xf2\xa2\x24\x2f\
\x84\xfe\xe2\x09\xa1\xe3\xd2\xad\x8c\x11\x96\xeb\xb5\x20\x45\xbd\
\x67\xb9\x5a\x2b\xdc\x46\x24\x3e\x6a\xfb\x99\x51\xfb\x9d\x96\x02\
\x6d\x42\x99\xad\xd6\xf4\x7d\x4f\xe6\x0c\x79\xee\x68\xdb\x86\xc1\
\x0b\xce\x6a\x7f\x7f\x4f\x52\x2d\xad\xd0\xbe\xa6\x1d\x68\xf4\x86\
\x1f\xee\x1f\x31\x9b\x5f\x60\x62\xe0\xad\xb7\xdf\x67\x31\x5b\xf2\
\xcc\xed\xa7\x08\x5a\xde\xca\x72\x31\xdf\x5b\xb1\xd3\x40\xc0\xf7\
\x81\x3d\x2d\x32\x17\x0a\xfb\x11\x12\x17\x27\x50\x27\x67\x69\x5b\
\x69\xf4\x0e\x21\xb2\x37\x99\xa8\xc6\xdb\xf5\x38\x40\x24\x4f\x91\
\xfa\xa5\xe7\x42\x90\x16\xcd\x7e\xe8\x25\x70\x72\x52\x99\x58\xaf\
\x56\xc2\x46\x55\x16\x44\x20\x2b\xa4\x4e\x99\x65\x92\xbf\x4a\x82\
\xb2\x5d\x59\xf5\xc5\x8c\x12\x02\x19\xa5\xd5\xb2\x06\x32\x0b\xc7\
\x57\x0e\x38\xbe\x76\x4d\x34\xf9\xa5\x8d\x25\x02\xf3\x03\x27\x95\
\x5e\xd9\x6a\xd5\xc2\x1a\xaa\xcc\xe2\xb2\x42\x78\x85\x91\xb2\x59\
\xd4\x0a\x0d\x80\x1f\x3c\x3e\x0a\x19\xa4\x1f\xa4\x0f\x56\xb4\xb3\
\x23\xcf\x1d\x8b\xf3\x33\x1e\x3e\xbc\x47\x51\x48\x75\xc1\x87\x40\
\x5d\x49\x6b\xa8\x1f\x06\xf2\x42\xad\x00\xaa\xa0\xb4\xbd\xc8\x39\
\xc7\x7a\xb3\xa2\x69\x3b\x6c\xa6\x01\x91\x4d\x5c\x75\x12\x40\x4e\
\xa6\x93\x27\x85\x6e\x87\x2b\x83\xd5\x7a\xc9\xd0\x77\xaa\xca\x24\
\x75\x21\xaf\xa9\x91\x50\xc1\x13\xe7\xfd\xf2\xef\xb2\x08\xf2\xb7\
\xa3\x1f\x22\xbe\x97\x93\x5c\xce\x17\xdc\x7f\x74\xc2\xfd\x47\xa7\
\xd2\x18\x92\x89\x5f\x18\x2f\x35\xbb\x78\x3f\x30\x1a\x8f\xb9\x77\
\xef\xbe\xf8\x48\x2e\xf2\xde\x47\x77\xc9\xf3\x9c\xa7\xae\x5d\x65\
\xb1\x50\x0a\x59\xbd\x79\xea\x54\xe0\x9c\x63\xb9\xd9\x30\x9e\x8c\
\x88\x11\x9c\x93\xa8\x2a\x6a\x54\x15\x75\x9c\x53\x0c\xa2\xfd\x22\
\x52\xa4\x2f\xb2\x4c\xa1\x3c\x72\x63\x43\x90\x6b\x4d\xf7\x35\xad\
\x47\x8c\x22\x40\xfd\x20\x49\x67\x97\x39\x7c\xf0\x2c\x57\x73\x8a\
\x22\x67\x3c\xaa\xc8\xd5\x0f\x74\x4e\x34\x43\xb6\xd5\x78\xe9\x34\
\x15\xb9\x61\x45\x03\xd8\xed\x8f\xc1\x01\xc7\x87\xfb\x1c\xdf\xb8\
\x46\x50\x0d\x8b\x62\xf4\x92\xc6\x45\x7f\x4f\xa2\x78\x59\xf6\x42\
\x14\x33\x7f\xeb\xd6\x4d\x29\x47\xa1\x9b\xd1\x38\xba\x7e\xa0\x57\
\xb8\xbc\xb3\x6e\x4b\x07\xd7\xb5\xcd\x76\x5a\x78\x59\x55\xd4\x45\
\xcd\xde\x64\xa4\x3e\xae\x61\xb9\x5e\x2a\x33\xba\xa0\x76\x62\x08\
\xe4\x4e\x36\xac\xd3\x79\x12\x31\x48\x1e\xd6\x07\x99\xf5\x61\x0d\
\x64\x2e\xc3\xa6\x79\x13\x51\x36\x54\xee\xac\x26\x9d\x7f\xf8\xa1\
\x8d\x18\xc3\xd0\x33\xf4\x3d\x55\x59\x89\xca\xd3\x45\xdf\xfe\xad\
\x00\x4f\x79\xee\x07\x35\x8e\x8f\x32\xcd\xa6\xef\xb5\x6c\x92\x67\
\x5a\x30\x17\x6d\x56\x56\x25\x36\xcb\x68\x3a\x49\x87\xb4\x6d\x2b\
\x26\x90\x04\x0b\x52\xce\x5b\xe3\x38\x99\x9d\xd3\x77\x3d\xc3\xd0\
\xf3\xce\x1b\x6f\x91\x3b\x43\x5e\x64\x5c\x9c\xcf\xa4\xb1\x46\x6f\
\xa6\x55\xac\x96\x1c\xc7\x8a\x50\x5a\xa3\xd0\x69\x11\xf8\x24\x3c\
\x46\xe1\xd6\x79\x2e\x3d\x9f\x75\x55\xca\x3c\x8b\x18\x41\x21\x3a\
\x92\x10\x17\x38\xbd\x6c\x24\xb9\xc3\xd6\x58\x36\xeb\x25\x2e\x97\
\xf4\xca\x6a\xb9\xa2\x6b\x1a\xa6\x7b\x13\xc9\x19\x6a\x05\x21\xed\
\x05\xe7\x9c\x46\x91\xbb\x9f\x64\x1d\x52\x41\xdc\x3a\x4b\x66\xe0\
\x60\x6f\xc2\xd1\x8d\xab\x3b\xca\x0e\x54\x23\xa6\xb5\xd5\x87\x08\
\xae\xac\xb5\x9e\xb2\x06\x7b\x91\x77\xee\x3d\x26\x44\xcb\xfe\x64\
\x42\x5d\xd6\x44\x45\x0f\x37\x4d\xa3\xc7\x33\x64\x79\x41\x9e\x89\
\x0b\x92\xe7\x19\x31\x48\x32\x3e\x84\x88\xcb\x73\x62\x80\x22\x2f\
\x98\x4e\x26\xc2\xc4\xa0\x1b\xc7\x2a\x67\x61\xba\x4f\xd6\x4a\x65\
\x4a\x5c\x9e\x81\xe0\xa5\x81\x1b\x64\xda\xb8\x31\x56\x1b\x93\x64\
\x54\x53\x91\x17\x02\x9d\xfa\xc1\xcb\x91\x1b\x13\x42\x60\x31\x5f\
\x48\x62\x0f\xb1\xcb\x49\x18\x43\x90\x11\x49\x09\xff\x25\x9f\x41\
\x91\x07\x92\x95\xee\x7b\xd1\x2e\xce\x09\xb7\x9c\x1f\x64\xc4\xa3\
\x75\x32\x1a\x28\x11\xf2\x65\xb9\xa3\x28\x72\xb2\xbc\x90\x8a\x82\
\x32\x35\x46\x9d\x6d\x5a\x55\x35\xa7\xe7\x0b\x7a\x1f\x38\x9f\xcd\
\x19\x7c\x4f\xb3\x5a\x71\xe5\xf8\x10\x3f\x78\xc2\x30\x08\xcf\x9a\
\xfe\xe7\xac\x25\xcb\x73\x56\xeb\x86\x2a\x97\x81\x24\x07\xd3\x89\
\xf0\xe6\x6a\x4f\x66\x8c\x02\x01\xef\x94\x98\x67\x08\x81\xaa\x2a\
\x29\x8b\x8c\xb6\x93\x59\x0f\xc1\x7b\x5c\x12\xba\x20\xa9\x8f\xad\
\x1c\x58\xcb\x7c\x39\x17\x04\xac\xb3\x9c\x5d\x9c\xd1\xf6\x3d\x11\
\x98\x9d\x9c\x72\x78\x78\x4c\xab\x63\x41\x45\xcd\xc8\x28\x51\xa1\
\xb8\x10\x01\x73\x4e\x26\x12\x39\xa5\x48\xcd\xac\x61\x6f\x6f\xc2\
\x95\xdb\x37\x88\x4e\x26\xd8\xe8\x96\x96\xf5\xdd\x0a\x9e\x68\x3d\
\x71\xe3\x44\xdb\xa5\x2d\x1f\x89\xac\xbb\x8e\x47\x17\x33\x6e\x1e\
\xed\xf3\xc9\xe7\x9e\xe5\xc6\xb5\xe3\x6d\x8e\x71\xe8\x3a\x35\xd5\
\x12\x90\x0c\x5e\x14\x42\x56\x94\xdb\x8d\x86\xba\x28\xd1\x20\x4c\
\x4e\x83\x17\xf0\xab\x93\x66\xea\x4c\x87\xd7\x44\x15\x38\x10\xe0\
\x26\x88\x7f\x18\x88\xac\x56\x4b\xda\xb6\x21\xb3\x52\x9c\xeb\xbd\
\x27\xe8\x48\x2d\x22\x6c\x36\x9b\x8f\x11\x3a\xa2\xa4\x43\x14\x96\
\x6c\x9c\xf4\x40\x7a\x15\xb8\xa0\xf4\x4f\x88\xdc\xc9\x67\xb6\x66\
\x56\x3a\x80\x52\x14\xe3\x9c\x91\x08\x35\x69\x46\xbd\xf1\x62\x16\
\xb5\x15\x2d\x0a\xd5\x40\xa9\xb8\xac\xae\xeb\xb6\xc7\xb3\x6a\x46\
\xba\xc1\xe3\x0d\x3c\x3c\x3d\xa7\xef\x7b\x8e\xf6\xf7\xb9\x76\xe3\
\x8a\xf8\x65\xc3\xc0\xa8\xca\xa9\x72\xf1\x33\xc3\x30\x90\xe7\x8e\
\xba\xd6\x61\x29\x46\x72\x43\x02\x7a\x14\x73\x6a\xd4\xac\x3a\xab\
\x7e\xa4\x31\x4c\x46\x35\x56\xfd\x93\xc1\xf7\x5b\x13\x19\xf4\x9c\
\x8d\xce\x9c\xcd\x9c\x63\xb5\x98\x6b\x0d\x12\xee\xdd\xbf\x8b\x8f\
\x01\xd7\xf7\x7c\xf6\xce\x53\x4c\xc6\x23\x9a\x4e\x22\x66\x34\xb9\
\x61\x8c\xf8\x4c\x36\x13\xa2\x99\x4c\xa7\x0d\x25\x6d\x3a\x99\x8c\
\xb9\x7a\xeb\x86\x0c\x3d\x51\xbf\x56\xfe\xdc\xfd\xb6\xd5\x77\xe9\
\xaf\xed\xa6\xd7\xf7\x19\xc3\xc5\x72\x4d\xef\x03\x3f\xf5\xf2\x0b\
\x9c\x9d\x9d\xd3\x0d\x9e\x3c\x17\xae\x92\xe3\xc3\x3d\x0e\xf7\xa7\
\x2a\xb8\xc9\x0f\x97\x96\x43\xc9\xcb\x0a\x91\x8e\xc0\x20\x22\x47\
\x87\x47\x72\x3f\x7a\xd9\x40\xce\x4a\xb5\x22\x51\x72\xc8\x97\xcb\
\x7d\x92\xf4\x95\x98\xdc\xc9\x74\x42\x5e\xc8\xfc\x36\x63\x2d\x61\
\x90\x9c\xa5\x90\xf0\x08\xd3\xc0\x13\x42\x27\xb3\xe9\xa3\x38\xea\
\x51\xb6\x95\x51\x86\x9e\x24\x4c\xfc\xe0\x3e\x04\xbd\x14\xaf\x79\
\xa2\xf4\x30\x9a\x86\x10\xba\xfd\x24\xa1\x72\x03\x77\xd1\x8d\x3c\
\x19\x63\x94\xee\x72\x4d\xe0\x8a\x6f\x09\x45\x51\xb1\xda\xac\x19\
\x4f\x27\xb4\x3e\x70\xf7\xe4\x8c\x87\x8f\x4f\xb9\x7e\xe5\x1a\xd3\
\xc9\x84\xcc\x1a\x2d\xde\xc3\xd5\xc3\x29\xcf\xeb\x48\xf1\x0f\xef\
\x3e\x50\x15\x2f\xb8\x3e\x49\x77\x78\xda\x4e\xaa\x16\xa2\xd1\xd5\
\x44\x68\x1b\xdd\x78\x54\x13\xbc\x6c\x1c\x9b\x98\x26\x43\x0a\x30\
\xc4\x5f\xca\x9c\x63\xbe\x98\x31\xf8\x96\xfb\x0f\xee\x71\xff\xde\
\x87\x5c\x99\x8c\xf8\xb9\xcf\xbc\xc8\xa8\x14\x20\x64\x3f\x24\x1a\
\x55\xd9\x6c\x06\x35\xa9\x36\x8d\xb4\x92\x7c\x9c\x01\xc6\xe3\x9a\
\xab\x4f\x5d\xc7\x64\xb9\xbe\x5d\xd7\x69\xbb\x86\x46\x52\x1b\x49\
\x73\x2a\x04\x4a\xe4\x2d\x09\x8f\x6c\x90\x8f\x1e\x3d\xa6\x2e\x72\
\x3e\xfb\xfc\x33\x2c\x16\x2b\x7a\xed\x4d\xc5\x5a\x9c\xb1\x7c\xea\
\x85\x67\x30\x51\x68\x74\xb3\x4c\xcc\xa8\xb5\x22\x3c\x22\x58\x96\
\x5e\x87\xac\x58\x27\x1d\x74\x83\x0f\xda\xbf\x2a\x0d\x4c\x42\x43\
\x21\x51\x70\x54\xff\x5e\xee\xa5\xf0\x33\x67\x4a\x4e\xde\x0f\x83\
\x04\x76\x41\xa7\x59\x67\x8e\xf7\x3f\xbc\xcb\xa3\x47\x8f\x9f\x14\
\xba\xb6\xe9\x28\x8b\x82\x30\x68\x84\x68\xa2\xe4\xb6\xa2\x26\x32\
\x49\xe3\x15\xd3\x78\x6f\xa4\x0e\x99\x7a\x26\xd3\x0e\x50\x71\x94\
\xf4\x8a\xd8\x7c\x44\x86\x45\xd8\x22\xbb\x5d\xba\x95\x47\x19\x3d\
\x94\x65\x39\x7d\xdb\x09\x1a\x36\xcf\x24\xf1\xeb\x1c\x75\x35\x02\
\x97\x71\xff\xe1\x09\xaf\xbf\xf5\x0e\xd1\x1a\xf6\xf7\xf7\x39\x9c\
\xee\xcb\xa0\xbb\x75\x43\xd7\x76\x3c\x7e\x74\x42\xa3\x25\x3b\x6b\
\x2d\x79\x26\x2c\x95\x79\x51\x08\x15\xad\x52\xd5\xfa\xe0\x25\x72\
\xd5\x53\xb1\x16\xaa\x52\x02\x1b\xab\x14\x0b\x62\x76\xc4\xac\xa1\
\xec\xe6\x9b\xcd\x8a\xcd\xa3\xf7\x08\x17\xf7\x61\xe8\xf9\xc9\x97\
\xee\x70\x34\xae\xe9\xba\x81\xc2\x59\x82\xa6\x69\xd4\x0e\x22\x1f\
\xd5\xf4\x89\xc8\x10\xc4\x48\x5d\x57\x5c\x7b\xea\x9a\xd4\x59\x2f\
\x47\xff\x89\xb3\x02\x7e\x70\xa2\x8f\x9e\x43\xfa\x97\x31\xe2\xa0\
\x1b\x03\x0e\xcb\x3b\x1f\xde\xe3\xb9\x67\x6e\x72\xf5\x70\x4a\x55\
\x4a\x8d\x39\x46\x70\x56\x70\x76\x6d\xdf\x52\x57\xb9\x08\x8a\x86\
\xea\xd6\xe6\xdb\x8d\xe1\xc3\xc0\x30\x78\x86\x5e\xf2\x7d\xfd\xe0\
\xa5\xee\x4a\xa4\xc8\xa4\x2f\x36\x4b\x16\x50\x73\x9c\x11\x41\xe5\
\x18\xf5\x09\x37\x9b\x5d\xe7\xde\x66\xb3\xa6\xeb\xd6\x74\xed\x8a\
\xf5\x72\xc6\xd9\xe9\xa9\xf8\xda\x72\x25\xbb\x87\xe4\x62\xa2\xc0\
\x97\x2f\xa3\x4b\x75\xf1\xd2\xc5\x26\xc9\x4e\x8b\xe1\x75\xd6\x28\
\x3f\xb8\x66\xa0\xa1\x74\x88\xea\xab\xa5\xb2\x97\x2e\x56\x44\xf8\
\x88\xe5\x38\xb2\x73\xd0\x30\xbb\x69\x36\x44\xef\xa9\xea\x9a\xf9\
\x72\xc9\x95\x2b\x87\x02\x8c\x74\x32\x4c\xf8\x83\x8f\xee\xf3\xf8\
\xf4\x0c\x8c\xec\x26\x1f\x22\xf7\x1f\x9f\xd1\x79\x41\xad\x46\x44\
\xbb\x38\xad\x31\x62\x84\x59\x4a\x4a\x5b\x91\x61\x08\x14\x45\x81\
\x1f\x02\x99\xcb\x69\xdb\x5e\x2b\x26\x5e\xe8\xc5\x8a\x1c\x6b\x11\
\x34\x6d\xba\xd9\xda\x78\xfc\x27\x3f\xf5\x34\xd7\xc6\x05\x55\x91\
\xf3\x63\x2f\x3d\xcf\xa4\x2a\xb8\x76\x7c\x40\xa6\x02\x15\x94\xe7\
\x43\xb6\x92\x5c\x5b\x12\x3c\xab\x1a\xee\xfa\xad\xeb\xd2\x29\xc7\
\x25\x5f\xc5\xec\x84\x4f\x65\x54\xf7\xa6\x6e\x50\x23\x28\x5e\x23\
\x1e\x8a\xac\x7e\x8c\xb4\xc3\xc0\x83\xd3\x0b\x3e\xf1\xec\xd3\xac\
\x57\x0d\x4d\xd7\x63\x34\x71\xeb\x7d\xe0\xc6\x95\x03\xde\x79\xf3\
\x5d\x29\x6d\xe9\x57\x01\x74\x5d\x23\xd5\x8f\xcc\xe2\x3b\xb1\x30\
\x83\xef\xc9\xd4\x9f\xcd\xf3\x4c\xe0\x4f\x1a\xa8\x45\x23\x81\x98\
\x7c\xad\x9c\x93\x60\xec\x0c\x7d\xd7\xca\xfc\x5e\xc5\xe4\xad\x16\
\x73\xba\x66\x01\xb4\x9c\x9f\x9f\x53\x96\x25\x37\x6f\x5c\x7f\x52\
\xe8\xf2\x42\x26\xa4\x38\x9d\xff\x94\x2e\x4a\xd6\x4d\xd3\x21\x29\
\xa1\xa5\xc2\x17\x52\xaa\xc4\x1a\x49\x9d\x40\x5a\x29\xa9\xc7\xa9\
\x09\x40\x49\xaa\x0b\x1d\xf7\x28\xc7\x96\x9f\xb8\x4d\x74\xca\x8d\
\xb5\x59\x46\x56\x14\xac\xb5\x78\xdc\x74\x3d\x31\x04\xa6\xe3\xb1\
\x30\x6f\x62\x38\x3a\x38\xe0\x62\xb5\x66\xb6\xdc\xb0\xde\xb4\xb8\
\xcc\x6e\x41\x9c\xa3\xa2\x20\x57\x27\xdd\x62\xa8\x8a\x0c\x3f\xf4\
\xaa\xd9\xc4\x64\x86\x10\xe8\xfb\x41\x4a\x3f\x6a\x86\x57\x4a\x87\
\xda\x0d\x3d\x59\x9e\x31\xae\x6a\x46\x4a\x33\x46\xf0\x58\x64\x70\
\xcb\xb7\xdf\xfe\x88\xdf\xf9\xf6\xeb\x7c\xfe\xe5\x17\xb8\x79\x74\
\xc0\xb8\xca\xb9\xb2\x37\xd6\xeb\x92\x0d\x40\x92\x15\x95\x29\x15\
\x1b\x26\xd3\x09\xd7\x9f\xba\x81\xcd\x75\x03\xe8\xda\x27\x21\x53\
\x91\xdb\xde\x93\x1f\x90\xc7\x6d\x64\x2c\x95\x0b\xa3\xd0\xf2\x8b\
\xf9\x92\x40\xe0\xfa\xd1\x21\xab\xb6\xa3\x55\x72\x1c\x63\xc4\x99\
\x3f\x9c\x8e\xf8\xf7\xff\xe2\xcf\x32\x6c\x66\x52\xb6\x0b\x11\xeb\
\x32\x96\xcb\x05\xd6\x49\x34\xea\x83\xf4\x1b\x4b\x30\x21\xd5\x19\
\x71\x0d\x44\x4c\xf2\x2c\xc3\x0f\x83\x94\x1a\x55\x19\x99\xd4\x23\
\x6b\x2d\x7e\x18\x84\x8b\x47\xa3\xd5\xae\x5b\x93\x3b\xc7\xde\x68\
\xc4\x95\xa3\x23\x9e\x7b\xfe\x39\xae\x5f\x39\x7e\x52\xe8\x9a\xf5\
\x46\x54\x28\xb2\x4a\xb2\x66\x72\x70\xc9\x27\x39\xf5\x2b\xf4\xe2\
\xb5\x48\x2e\x2e\xc7\x6e\x37\x83\x2c\xb6\x1f\x3c\x83\x4e\x4b\x14\
\x89\xda\xe5\xf3\x44\x31\x26\xc7\x56\x34\xa8\xa4\x6b\xbc\x70\x5e\
\x64\x39\x65\x3d\xd2\x3e\xd7\x92\xb3\x8b\x19\x47\x47\xfb\x14\x79\
\x8e\xf7\x9e\x6b\xc7\x47\xd8\xe0\x39\x9f\xcf\xd8\x74\xc2\x30\x65\
\x8d\x70\xdd\x95\xda\x75\x6e\xb4\xae\xea\x40\x6a\x8e\x4e\xf0\x77\
\x12\x58\x44\xfa\xa1\xd3\xb4\x48\xa0\x2a\x0b\x82\x11\x6d\xef\xac\
\x44\x9b\x51\xd1\xc2\x55\x59\x08\x5f\x4b\x14\xd4\xc7\x2f\xfd\xc6\
\xbf\xe2\x7c\x31\xe7\x4f\x7c\xee\x25\xac\x09\x64\x16\xa6\x63\xc5\
\xd9\xa9\xab\x81\x0a\x4c\x5a\x64\x13\x03\xfb\xfb\x53\xae\xde\xb8\
\x2a\x9a\x78\xab\x71\x74\xe7\xa1\x56\x24\xad\x87\x3c\xa3\xbf\xec\
\xd6\x1c\x31\x06\x5b\x01\xcd\x9c\xe3\xc1\xd9\x19\x57\x8f\x0e\xd9\
\x9b\x8c\x39\xdb\x6c\xc0\x5a\x05\x2c\x68\x43\x7b\x3f\xf0\xb9\x67\
\x6e\xf0\x67\x3e\x7d\x87\x8b\xf3\x47\xe2\x73\x65\x32\x72\x29\xcb\
\x84\xbd\xb4\x69\x3b\xda\xb6\xc7\xb9\x8c\xbe\xef\x71\x56\xa7\x15\
\x45\x11\x6c\xf1\xf3\x3c\x56\x2d\x14\x88\x82\x48\xca\x68\x18\x02\
\x65\x5e\x92\x39\xc3\x66\xbd\x60\xe8\x7b\xae\x1e\x1d\x72\xeb\xe6\
\x53\x8c\xc7\x63\x88\x91\x7b\x1f\xe7\xd3\x55\xb5\x40\x51\x64\xbf\
\xca\x65\xa7\xc5\x91\x62\xba\xaa\x78\x23\xbe\x98\x38\xe4\x12\x05\
\xa1\xe6\x58\x76\x87\x11\xc6\x1f\xa5\x89\x8a\x1a\xc5\x86\x18\xc8\
\x9c\x50\xbe\xfe\xc0\x62\x23\xc7\x4c\x65\xae\x10\x02\x04\x99\x94\
\x9c\xe5\xd2\x91\xbf\x6e\x3a\xda\xa6\xe3\xca\xf1\xa1\x64\xd1\x89\
\x5c\x3d\x3a\x64\xb5\x5c\x31\x5b\x2e\x09\x26\xe2\x3d\x02\x18\x1d\
\x06\x82\xb5\x5b\x5f\x34\xcb\x24\x25\x32\x0c\x5e\x76\xa5\x32\x0b\
\x98\x2d\xf1\xb3\xdc\xc8\xaa\x28\x08\x0a\xc9\xce\x35\x8b\x1e\x62\
\xa4\x28\x4a\xa6\xd3\xa9\x8e\x22\x8a\xac\xda\x86\x4f\xdc\xba\xc6\
\xf3\x4f\x1d\x13\xa2\xc7\x98\x48\x95\x59\xaa\x4c\x92\xcf\x26\x0a\
\xf1\x87\xd5\xbb\x66\x08\x4c\xf7\xa7\x1c\x5d\x3d\x06\xab\xa6\xff\
\x92\xf6\x4b\x6b\x2d\xcb\x11\x35\x4f\xb2\xf3\x03\xd3\xeb\xe9\xfd\
\xa8\x80\x8a\x72\x70\xbc\x73\xf7\x21\x4f\xdf\xbc\x4e\x51\x94\xdc\
\x3f\x5b\x48\x19\x4e\x73\x68\xfd\x30\x50\x66\x96\xb6\x1f\xf8\xf3\
\x3f\xf9\x39\xfe\xfc\x67\x9e\x63\x7e\xf2\x10\x3f\x48\xd2\x37\x12\
\xe8\xda\x4e\xb4\xb4\x16\xf4\xdb\xae\xd7\xb1\xe9\x10\xd1\xb9\x5f\
\x7a\x1f\xa3\x72\xa4\xa0\x7e\xb1\x35\xd2\x2e\x79\x3e\xbf\x10\x61\
\x8e\x81\x71\x99\xf3\xf2\x0b\xcf\x72\xed\xea\x15\x1e\x9d\x9e\xf3\
\xd6\xbb\x1f\xf1\xc1\xdd\x87\x2c\xd6\x1f\x93\x32\x49\x09\x3f\xa9\
\x43\xa6\x4b\x14\xa3\x91\x0a\xe3\xb2\x13\x45\xb0\x02\xb2\x46\xb2\
\x28\x69\x1e\x83\x98\x49\x49\x2b\xe8\x62\x69\xa6\xdf\x87\x48\x99\
\x58\x28\x2f\x89\x5c\x7a\xa4\x45\xd6\xc3\x4a\x54\x5b\x14\xf8\x20\
\xc4\xd6\xf7\x4f\x1e\x53\x15\x05\x93\x51\xc5\xe9\xe9\x05\x07\x7b\
\x13\x8c\xf6\x3a\x9c\x5f\x2c\x24\x4d\x13\xe4\x86\x5f\x9c\x5f\x80\
\x15\x64\x4b\x50\x1a\xd2\xd5\x66\x03\xdb\x64\xaa\x20\x32\x22\x32\
\x79\x27\xf8\xc0\x64\x34\x92\x6a\x83\x93\xf9\x64\x65\xa1\x60\x4a\
\x8d\x66\xcb\xba\xc2\xfb\x40\xe9\x1c\x3f\xf1\xe9\x17\xb0\x51\xe9\
\x64\xbd\x74\x49\x8d\xaa\xb4\xa1\xe4\x0a\xac\x31\x94\x79\xc6\x95\
\xab\x47\x1c\x5d\x3d\x26\x24\x41\x91\xdd\xb9\xd3\x6c\xdb\x55\x50\
\x7f\xcd\xb0\x7d\x26\x69\x3e\x11\x42\x79\x3a\x09\xa1\xb5\x96\xfb\
\x27\x27\x9c\x5e\xcc\xb8\x73\xeb\x26\xd1\xc0\xc3\x8b\xb9\x50\xb2\
\x1a\x41\xab\x44\x3c\xa5\xd3\x81\x70\xc0\xbf\xf7\xa7\xff\x38\xff\
\xdb\x7f\xe3\x4f\x62\xd6\x33\x35\xa9\x5e\x90\x35\x79\x4e\xa1\x14\
\xaf\x83\xce\x01\x8b\x88\xb2\x28\xf3\x4c\xfc\xe9\x94\xd3\x43\x36\
\x94\x1f\xe4\xb3\x8d\x02\x7d\xad\x93\x34\x56\x5d\x95\xb4\x5d\xe4\
\xcd\x0f\xee\xf2\xde\xdd\x87\xd4\xa3\x8a\xbc\xc8\x04\x06\xa5\xab\
\xb3\x7d\x6c\x4d\x9e\xe1\x87\x34\xd1\x4e\x06\x93\xf5\x04\x55\xaf\
\x69\xc5\x2e\x9b\x84\xf4\x49\x4d\xc8\xa6\xe7\x82\x9a\xea\x5d\x44\
\xb8\x7d\xe7\xd6\xc4\xca\x2b\x92\xf7\x23\x4a\x17\x7a\x55\x57\xf8\
\xe0\x99\xcf\x97\xcc\xe6\x0b\x46\xb5\x90\x60\xaf\x37\x2d\x7b\x7b\
\x13\xd0\xb6\xb7\xf9\x72\x0d\x99\x4c\x40\x8c\x08\x5a\x38\xc1\xb5\
\xc6\xf5\x98\xaa\xc8\xf1\xda\x28\x13\x43\xc4\x46\x2b\x1a\xc9\xca\
\x60\x16\x3f\x78\xf2\x3c\xa7\x1d\x04\x16\x55\x16\xc5\x36\xb7\x47\
\x94\xa4\xa9\x31\x10\xa2\x97\x20\x23\x78\xe2\x20\x49\x6d\x80\xdc\
\x49\x53\x37\xba\x71\xf7\x0f\xf6\xb9\x7e\xfb\x16\xd3\xa3\x23\x2d\
\x0d\xa2\x9c\xce\xbb\x87\x2e\xc7\xa5\xdc\x9b\xac\xc8\x0f\xbc\x4b\
\x5d\x69\x8c\x91\xda\xb7\x7e\x6e\xb5\x5c\xb1\x9c\x2d\xa8\xf2\x9c\
\xab\x7b\x53\xda\xde\x73\x7a\xb1\xd4\xd6\x4f\x31\xc7\x31\x8a\x09\
\x8d\xd1\x12\x71\x78\x0f\x3f\xfa\xe2\x1d\xfe\x83\xbf\xf8\xa7\xa8\
\xac\x25\xf8\x48\x5e\xc8\x98\x25\xe7\xd2\x58\x76\x6d\xd4\x09\xb2\
\x71\x8a\x5c\x36\xbe\x51\xff\x3c\x5e\xda\xc8\xce\x59\x9a\xb6\x95\
\x00\x54\xc7\x5e\xb5\xc1\x70\xb6\x5a\x71\x31\x5f\x32\x1e\x95\xd4\
\x55\x89\x51\x40\xf0\x13\x42\xa7\xf7\x5b\x05\x66\xfb\x8b\x1a\x5b\
\x4d\x75\x98\xd4\x0c\xa2\x51\xad\x06\x14\x69\x91\x8c\x9a\x59\x8b\
\x84\xeb\xb2\xd2\x3b\xf1\xf5\x41\x3a\xe2\x49\xfe\x4e\xca\xf9\xa8\
\xb9\x89\x7a\xdc\xa8\xe0\xd1\x10\xa3\x94\xb6\xb2\x82\xc1\x07\x1e\
\x3d\x96\xce\xaf\xf1\xb8\x66\xb1\x5c\x73\x78\xb0\xaf\x3b\x33\x17\
\x8d\x37\x5f\x72\x7a\x76\x4e\xdf\x7b\xf1\x0f\x75\x80\xda\xe0\x45\
\xa0\x9c\x93\x1b\xe1\x35\xd9\x1d\xf5\x06\x66\x59\x8e\xd7\x7f\xcf\
\x96\x2b\x4e\xcf\x2f\xc8\x32\x31\xbf\x49\xfd\xc4\x10\xd9\xdb\x9b\
\x92\xe5\x39\xaf\xbd\xfd\xa1\x44\x70\x41\xf2\x97\x46\xab\x22\x55\
\x29\x59\x7e\x67\x1d\x07\x57\xaf\x90\xd7\xb5\xa0\x45\xd2\x0f\xaa\
\xd1\x75\x61\x76\x02\x96\x1c\x35\xdd\xf4\x69\x0e\x98\xae\x6b\x7a\
\x48\xf9\xcc\xd0\x75\x3d\x77\xef\x3d\x60\xba\xbf\x47\x9e\x67\x4c\
\xeb\x92\xc5\x7a\xc3\x7c\xd3\x48\xc0\x14\x3c\x79\xe6\x70\xa8\x75\
\x71\x8a\x48\xce\x1c\x03\x86\x17\x6e\xdd\xe2\xa9\xe3\xc3\xed\xfa\
\x1a\x65\x49\x37\x51\x7a\x20\x44\xc0\xc4\xb4\x3a\x2b\x39\x4b\xa3\
\x73\x23\x4c\x54\x6c\xa2\x75\x14\x59\xc1\x6a\xb5\xa6\xae\x2b\xa6\
\x7b\x13\x30\x96\xb6\xef\x99\xcd\x85\x1e\x24\x06\x01\xa5\x7a\x2f\
\x9b\xff\x09\xa1\x33\x5a\x63\x4b\x8b\x62\x48\xff\x96\xd7\xb6\xbe\
\x9e\x31\xc4\x20\x41\x84\x48\x53\x4a\xab\xe8\x12\x6d\xcd\x96\x24\
\x5e\x93\x39\x40\xa7\x55\x0b\xa8\x53\xdf\x28\x5f\x2c\xeb\x6d\xa5\
\xba\x27\x25\x28\x4d\x6e\x6a\xb5\x23\xcf\x73\xac\x75\x34\x5d\x47\
\xa6\xa4\x88\xa9\xc6\x3a\x19\x8f\x58\xaf\x37\x72\x1c\x27\x70\xaa\
\x10\x83\xe6\x9c\x44\xa0\x05\x1f\x67\xb0\x48\x80\xb0\x6d\x18\x8f\
\xe2\x43\xd9\x4c\x86\xde\xa1\x5d\x4d\x82\x80\x31\xdb\x2c\xbd\x6c\
\x08\xad\x4b\x4e\xf7\xf9\xe0\xf1\x19\x4d\xd7\xc3\xd6\xbd\x90\xf9\
\x73\x65\x9e\x0b\xc1\x50\x9e\xe1\xf2\x42\x4d\x8a\x8c\x44\xd8\x09\
\xd1\x65\x69\x12\x91\x15\x4d\x98\x7c\x27\xf9\x32\xc3\xee\x5e\xc8\
\x32\x89\x60\x1b\x6b\xd8\xb4\x0d\x57\xae\x1e\x53\xd4\x25\x99\x75\
\x8c\x8a\x8c\xd9\x62\x29\x33\xd2\x14\xb3\x98\xe7\x19\x45\x9e\x33\
\xaa\x6a\xac\x53\x60\xaa\x73\x58\x97\x63\x0a\xd9\xc4\x99\x75\x5b\
\x33\x5a\x97\x85\x44\xb0\x09\x94\x19\xc5\x0a\x48\xab\xa6\xf8\xa2\
\xc9\x6d\x0a\x41\xd6\x3f\x73\x32\x7b\xf7\x99\xa7\x9e\xc2\x19\x99\
\x40\x7e\x31\x5b\x30\x19\x8f\x34\xe8\x40\xb2\x04\x3a\x67\xe2\x49\
\xa1\x53\xb3\x23\x39\x35\x59\x18\xc9\xda\xab\xa0\x99\x5d\x08\x2d\
\xa9\x12\x54\x35\x5e\xe2\xc6\xd5\x23\x25\xcd\x65\x35\xfd\x92\x8e\
\x31\xf4\x9e\x4a\x51\xc7\xa2\xfd\x92\x1f\x23\xb5\x48\xa3\xdf\x19\
\xc2\x40\xaf\xb3\xdf\x03\xa2\x51\x5d\x9e\x49\xdf\xc4\xaa\x21\x46\
\x61\x5d\xef\xdb\x81\xe3\xc3\x3d\xba\xae\x61\xd3\x34\xa0\x66\xd0\
\x65\x9a\x1f\xd4\x73\x92\x4a\x87\x7e\x9f\x9e\x73\xdb\xf5\xdb\xd2\
\x5e\xca\xce\x07\x4d\x0e\xb7\x5d\x07\xdb\x72\xdc\xee\x5c\xd1\xc0\
\xe4\x7c\xb9\x61\xbe\x58\x49\x54\x2b\x97\x0c\xc6\x90\x15\x19\x55\
\x5d\xcb\x20\x63\x23\x34\x0b\xf2\x8e\x5d\xe4\xb0\x15\xa4\xb4\x5e\
\x06\xa9\x3c\x5c\xb2\x2a\xc8\x53\xc4\x54\x3a\x54\x1f\x0e\x6b\xe9\
\x06\x21\xce\xb9\x7e\xfd\x1a\xf3\x55\x43\x59\xe4\x64\xce\x08\x0b\
\x67\x2f\xa4\xde\x7d\xdf\x83\xb5\x8c\xaa\x92\xaa\x2a\xb1\x36\xc3\
\x38\x81\x9c\x1b\x23\xc5\xfe\xba\x2e\x35\x61\x2e\x9b\x45\xd2\x59\
\x09\x82\x2e\x67\x91\x39\xb7\xdd\xb0\x06\x81\x64\x61\xc4\x55\x2a\
\x14\x62\x96\xbb\x02\xef\x61\xb9\x69\xd9\x74\xbd\xa2\x92\x0b\x91\
\x23\xcd\x16\x44\xd5\x4f\x4f\x08\x1d\xc6\x08\x19\xf4\x72\x21\x37\
\x70\xbb\x9e\xa2\xed\xa4\x8c\x23\x3b\x56\x9e\x97\x3f\x13\x41\x43\
\xd4\x9b\x2c\xff\x12\xd3\x21\xbe\x82\x96\xbd\xac\x74\x0b\x15\xb9\
\x64\xc6\xd3\x31\x0c\x62\xf2\x4c\x32\x2d\x0a\x33\xef\xfa\x4e\xd8\
\x87\x82\x1c\x2f\x53\x52\x9c\x47\x67\x67\xca\xf0\x28\xec\x4b\xce\
\x3a\xa6\x93\x31\xcb\xe5\x82\xc5\x6a\xb5\xad\x6d\xca\x77\xc8\xf7\
\x0c\x83\x38\xc2\x31\x8a\xef\x15\x7d\xc0\xfb\x41\x4c\xea\x25\x3f\
\x45\x7c\x20\xa1\x3a\xdd\x74\x3d\x99\x4e\x73\x96\xa8\x5a\x36\x88\
\xb5\x86\xc6\x47\xde\xb9\x77\x8f\xbc\x50\xe8\xbb\x11\x52\x1e\x81\
\x2c\x29\x9d\x5a\x9a\xde\xe8\x9c\xfa\xb1\x97\x82\xab\xed\x2a\xa9\
\x9f\x97\x06\xd9\xe9\x6e\xdd\xae\x85\xae\x8d\xb5\x52\x70\x97\x0f\
\x1b\x0a\x2d\xd6\xaf\xdb\x8e\x22\x17\x82\xea\x87\xe7\x17\x5b\xf2\
\xec\xbe\xef\x21\x46\xf6\xf7\xc6\xd4\x55\x21\xa3\x45\x9d\x93\x81\
\x81\xce\x32\xf4\x03\xab\xa6\xc5\x59\x01\x24\x14\x45\xce\x72\x2d\
\xb4\x6c\xd6\x39\x32\x85\xb3\x17\x85\x24\xb0\x83\xd2\xbd\x1a\x2b\
\xda\x2c\xd3\x60\xab\xeb\x7a\xba\xa1\xe3\xf1\xf9\x39\xeb\xa6\x95\
\x2e\xb4\xe9\x78\x5b\x9d\x92\x6b\xd0\x2d\x7b\x29\x85\xb4\x7d\xf8\
\xc1\xa7\x34\x1c\x6d\xdb\x49\x06\x5b\xa5\xdb\x1a\xa1\xd8\x22\xca\
\x45\x83\x54\x13\xd2\x8d\x15\x11\x93\xe4\xa0\x46\xfc\x2a\x90\xe0\
\x8c\xe0\xd3\x8c\x71\x34\x5d\x2f\xb5\x3c\x51\x93\x97\xc4\x4e\x3e\
\x9b\x65\xb9\x7c\x38\xca\xbe\x18\x7a\x99\x2d\x6b\xac\x60\xe6\x5c\
\x96\xb3\x6e\x85\xc9\x29\xfa\x40\x59\x55\x84\x10\x39\x3e\xd8\xc3\
\x1a\xcb\x7a\xb3\x96\x36\xc3\x6d\xed\x54\x32\xf3\x31\x6a\xe6\xbc\
\xef\x71\x0a\xe3\x96\x7b\x2c\x6a\x5f\xba\x99\xf4\x3c\xac\x8c\x52\
\x6f\xba\x4e\x40\x8b\x09\xbe\x9f\xcc\xb1\x81\xa2\xac\x78\xed\xbd\
\x8f\x68\x37\x6b\x41\x3e\xe7\x52\xd4\x4f\xee\x89\x98\x41\x59\xab\
\x54\x07\xc6\x88\x98\xc9\xb7\xa4\x35\xd3\xeb\x57\xdc\x99\x22\xe0\
\xb7\x5b\x52\x14\xb0\x60\x01\x45\xcb\xa4\x8e\x7c\x71\x31\x86\x61\
\xa0\x2e\xa5\xd4\xf7\x68\x36\xc7\x5a\xab\xf7\x44\xde\x5b\xe6\xb9\
\xf0\x88\x18\x83\xd3\x80\x24\xb7\x8e\x7b\x0f\x1f\x33\x9b\xaf\xa9\
\xca\x82\xb2\x28\xe9\xba\x5e\x1c\x7d\xb5\x38\x31\x0a\x21\x4e\xa5\
\xd3\xa9\xb7\x04\x41\x9a\x90\x2e\x94\x09\xab\xeb\x5a\x56\x9b\x46\
\x73\x9d\xb9\xf0\xcc\xe4\x85\xb4\x27\x28\xdc\x3f\xea\x6d\xfe\x58\
\xf3\x9a\x92\x89\xd2\xb9\x2d\x74\xf9\x83\x66\xf2\xed\x36\x23\xb9\
\x8b\x8a\xa2\x2a\x92\xed\x22\x26\x93\xa9\x82\x2b\xcf\xa5\x7a\xa3\
\x7c\x5e\x60\xe3\x9a\x69\x4f\x72\xa7\x8f\xa8\x6b\x65\x8d\x51\xf8\
\x4e\x24\x1a\x25\x5e\xd6\x3e\x4d\xa1\x73\x1d\x18\x82\x97\x86\x18\
\x75\x96\x46\xf5\x88\x2b\xc7\xfb\xd2\xfa\x17\x3c\xd6\x89\xe6\x35\
\x1a\xa8\x24\x30\xa2\x0f\x01\x8f\x68\xab\x10\x64\x31\x83\xf6\x43\
\x24\x57\x80\x08\x79\x26\x91\x6b\x66\x65\xd2\xa3\x55\x54\x8a\x40\
\xb7\x0c\x55\x55\xf3\x60\xd1\xca\x3a\x35\x6b\x8d\xe4\x14\xb4\x99\
\xa6\x0d\x85\x80\x41\x08\x08\x45\x98\x74\x26\x85\x6e\x4a\x73\xa9\
\x7e\x6a\xb6\x7b\x4f\x56\x73\xbb\x88\x21\x60\xa3\x98\x56\x9b\x72\
\xa5\x69\xe9\x8c\x88\x6d\x51\x94\x10\xe0\xfc\x62\x41\xa9\xc0\x03\
\xa2\xf8\x91\x3e\x04\x4c\xf4\x38\x24\x49\x6e\x74\xaa\xcd\xdb\x1f\
\xdd\xc3\x64\x22\x20\x46\xb1\x6f\x56\x83\x0d\xa7\xb9\x4c\x01\x07\
\xe8\x9a\xa8\x86\x0f\x21\x50\x16\x32\x1c\xc6\xb9\x8c\xf3\xc5\x8a\
\xa6\xef\xb7\x33\x23\xb8\x34\x0d\x32\xe1\x11\x51\x68\x5c\xfc\x38\
\x94\x89\x31\x06\x97\x0b\xd7\x9b\xc0\x51\x1c\xeb\x4d\xa3\xfc\xff\
\x29\xa8\xb0\xa2\xe5\xa2\xb0\x4f\xa2\x26\x49\x36\x97\xb8\xc2\x26\
\x49\x23\xa2\x8e\xd3\x42\xa1\x82\x2d\x09\x7b\x95\xb8\x28\x7e\xa4\
\x9e\x80\x9a\x95\x64\x66\x45\x58\xa5\x80\x2e\x68\x0a\xab\xaa\xa0\
\xef\x25\x91\x0c\x51\x4c\xa7\xb1\x1c\x4c\xa6\x4c\xab\x02\xdf\xf7\
\x72\xd1\xaa\x4d\x43\x08\xb4\x6d\xcb\x6a\xdd\x60\xac\xa4\x46\xa4\
\xc2\xe0\x41\x5c\x5c\x3d\x5b\x6d\x1a\xda\x96\xca\x24\x03\x6f\xad\
\x00\x00\x9c\x53\xb2\xc1\x20\xdc\xc5\x67\xab\x96\x3e\x1a\xae\x1e\
\x1f\xe0\xbb\x96\x6e\xb3\xc2\x28\xc7\x89\xd0\xb5\x26\xcd\x24\x41\
\x8a\xd1\x35\x46\xcd\x6c\x5a\x95\x94\x2e\xd9\xbe\xb6\x35\xbe\x48\
\xe9\x29\x93\xc0\x24\xaf\x2b\x79\xd6\x88\x6f\x87\x22\x84\xb3\x3c\
\x67\x18\x3c\xb3\xf9\x82\x22\x2b\x68\xba\x9e\xa6\xeb\xd4\x9c\x67\
\xe4\xc6\x91\x19\xb9\x2f\x26\x06\x3a\xef\xf9\xce\x5b\xef\x53\x56\
\x25\x46\x2b\x41\x46\x15\x8b\x33\x46\xdc\x0f\xd5\xfc\x72\x5b\xf5\
\x1e\x46\x61\x1a\x88\x5e\x92\xfc\x51\x27\x24\x8e\xea\x5a\xe5\x22\
\xb9\x0f\xe2\x8e\xb8\xcc\x50\x14\xf9\x25\xf7\xe4\x63\xa3\x57\xc9\
\xca\x8b\xa6\x91\xe7\x62\x44\x1b\x68\x13\xfd\x94\xe8\xfe\xed\xee\
\xd4\x37\x25\x31\x93\x48\x4c\x16\x4c\x16\x56\xb5\x0d\x11\x04\xb4\
\xc1\xe0\x07\x8a\x4c\xe0\xcf\xe9\x91\xcc\xad\x41\xd2\x05\x97\xcf\
\x4e\xba\xd3\x84\xc4\xcf\x58\xf1\x39\xfa\xb6\x57\xc8\x95\x7c\xeb\
\x6a\xb5\xa1\x28\x2b\xf6\xf7\xf6\x38\x3a\x98\x6e\xe1\x58\x20\x89\
\xd1\xa0\xed\x91\x52\x6f\x95\x6f\xda\xa2\x1e\x92\x4f\xc1\x0e\xf2\
\x84\x9a\xd2\x7e\xd0\x85\x48\x51\xb5\x97\xe7\x63\x34\xb4\xbd\xe7\
\xad\x07\x8f\x28\x8a\x9c\xc3\xbd\x29\xd3\xba\x22\xf6\x1d\xc3\x7a\
\x89\x09\x1e\x9b\xa5\x88\x51\x00\xac\xd6\x5a\xd5\x6c\x2a\x52\xb2\
\x48\x7a\xd5\xe9\x27\xb9\x2c\x46\xf0\x88\xc1\x93\x97\x05\x36\xcf\
\xa5\x8f\x36\xea\xac\x34\xf5\xd1\xb2\x5c\x0a\xf2\xad\xf7\xda\x58\
\x2e\x69\xa9\x22\xcf\xf0\x5e\x6e\x54\x55\xe4\xd8\x10\x31\xc1\x93\
\x19\xf8\xe8\xd1\x23\x3e\x38\xbd\xa0\x28\x2b\xbd\x67\x29\xba\x16\
\x98\xbd\xd5\xce\xb8\x48\x94\xf2\xa2\x46\xf5\x55\x25\xcd\x56\x6d\
\xdf\x63\x9d\xa5\xd7\x99\x70\x6e\xcb\xb9\x92\x04\x54\xcc\x73\xa5\
\x5d\x83\x62\x51\x3c\x3e\x7c\x0c\x72\x18\x9d\x4a\x5c\x14\xb9\xf0\
\x96\x45\x51\xb9\x18\x2b\x85\x76\x15\x46\x71\xbe\xf5\x66\x18\xdd\
\x79\x29\xdc\xdf\x0a\x9e\xdc\xb8\xdd\xa1\x93\x58\x1a\x9a\xae\x15\
\x9c\x9b\x26\x97\x53\xe4\x2b\x17\x2a\xda\xd4\x1a\x0b\x3a\x7f\x20\
\x92\xb4\x93\x68\x3a\x67\x85\xf6\xaa\xef\x07\x1d\x6e\x97\x73\x3e\
\xbb\xc0\x18\xe1\x2d\xb1\xc6\xb1\x58\xac\xf4\x1c\xd4\xc4\xa8\xe6\
\xdb\x74\x72\x63\x8c\xb1\xea\xdc\x6b\x1d\x54\xa3\x47\x39\x75\xd9\
\x4d\x11\x08\x51\x78\x50\x92\xb6\x8e\x04\x62\xf4\x02\xd1\xb6\x86\
\xef\xbd\xfb\xa1\x14\xb8\xdb\x9e\xf1\x74\x8f\xe7\x5f\xfa\x24\xcf\
\x7e\xe2\x79\xf2\xdc\x31\xbb\xff\x80\xd0\xb6\x12\x4c\x64\x22\x1c\
\xa4\x25\x33\x5c\x12\x3c\x7d\x32\xa6\x6f\x05\x63\x22\x43\xd7\x91\
\x65\x22\x70\xa6\x28\x84\x73\x4f\xdd\x0f\xa3\x6e\x45\x59\x95\x44\
\x03\x4d\xef\xa5\x2f\x39\x78\xc6\x79\xc6\x7e\x55\xe1\x75\x10\xb3\
\x98\x55\x0f\x21\x50\x66\x8e\x6f\xbd\xf1\x0e\x79\x35\x52\x5a\x5f\
\xcd\x50\x60\xe9\x06\x41\xa7\x18\x45\x99\x38\x6d\xae\x71\xd6\x30\
\xaa\x4b\x0e\xf7\xf6\x58\x2c\x56\x72\x8f\x83\x4c\x17\x97\xfa\xab\
\xde\x59\x85\xe4\x83\x21\x28\x25\x5b\x2a\xb1\x79\x1f\x98\x2f\xe6\
\x1f\x23\x74\xda\x91\x5d\x56\x42\x0d\x95\x6e\x86\xd1\xfc\xcb\xd6\
\x94\x22\xe9\x2b\xf1\xeb\x64\xd7\x4b\xae\x47\x16\xcb\x24\x19\x03\
\x85\x2e\xa5\xc8\x50\x76\x4d\xdb\xf6\xe4\x79\x86\xd7\x09\x79\x6c\
\x73\x5d\x72\xf6\x46\x1b\x6d\x44\x44\x01\x13\x85\x45\x40\x19\x33\
\xe5\xae\x45\x21\xfb\xe9\x5a\x32\x6b\xd9\x34\x0d\xf3\xc5\x92\xba\
\xaa\xc5\xb1\x55\xd2\xea\x54\x80\x37\xc6\x90\x29\xb6\x2e\x84\x81\
\xaa\xc8\x85\x8a\x22\x2a\x8a\x18\x3d\x3f\x84\x44\xa6\xef\x15\x71\
\x11\xa5\xf3\x0b\x25\x05\x94\x5d\x1b\x35\x9f\x65\xf8\xde\x7b\xf7\
\x58\x2c\xd6\x58\x22\x2e\xcf\x28\xea\x92\xc3\xeb\x37\xb8\xfd\xd2\
\xcb\x8c\xaf\x5e\x61\x35\x9f\xb3\xb9\x38\xdf\x3a\xe8\x3b\x4d\xa7\
\xe6\x48\x77\x5c\xda\x78\xdb\x30\x63\xf0\xf8\xb6\x23\x2b\x84\x9d\
\xde\x18\xe9\xf9\x10\x84\x6f\x5a\x18\x18\x55\xc2\x68\xba\x5c\xaf\
\x99\xad\xd6\x34\x6d\xc7\x95\xc9\x88\xc2\xc9\xf0\xb8\x8b\xd9\x9c\
\xb3\x8b\x39\x0c\x03\x2e\x78\x36\x5d\xc7\x77\x3f\xb8\xc7\x78\x3a\
\x92\xd4\x48\x12\x14\x03\xc1\x0b\x43\x3a\x3a\x98\x50\x36\x89\x18\
\xfb\xc9\x68\xcc\xf9\x6c\xa1\x58\x45\xe9\x73\xee\x7b\x69\x19\x90\
\x13\x16\xf0\xa7\xd9\x22\x79\xe4\xbe\x0f\x9a\x2e\x11\xee\xe1\x8f\
\xd1\x74\x46\x7d\xa9\x32\x2f\xa5\x8e\x16\xd5\xe9\xb7\x96\x5e\x33\
\xca\x5b\xa1\xb3\x12\x0a\xa5\xcf\x6c\xa3\xb2\x10\x01\x71\xa0\x89\
\x92\x0e\x30\x46\x4b\x52\x8a\xc3\xef\xbc\x8e\x4f\x42\xcd\x9a\x0a\
\x6f\xda\xf4\x20\x69\x0b\x6b\x35\xea\x8d\x42\x7b\x10\x42\x20\xb3\
\xda\x09\xa6\x3e\xde\xba\x6d\xa4\x38\x8d\x61\xbe\x5c\xe2\x32\x47\
\x59\x14\x54\xf5\x88\xa0\x8b\xb7\x58\xad\xe8\x83\x94\xab\x0a\x05\
\x67\x1a\x2b\x9c\xc3\x5e\x59\xa2\xac\x55\x86\x74\xf5\x4b\x93\xbf\
\x18\x63\x20\x77\x4e\x47\x49\xca\x7a\x04\x6d\xe0\x76\xc6\x70\x32\
\x5f\xf2\xfe\xfd\xfb\x38\x67\xe9\x9a\x96\x18\x10\x50\xab\x8f\x54\
\x7b\xfb\x5c\x79\xf9\x65\x4c\x59\xb1\x99\x9d\x63\xb3\x8c\xe8\x94\
\x30\xda\xaa\x46\x4d\x11\xb3\xec\xb6\xa4\x02\xe9\x75\xac\xa8\x80\
\x3c\x21\xb4\xd2\xe7\x90\x95\x95\x8a\xab\x6c\xe4\xc9\x78\x44\xd3\
\x0e\x2c\x57\x0d\x3e\x40\xf0\x9e\x9b\x87\x93\xad\x7b\xb1\x5a\x37\
\x32\xac\x24\x78\xca\xcc\xf1\xce\xa3\x53\xce\x37\x32\x5c\x78\x7b\
\xdf\x35\x40\x30\x46\x9a\x9a\x42\x94\x74\x92\x98\x59\x21\xc3\x79\
\x7c\x3e\x63\xa5\x0c\x06\x4e\x67\x7f\x49\xc0\xb9\x13\xa3\xcc\xe9\
\x20\xe3\xa1\x67\x54\xe5\xac\x37\x0d\x46\x53\x69\x9b\xcd\x46\xb8\
\x53\xb6\xef\xfe\xe1\x87\xd2\xae\x06\x1d\x40\x06\xd0\x69\x7d\x4d\
\xd2\x82\xe9\x86\x5c\xfa\x88\xfe\x11\xd1\xc8\xd3\xc8\x71\xa2\x3c\
\x49\x0c\x02\x71\x8a\x88\x80\x75\x7d\x4f\xa6\x1d\x5c\xc9\x8b\x49\
\x3f\x46\xdb\xe9\xf2\x2c\x8d\xae\x14\xad\x1a\x82\x44\x82\xc2\x17\
\x2c\x3b\xab\xef\xb5\xe9\xc7\x59\xd6\xcd\x9a\xc1\x07\xe9\x76\x0a\
\x41\xe6\x1d\x10\x85\x01\x1e\xd8\x74\x2d\x18\xc9\xbb\x61\xa1\xc8\
\x12\x0b\x93\x94\xad\xc4\x71\x96\x3e\x4d\x49\x8a\x0a\xe6\x4e\xea\
\x90\x1e\x12\x3e\x30\x6d\x16\xc0\x63\xf9\xce\x3b\x1f\x0a\x24\xa8\
\x6d\xa5\x56\xab\x25\x24\xbf\xd9\x10\xba\x81\xc9\x53\x4f\xe1\xbd\
\x67\xd8\x6c\x64\x23\x69\xb0\x94\xf8\x54\x54\x57\x6c\x57\xd2\x84\
\x40\xbb\x5e\x51\x8c\x46\xe2\x1f\x05\xe9\xe0\xf7\x4d\x4b\x5e\x95\
\xd8\x22\xd3\x3d\x6f\x98\xe8\x74\xa0\xb3\xe5\x0a\x9b\x0b\xa3\xd4\
\xf1\x9e\x70\xb1\x60\x05\xe5\xfd\xec\xed\xeb\xdc\x79\xf6\x16\x77\
\x3e\xf9\x1c\xaf\x7c\xf4\x88\x2c\x2b\xc5\x9a\xa7\x6c\x83\xfa\xd9\
\xd6\x88\xea\x08\x4a\xff\x91\x59\x47\x9e\x67\x6c\xda\x8e\x68\x05\
\x27\xe8\xbd\x70\xd9\x6d\x36\xc2\x05\x18\xa2\x04\x62\x2e\x93\x7c\
\x6c\x88\x91\xbd\x71\xcd\x74\x32\xa6\xe9\x06\xb0\xd0\x28\xf3\x41\
\xa9\x1b\xe6\x87\x1e\x7a\xf3\x63\xa0\x28\xa4\xe1\x38\x04\x4f\xdc\
\xd2\x2a\x28\xec\x3c\xd1\x8e\x22\xda\x4b\x84\x46\xcc\x2c\x68\xe4\
\x89\xde\x9c\xad\xab\x22\x12\xcf\xb6\xcc\xd4\x90\xe7\x99\xfa\x6d\
\x22\x6d\x29\x39\x0b\xaa\x75\x95\x12\x21\x09\xa3\xf4\x61\x44\x35\
\x37\x96\xcd\x66\x43\xdb\xcb\x8d\x2e\x0a\xa1\xae\x6a\xbb\x96\x3c\
\xcf\x70\xc6\xb0\xb7\x37\xc5\x1a\x4b\x5d\x56\x54\x45\x85\x8f\x30\
\x5f\x2d\x85\xb4\x46\x1f\x79\x91\x2b\x17\x9c\x7e\xa7\x95\x6d\x65\
\x5d\x06\x58\x5a\x65\xe3\x4c\x11\x76\x4c\xf5\x47\x49\xa0\x91\x17\
\x05\xaf\x7d\x70\x4f\xa8\x55\x7d\xd4\xf4\x8e\x6c\xce\xe0\x07\x86\
\xd5\x02\x62\x60\x74\xf5\x2a\xed\x5a\x98\x43\xb7\xfe\x5b\x2a\x97\
\xa0\x75\xed\x18\xb1\x16\xfa\xa6\x11\xad\x53\xd7\x60\xc1\x77\x2d\
\xed\x7c\xc1\xea\xd1\x43\x16\xf7\xef\x11\xdb\x96\xf6\xe2\x82\xf9\
\x83\x07\xac\x1f\x3d\xc0\xb4\x2d\xbf\xf4\xcf\x7e\x1b\x97\x65\x94\
\xce\xf0\xc9\x3b\xb7\xc9\x35\x91\x5e\x96\x05\xd7\xaf\x1c\x52\x66\
\x96\xd3\xc5\x8a\x6f\xbe\xf1\x3e\x45\x59\x6e\x83\xb3\x10\x65\x20\
\x70\xdf\x75\x02\xfc\x8c\xa2\x2d\x41\xb2\x17\x6d\xef\x25\x10\xf3\
\x8a\xcc\x21\x50\x14\x19\xf3\xe5\x52\x64\x42\xd3\x52\xb5\x42\xdb\
\x8d\x92\x15\xcd\x17\x6b\xac\xb1\xf4\x3a\x80\x66\x3c\x1a\x2b\x9e\
\xf1\x87\x1e\xb2\xac\x72\xf3\xad\xb5\x8a\x2e\xf0\x9a\x9b\x13\xb2\
\xc3\x9d\x76\x13\x27\x5c\x24\x46\xb4\x1b\xda\xbc\x23\xda\x4e\xa6\
\x64\x0b\xca\x54\x76\x53\x08\xc2\x93\x62\xac\x24\x89\x53\x94\x24\
\x3b\x3f\xee\xfc\x19\xc4\xd4\x08\x38\x20\x3d\x27\xf5\x53\x69\x0b\
\x14\x1f\xc4\x59\x47\xf0\xd2\x45\x56\xe4\x05\x21\x44\xfa\x6e\xc0\
\x3a\x47\x00\xaa\x5c\x98\x32\x9b\xb6\xe3\x60\x6f\x42\x1c\xbc\x92\
\x21\x4a\x90\x14\x42\xd0\x39\x19\xbb\xd6\xba\x14\xac\x6c\x36\x32\
\x99\x5b\x02\x5b\xd9\x54\x5b\xa4\x6f\xaa\x3c\x68\xf2\xf5\xee\x6c\
\xc9\x83\xd3\x73\x08\x91\x6e\xd3\x40\x90\xd2\x12\x11\xc2\x30\xd0\
\x2f\x96\x14\x75\x8d\xcd\x72\x86\x4d\x83\xcb\x33\xa2\x76\xff\x1b\
\xc4\xa4\x6e\xf3\x77\x11\xba\xf5\x86\x6a\x34\x26\xc6\xc8\xf2\xf4\
\x8c\xb6\x69\xc8\x26\x23\xc6\x37\xae\x51\xed\xef\xe3\xaa\x92\xfa\
\xe8\x90\xe9\xf5\xab\x5c\xbd\xf3\x2c\x9f\xfc\xe4\x73\xdc\xba\x7d\
\x83\x18\x23\xc7\x7b\x63\x6e\x3f\x7b\x5b\xa8\xc7\x94\x4d\x69\xb1\
\x6c\xc8\xab\x82\x5f\xfb\xda\x77\x39\x5d\xac\xb1\x56\xb0\x70\x31\
\xf5\x39\xfb\x61\xcb\x28\x6f\xac\xf4\xb5\x38\x35\x95\x49\x1b\xc6\
\xa0\x6c\x5e\x46\x5c\x82\x95\x6a\x2f\x90\xb2\xa3\x44\xfc\xaa\xb5\
\x8d\xa1\xed\x06\x8c\x13\xfa\xff\xf1\x78\x4c\x5e\x26\x10\xed\x13\
\x0f\xd5\x60\xa2\xbe\x28\xd3\x8e\x08\x22\x18\x5d\xa7\x4d\xc9\xba\
\xa0\x20\x79\x1f\x13\x44\x17\x45\x2b\xbd\x13\x82\x98\x15\x7f\x20\
\xf9\x6c\x28\xfe\x5e\xba\x89\x94\x98\x26\x8a\x9f\x14\x22\xba\xe8\
\xea\xd0\x6a\xaa\xc3\xa8\x10\x24\xbf\x41\x8e\x22\xdc\x20\x09\x56\
\x25\x2c\x9c\x3d\x95\xf6\x6a\x6e\xda\x06\x87\x34\x4a\x67\x99\xa5\
\x6f\x3b\xed\x34\x83\xba\x2e\x18\x86\x5e\x89\xfb\x04\xb0\xe0\xac\
\x94\xd7\x50\xdf\x34\x86\x80\x33\x8e\xba\x12\xca\xd2\x3e\x4d\x8f\
\x89\xc2\xef\xa6\x97\x2d\xef\x57\x01\x6d\x3c\x7c\xf7\xed\xf7\x71\
\x44\xd6\xcb\xe5\x56\x8b\xa4\xe0\x20\x74\x1d\x7d\xd3\x52\x4d\x47\
\x0c\x3a\x2c\x59\x34\xa9\x1c\x67\xfb\x30\x32\xa7\x4c\xd2\x36\xb0\
\x7c\xfc\x88\x6a\x6f\xca\xc1\xb3\xcf\x52\x1f\x1d\x93\x57\x23\xf2\
\xb2\x22\xcb\x0b\x8a\x7a\x4c\x35\x99\x52\x8c\x46\x64\x79\xc1\xe7\
\x3e\xfd\x49\x62\x90\xe6\xf1\x2a\x53\xde\x10\xad\x4e\x3c\x9a\xcd\
\x98\xf5\x3d\x5f\xfa\xda\xf7\x84\x1d\x53\xd1\xdc\x5b\xe8\x97\xf7\
\xc4\x20\x89\x70\x3f\x0c\xca\x62\x20\x11\xac\xb8\x12\x72\xc9\x21\
\x78\x8a\xcc\xd1\x35\xdd\x96\xdd\xd4\x39\x61\x30\x35\xc8\x3d\xcd\
\xb4\x9a\x81\x16\x17\x5c\x9e\x51\x56\x15\x99\xc9\x28\x8a\x8f\x69\
\xcc\x09\x5a\xec\x4f\x2a\x2f\xcf\x85\xb5\x3c\x04\x21\x9f\x09\x7e\
\xd7\x4d\xb5\x4b\x2b\x88\xff\x66\x8c\x24\x1f\x45\x26\xa3\x66\xa6\
\xb5\x10\x61\x8d\xf8\x43\xdb\xf4\x84\xa4\x62\xfa\x5e\xd3\x30\x9a\
\xd2\x30\x46\x55\xfb\xb6\xf5\x2f\x65\xb7\xe5\x84\xd2\x9f\xe9\xc6\
\x5b\x6b\x19\xb4\x73\x29\x2f\xc4\x9f\x59\x37\x8d\xa4\x79\x34\x58\
\x08\x06\x0e\xf7\x0f\xb0\xc6\x31\xae\x47\x54\x79\x21\x7c\x1e\x21\
\x20\xa8\x25\x27\x1d\x6e\x9a\x84\x1e\x06\xa9\x66\x38\xe7\x98\x8c\
\x47\x40\x64\xb1\x5c\x53\x96\x85\x3a\xe7\xb2\x01\x93\x33\x6f\x8d\
\xa1\x28\x2a\xbe\xfd\xee\x47\x60\x2c\x9b\xe5\x0a\xaf\x7c\x27\x28\
\x3f\x5d\xd4\xc8\x50\x2a\x0a\x96\xd0\x75\x4a\xc0\x23\x39\x31\x49\
\xcc\x5a\x32\x6b\xe9\x36\x1b\xf2\x22\xa3\x5d\xac\x98\x1c\x1d\x51\
\x5d\x39\x06\x85\x16\x11\x23\xa1\xef\x18\x9a\x86\x7e\xb3\xa6\x5f\
\x2c\x69\x67\x73\x9a\xd5\x86\xcd\xa6\xa5\x1f\x06\x26\xa3\x9a\x51\
\x3d\xe2\xf8\x70\x8f\xa8\x29\xa7\xc1\x58\xbe\xf5\xde\x7d\xee\x9d\
\x5e\x6c\xeb\xde\x89\x9c\x27\xa5\x28\x8b\x2c\xa7\x28\x0b\x02\x3a\
\x5c\x4e\xdd\x07\xa2\xb8\x5b\x11\xe9\x2b\x2e\xf3\x8c\xc5\x66\x4d\
\xd4\xfb\x6f\x55\xe3\x63\xa0\xef\x3a\x46\x95\x74\xf2\x0f\xde\xd3\
\x0d\x03\x55\x55\x89\xaf\x68\xd5\x82\x8a\x68\xed\x1e\xe2\x4f\xe9\
\xce\x13\x77\x8c\xba\x96\x61\x64\x68\xd4\xe6\xb7\x5d\xdd\xc9\x07\
\x4b\x9f\x95\xcf\x19\x22\x68\x3d\x33\x99\x46\xd1\x22\xfa\x46\x23\
\x62\x93\x65\x39\xbd\xef\xb7\xb3\xe5\x25\x22\x15\xc7\x3a\x28\x3a\
\x81\xa4\x54\xb6\x09\x06\x3d\x29\x3d\xd7\xcc\x66\xc4\x20\x08\x12\
\x89\x40\x2d\x85\x73\x7a\xf2\x06\x6b\x33\x16\xcb\x35\x43\xf0\xec\
\x4d\x84\xc9\x72\x3c\x19\x0b\xdd\x95\xda\x32\xeb\x2c\xc6\xea\x67\
\x14\x5d\x23\xb9\x29\x47\xee\x0a\x46\xf5\x88\xae\xef\x29\xcb\x9c\
\x04\x31\x97\x2b\x48\x67\x26\xf3\x16\xde\x7c\x74\xc6\xb7\xde\x78\
\x17\x07\xf4\x9d\xb0\x76\x46\x15\x3c\xbd\x68\xa1\x57\xa8\x6b\xd9\
\x58\x31\x8a\x70\x67\x8e\x2c\xcf\xc8\x72\xe1\x37\x76\xd6\x12\x7d\
\x64\x72\x74\x40\x3e\xaa\x09\xfd\xa0\xda\x26\xd0\x2e\x96\xb4\xb3\
\x05\xdd\x72\x4d\x37\x5f\xd0\x2c\x16\x6c\x66\x17\x74\x9d\x0c\x7d\
\xf3\xa1\x67\x6f\x3a\xc1\xda\x8c\xfd\xf1\x48\x4a\x7c\x41\x86\xbf\
\x7c\xf1\xf7\xbe\x49\x96\x0b\xaf\xb0\x2e\xa0\x18\x2c\x05\x63\x8e\
\x47\xb5\xb8\x2b\x21\xd0\x0f\x83\x6c\x58\xc4\xb6\xa4\xf5\x46\x53\
\x56\xf3\xc5\x52\xb4\x68\x10\x7f\x30\x2a\x8a\xb8\xc8\xc5\x62\x0c\
\xc1\xb3\x6e\x5b\xe1\x2e\x51\xe1\xf5\x7e\x60\xbd\x5a\x3e\x29\x74\
\x6c\xbf\x22\xf1\xa1\x09\xd7\xb0\x51\x3c\x3c\x97\xfe\x56\x11\x92\
\x1b\xa0\xaa\x47\x2f\x67\xf7\xca\x36\x30\x90\xc5\xdf\x12\xc8\x68\
\x69\x29\xc1\x68\xf0\x83\x68\x10\xb4\x9b\x5c\x6f\xab\xa8\x4d\x11\
\x72\xb1\xd2\x29\xb5\x22\x17\xe2\x9c\x44\x5b\x5d\xdf\x0b\xcf\x46\
\x8c\x54\xa5\x0e\x1a\xd1\xc8\x6d\xb1\x58\xf0\xe0\xd1\x23\xba\xbe\
\x67\x7f\x3a\x61\x3e\x5f\xb0\xe9\x85\x3e\x16\xc5\xfc\x19\x63\x08\
\x88\x53\x0c\x6c\xb5\x2e\xd6\x6e\x77\xaa\x0c\xea\x95\xee\xb1\x5e\
\x19\xda\xd1\x64\xb9\x31\x86\x21\xc2\xaf\xbf\xf6\x0e\x6f\x7c\x70\
\x9f\xd0\x35\x12\x39\x6a\x1e\xcc\xa4\x60\xca\x18\x6c\x9e\x63\x8b\
\x42\xdd\x18\xb9\x52\xfd\x52\xa9\x6e\xe5\x19\xd3\x6b\xc7\x14\x07\
\xc2\x2c\x4a\xdf\x13\x9b\x0d\xeb\xc7\x27\xb4\x8b\x85\x30\x2d\x5d\
\x02\x29\x44\x1f\xf0\xfd\xc0\xe9\xf9\x1c\x8c\x61\x7f\x32\xa6\x59\
\xaf\xa8\xf2\x8c\x61\xe8\x31\x44\x5e\x7b\xef\x2e\xaf\xbd\xf7\x40\
\x00\xa6\xc9\x1a\x6d\xe5\x49\x5a\x38\xab\xb2\x04\x8b\x74\xc2\x65\
\xd9\xf6\xbe\x05\xbd\x5f\x51\x39\x9b\xfd\x10\x68\xda\xd4\x59\xa7\
\xc2\xa8\x88\x9d\x5c\xcb\x84\x6d\x3f\x80\x26\x87\x9d\x91\x20\xac\
\x6d\x3b\xe2\x16\x31\x78\xe9\x21\x5f\x74\x49\x9b\x00\x44\xc3\x74\
\x3a\x55\x9e\x32\x43\xd7\x77\xf2\xf2\xa5\x5d\xff\x83\x74\x58\x92\
\x4c\x86\x5d\x29\x2d\x09\x9a\xdc\xce\x54\xd0\x97\x8e\xf1\x5e\x39\
\x49\xfc\xe5\x61\x1f\x56\xd3\x2c\x2a\x68\xf2\x3d\x7a\xbc\x14\x78\
\x28\x37\xaf\xb5\x86\xbe\x13\x4d\x9c\x39\xc7\xa8\xae\x88\x51\x34\
\x58\x37\x0c\xb4\xfd\x40\x56\x14\x7c\x70\xf7\x2e\x84\xc0\xb3\x37\
\x6f\xe0\xa2\x70\xb6\x49\x41\x5b\xa0\x49\x92\x26\x90\x5c\xa0\x15\
\xdb\xae\x02\xe5\x28\xeb\x11\x59\xe6\x28\x72\x01\x80\x46\x24\x31\
\x9d\x92\xdb\x31\x0a\xf4\x7d\x7c\xed\x06\x77\xcd\x94\xaf\xbf\xf2\
\xb6\x4e\xc5\x4e\x8b\xb8\x5d\x29\xb0\x16\x6b\x04\xea\xa4\x8e\x82\
\x3c\xf4\x9c\xeb\xfd\x3d\xb2\xba\xde\x02\x1e\x08\x9e\x76\x36\x67\
\xe8\xfa\x6d\x00\x83\x9a\x33\x6b\x0c\x61\x18\xb0\x31\x72\x3e\x9f\
\xd3\xb4\x03\x57\x8e\x0f\x88\x31\x30\x2a\x4b\x81\xdf\x67\x8e\xaf\
\xfc\xd1\xab\x9c\xae\x9a\x2d\x7a\x44\xfc\x69\xf1\x89\x83\xce\x80\
\x95\x13\x95\xca\x53\xa9\xe5\xab\xb8\x95\x4e\x15\x30\x22\x9b\xb6\
\x55\x52\x22\xa1\xc7\xed\xfd\xb0\xa5\x8b\x30\xda\x7f\xdc\xf5\x42\
\xef\x11\x82\x67\xb3\x69\x58\xad\x56\x0c\x43\x47\xb3\x59\x3d\x29\
\x74\x82\xa0\xd0\x1d\xa9\x0b\x11\x88\x94\x65\xc9\xa8\x1e\xe1\xfd\
\x40\xdf\x75\x1a\xe9\xab\xd9\x50\x61\x88\x29\xe7\xa3\x37\x41\xd6\
\x7a\xf7\x3a\xaa\xed\x12\xcc\xc7\x68\x43\xcc\x10\x21\x2f\x1c\x7d\
\xa7\xcc\x42\x2a\x9a\x21\x69\xab\x24\x88\xea\xdf\x99\xd4\x6b\x90\
\xde\xa9\xd1\x16\x11\xca\x22\xa7\x28\x65\x20\xae\xb5\x82\x29\x8b\
\x4a\x1b\x66\x33\xc7\xbb\x1f\x7e\xc8\xde\xb4\xe6\xe9\x1b\xd7\x89\
\x5e\x4c\xba\xcb\x44\x00\x52\x9a\x00\x0d\x2c\xf2\x3c\x13\xdf\xd5\
\x20\x70\x6e\x25\x2c\xc4\x44\xa2\x97\x8c\xfc\x30\x48\x44\x17\x01\
\x97\xe7\xbc\xf7\xee\xfb\x7c\xe6\x27\xbf\xc0\x6a\x74\x95\xaf\x7f\
\xeb\xfb\x02\xe0\x34\xa2\x91\xe4\xb6\xe9\x5a\x98\x74\x60\x49\x07\
\xed\x64\x4f\x92\xdc\xe9\x9f\xc6\x48\x14\x9e\x4a\x90\xe9\xfd\x69\
\x4d\x30\x96\xa6\xef\xa9\xc7\x35\x36\x73\x74\x4d\xc3\xde\xfe\x1e\
\x79\x55\x31\xc9\x84\x61\xdd\x2b\x43\xba\x60\xfa\xc4\x47\x33\x28\
\x28\x43\x59\xe7\x05\xfc\xb0\x13\x9a\x14\x95\xea\x49\x6c\xab\x51\
\xb9\x73\xb4\x7d\xbb\x75\x2d\x62\x4c\x84\x43\xe2\x97\xd6\x55\x45\
\xdb\x49\x25\x23\x78\xcf\x5a\x39\x0a\x7d\x08\x74\x5d\x2b\x56\x63\
\x77\x64\x79\x24\x3e\x37\x54\x68\x04\x95\x20\xa8\x90\xc9\x74\x22\
\xd5\x84\x4e\x98\xc3\xe5\xc2\xd1\x15\x13\x93\x17\x45\x4e\x77\x8b\
\x9b\xc2\xed\x28\xea\xd9\x20\x15\x89\x14\xd5\xa1\x08\x0c\xc9\xa4\
\x0b\x77\xaf\x2c\x66\xd2\x66\x7a\x53\x2e\x09\x63\x82\x9f\xa3\xc7\
\x35\xba\xb0\x28\x1f\x4a\x5e\xe4\x18\x24\xb9\xdc\x6a\xa7\xbb\x31\
\x46\x50\x11\xd6\xf0\xc6\x3b\xef\x13\xa2\xa7\x1f\x04\xa7\x17\x81\
\x01\xa1\x85\x75\x4e\xaa\x20\x45\x96\x71\x38\x19\x13\xbd\xd7\x04\
\xee\xce\x85\x18\x06\xaf\xda\xde\x6c\x03\x2c\x83\x70\xed\xcd\x17\
\x4b\xee\xdf\xbd\xcf\x8b\x9f\xf9\x0c\xed\xf8\x2a\xbf\xfb\xb5\xef\
\x26\xfd\xb6\xcd\x00\xc4\x14\x5c\xe9\xfa\x19\x23\x8d\x3c\x46\x16\
\x53\x9f\xd3\xdf\xad\xcc\xd6\x12\xe9\xdf\xad\x59\x5a\x13\x63\x2d\
\x6d\x37\x30\x9e\xec\x41\x8c\x98\xe8\x99\x54\x39\xe3\x51\xc9\x95\
\x83\x5a\x40\x96\x43\x20\xcf\x0a\xc4\x9a\xcb\x7f\x01\xc9\xa9\x8a\
\xd0\x0c\x0c\x61\xc0\x38\x69\xd9\x14\x4d\xef\x74\xb5\x55\x10\xbd\
\x27\xcb\x84\x16\x77\xd3\x74\x97\x90\xc5\x91\xb2\xc8\x59\xae\x37\
\x1c\xec\x4d\xf0\x31\x6c\x59\xab\x44\x46\x60\xd3\x6c\xe8\x87\x81\
\xc3\xc3\x23\xf6\xa7\xfb\x4f\x0a\x9d\x73\x99\x32\x2f\x89\x6a\x15\
\xf9\x31\x22\x58\x11\xf6\xf6\xa6\x34\x6d\x23\xb3\x25\xb6\x25\x30\
\x75\x96\xe5\xff\xed\xc3\x90\xfc\x8e\x94\x8f\xd2\xd7\xf5\x70\x06\
\xf9\xdb\x3a\x21\x5a\x99\x4e\x27\x84\xed\x1c\xf8\xa4\xcd\xe4\xe4\
\xed\x56\x63\x06\xd1\x34\x5a\xa4\x46\x83\x9b\x21\x7a\x82\x32\x68\
\x16\xca\x94\x6e\x8c\xd0\xcb\x4b\x2e\x50\x02\x8b\x2c\x2f\x69\x07\
\xcf\x07\xf7\x1e\x6a\x72\x5b\x37\x46\x50\xb3\x11\xfc\x96\xc3\xe4\
\xe8\x60\x4f\x21\xa8\x72\xd2\x5d\x1f\x88\x58\xea\xd1\x58\x80\xa3\
\x5a\x2a\x32\x66\x57\xc1\xe8\xbd\xe7\x9d\x77\xdf\x63\xb5\x5a\xb3\
\x77\x7c\x03\xb3\x7f\x8b\x5f\xfb\xad\x3f\x60\xdd\x4b\xad\x99\xad\
\xb6\x4e\x25\x44\xd1\x10\xc9\x64\x6e\x33\x02\x69\x57\x19\xe9\xe3\
\xdd\x2e\x9c\xdc\x86\xdd\x7a\x5b\xe9\x7c\x2b\xca\x9c\x30\x04\x0c\
\x96\x51\x95\x43\x66\x78\xff\x74\xc9\x72\x23\x37\xdc\x18\xa9\xa8\
\x44\x4d\xc0\xfb\x61\xa0\xef\x3b\x19\xa4\x62\x20\x78\x09\xec\x3a\
\xa5\x4b\xb3\x97\xee\xad\xdc\x43\x99\x9a\x1d\xa2\xe4\x3c\xc5\x5f\
\x16\x9f\xf5\x7c\xb6\x60\x3a\x1e\x31\x2a\x2b\x66\x8b\x8d\x6a\x41\
\x49\x8f\x2d\x57\x2b\xaa\xaa\xe0\xc6\xd5\xab\x38\x2b\x68\xec\x27\
\x84\xae\xaa\x4a\x59\x48\x2e\x69\xa9\xcb\x58\x28\x6b\x39\x3c\x3c\
\x62\x3e\x5f\xa8\xb0\x89\x16\x91\x90\x59\x12\xc4\xba\x6c\xa2\x85\
\x74\xb7\xa4\xa8\x34\xc6\x88\x09\x3b\xf2\x1d\xf9\x89\x44\x05\x4f\
\x96\x5a\x78\x37\x46\xea\xa0\x51\x87\xc5\x59\x2b\x1a\x22\x85\xe7\
\x96\x14\x88\xec\xf6\x44\x50\xd4\x71\xaa\xd7\x46\x22\x9d\xc2\xcd\
\x45\xf0\xe5\xde\x95\x85\xcc\x84\x8d\x3a\xa9\xd9\xa8\xa3\xdb\xb5\
\x9d\xa6\x2f\xc4\xe4\x48\xe2\x37\xd3\x9c\x5b\xa4\x1b\x64\x5d\x62\
\x88\x94\x75\x4d\x59\x96\xea\xa7\xac\x55\xf0\x2c\x45\x91\xf1\xc6\
\x1b\x6f\x10\x7c\x64\x76\xb1\xc0\xd4\x53\xa6\x4f\xbf\xc4\x3f\xff\
\xed\x3f\xe4\xee\xc9\x29\x45\x25\x35\x6d\xa3\xec\xe6\x28\xa2\x43\
\x04\x2e\xf9\x6a\xbb\xad\xeb\x07\xa9\x06\x88\xb6\x4d\x16\x40\x5e\
\x33\xea\xd7\x1a\x63\x24\x47\xe6\xa5\xa3\xed\xd5\x37\x3f\xe4\x17\
\xbf\xf4\x87\xb8\x1b\xcf\x92\x95\xa5\xe4\x19\x8d\x21\x78\xe9\x71\
\x95\x26\x70\xd1\xb2\x83\x1f\x70\x56\x7a\x20\x9c\x73\x34\x4d\x2b\
\x51\xb7\x56\x5f\x12\x0e\x2e\x73\xa2\x04\xda\x5e\x9a\xb7\x8b\x3c\
\xdf\x0e\x2a\x99\x8c\x2a\xae\x1c\xec\x49\x8a\xa4\x17\xc6\xaa\xa1\
\xef\xc8\xb2\x8c\xa7\x6e\xde\xe0\xda\x95\x6b\x72\x2c\xe5\x38\x79\
\x42\xe8\x8c\x51\xfa\x00\x2f\x43\x3d\x62\x94\x06\xe9\x10\x34\x4f\
\xe3\x03\x93\xc9\x84\xba\xac\x68\x36\xcd\x76\x47\x88\x78\x89\x04\
\x68\xe6\x44\xf5\x54\x32\xb7\x22\x48\xa9\x6c\x92\x56\x2e\xed\xa2\
\x4c\x07\x9a\x08\x6b\x92\x04\x14\x62\x82\x24\xb9\x19\x35\x65\x62\
\xad\x76\x8b\xa9\xe6\x94\x6f\x49\x82\x17\x65\x4c\x67\xea\xb5\x50\
\x48\x93\x73\xe2\x87\x59\x0d\x6e\x4c\xa2\x0f\x53\x68\x76\x8c\xc8\
\x54\xe7\x20\xe6\x59\x90\xce\x46\x5a\xe8\xea\x6a\x5b\x4b\x05\x3d\
\x86\x0a\x6f\x55\x55\x54\xd5\x88\xb6\x6b\x68\x3b\x99\xdc\x9c\x67\
\x8e\x8f\xee\xde\xe5\xf1\xe3\xc7\x38\xe7\xa4\xb4\x54\x8c\xb8\xfd\
\x99\x9f\xe0\x5b\x6f\x3d\xe2\x8f\xbe\xf7\x06\xde\x08\x07\xb3\x9c\
\xb7\xdd\x6e\x5c\x79\x62\xb7\x76\x00\xa1\xef\x25\xf9\x1e\x45\x7b\
\xc8\x62\xaa\xb9\x56\x6d\x99\xe5\x19\x99\x91\xb1\xf3\xad\x31\xbc\
\x7b\x31\x70\xf8\xcc\xcb\x6c\xda\x8e\xd3\x93\x53\x82\xe6\xea\xc4\
\x6a\x48\xfa\x25\xdd\x97\x41\x09\x2b\x93\x1d\xea\xfb\xd4\x13\x22\
\x05\x81\x64\x6e\xf3\xcc\xe1\xb5\x6a\x51\x96\x25\x65\x99\x0b\x26\
\xd2\x65\x5c\x3f\x3a\x14\x34\xcb\x7c\xc1\x7c\x39\x07\x02\x07\x07\
\x07\x1c\x1d\xca\x30\xc1\xbe\xf7\x1a\x71\x4b\x7a\xe5\x09\xa1\x0b\
\x21\x50\x28\x33\xa6\xf8\x31\x91\x88\x7c\x20\x6a\x05\xc1\x0f\x9e\
\xf1\x74\xcc\x7a\xbd\x14\x0a\x85\x4b\x28\x03\x55\x21\xf2\xd8\xee\
\x4a\x79\x22\x09\x82\xe8\x20\xed\x6b\x4d\x6f\x44\xea\x7c\x4d\xdb\
\x52\x29\x2d\x55\xfa\x68\x44\x24\xce\x18\xc9\xc3\xe9\xf2\xab\x52\
\x10\xc1\xf6\x41\x82\xf1\xb2\x28\xf1\x1a\x59\xf5\x9d\xcc\xc1\x90\
\xd4\x88\xfa\x9f\xa9\xe4\x99\xc0\x03\x2a\x4c\xfd\xa0\x8c\x9b\xaa\
\x79\x21\x32\x5b\x2e\x85\x09\x1e\x21\x07\x92\x9a\xaf\x68\x69\xd1\
\xe0\x96\xba\x1e\x51\x94\xb5\x8c\x7e\x0f\x1e\xa2\xb4\x06\xbe\xfa\
\xda\xab\x64\xb9\xa4\x6c\x62\x08\xf4\xbd\xe7\xce\x67\x7f\x0c\x0e\
\x6f\xf1\xa5\xdf\xfb\x0e\x1f\x3d\x3e\xd3\x8e\x77\xbd\xfe\xa4\xf9\
\x94\xb0\x5a\x4e\x44\x01\x12\x5b\x59\x93\x6a\x91\xb0\x5f\xca\x50\
\x96\x2c\x77\x9c\x5d\x5c\xf0\xcf\x7f\xe3\x77\x78\xef\xfe\x09\xc6\
\x95\xdc\x7c\xfa\x19\xb0\x86\x3f\xf8\xfd\xaf\x01\xa2\xcd\x8c\x11\
\x53\x1e\x15\x8f\xd7\x77\x9d\x24\x6b\x35\x19\xee\x94\xec\x70\xf0\
\x52\x89\x88\x51\xb5\x9c\x57\x8b\x65\x20\x44\x43\xdb\xc9\x3a\x9d\
\x9c\x9c\xe2\x8c\x65\x54\x57\x3c\x38\x39\xa5\xeb\x5a\x66\x8b\xb5\
\xf8\x6d\xfb\x07\x02\x7e\xf0\x92\x20\x1e\xbc\x67\x08\xe2\x33\x8b\
\x83\xf2\x43\x8f\xa0\x39\x31\x63\x04\x8b\x05\xe9\x46\x88\x59\x89\
\x8a\x2a\x88\xd1\x30\x1a\x8d\x58\x2c\x16\xdb\x46\x12\xf9\x60\x3a\
\x92\x98\xc0\xb8\x0d\x30\x44\xbc\xd2\x0e\x8b\x01\x86\x30\x28\x66\
\x2f\x12\xb4\xba\xb0\x6e\x7b\xba\x5e\xfa\x32\x44\xe0\x77\x15\x92\
\xcb\x02\x2c\x42\x27\x18\x7d\xa2\x86\xff\x3a\x28\xcd\x7b\x8f\xb5\
\x96\xa6\xef\xc5\xdc\xab\xa9\x36\x46\x84\x6f\xab\xb5\x23\x64\x9a\
\xab\x13\xbf\x47\xb7\x84\x94\x50\x68\x9a\x56\xb4\xa1\xd2\x43\x24\
\x51\x0b\x31\x80\x15\x9c\x60\x8c\x91\x7a\x34\x92\x5a\xaf\x9a\xe1\
\x3c\x2f\x78\xed\xfb\xdf\x97\x9e\xdb\xb4\x16\xd6\xb1\x9a\xaf\x78\
\xfe\xc5\x17\xf9\xe9\x3f\xf7\xe7\x79\xfb\xc1\x8a\xdf\xfd\xc3\xd7\
\x98\xad\x57\xe4\xa5\x74\x8b\xc5\x64\x66\x75\x19\xfd\x20\xa5\x29\
\x59\x45\x89\x7e\x33\x67\x29\x54\xcb\xbc\xf2\xfa\x9b\xfc\xf2\x17\
\x7f\x9b\xef\xde\x3d\xe7\xf9\x9f\xfc\x59\xaa\xfd\x2b\x52\x97\x8e\
\x03\x1f\x7e\xf8\x01\xef\x7f\xf4\x21\xa3\xf1\x58\xac\x96\x95\x58\
\x24\x68\x97\x58\xd7\x77\x18\x27\xbc\xc9\x5d\x3f\x08\x23\x53\x50\
\x18\x1b\xd2\xd9\x3f\x04\xa9\x73\x17\xce\xd2\x75\xd2\xce\x38\x5b\
\xce\x39\x39\x39\xa5\xc8\x73\x26\xa3\x11\x8b\xc5\x8a\xc5\x6a\x49\
\x55\x8f\x18\x4d\xa7\x42\xbd\xa6\xa0\x8c\x18\x44\x66\xe4\x66\xa9\
\xff\xf9\x71\x63\x9a\x40\x76\x7a\xa6\xf9\x33\x89\xed\x54\x33\xa4\
\xe0\x22\xc8\x0e\x91\x11\x94\x39\xeb\xe5\x52\x7d\x3a\xd5\x41\xaa\
\x29\x44\xe0\xd0\x72\x98\x36\xb6\xe8\x0e\x96\xf7\xea\xee\x4d\x30\
\x29\xc0\xe5\x05\x17\x8b\x15\xab\xc5\x82\xde\x4b\x95\x61\x77\x4c\
\x51\x6f\x06\xad\xbd\x5a\xe1\xce\x90\x40\xe1\x52\x50\xa0\x5d\x5f\
\xcd\x36\x79\x7b\x19\xb3\x26\x66\x4c\x8f\x46\x5e\xe4\x74\x5d\x27\
\x7e\xce\xb6\xce\x2b\x66\xaf\xd7\x6c\x7e\x55\x16\x7a\x1e\xe2\x57\
\x05\xcd\x73\xc9\x0e\x92\xcb\xc9\xb2\x8c\xf5\x5a\xe6\x36\xe4\x79\
\xc5\x83\x93\x13\xe6\xf3\x99\x80\x46\xad\x98\xf5\x10\x22\xcd\xa6\
\xa1\x2a\x73\x7e\xe2\x67\x7f\x86\xa7\x3e\xf5\x59\xbe\xf6\xfa\x3d\
\xbe\xfa\xad\xef\x73\x72\x31\x53\xdf\x49\x58\xdb\x8d\x35\x38\x13\
\x29\x0b\x47\x55\x66\x94\xb9\xa5\xe9\x5b\xde\xbb\x7b\x8f\x2f\xff\
\xc1\x37\xf9\xd5\xdf\xf9\x06\xef\x2d\x2c\x2f\x7e\xe1\x4f\xf1\x85\
\x3f\xf6\xa7\x39\x38\x38\x52\x37\xc1\xd3\x76\x2d\xdf\xf8\xc6\x37\
\xa5\xa2\x52\xe4\x58\xab\x44\x86\x06\xd6\xeb\x0d\x9b\x66\x23\x75\
\x55\xef\x85\xd5\xc0\x7b\xf2\xa2\xd0\x94\x91\xb4\x75\xea\xf6\x03\
\x64\x00\x71\xdf\xf7\x78\xdf\xb1\x58\x2e\x99\x8c\x47\x4c\x46\xca\
\x60\x9f\x3b\xee\xdc\xbe\x4d\x33\x04\x7c\x94\xa0\x2e\xfd\x88\xd2\
\x90\xa3\x58\x8d\x80\xbd\xf7\x4f\x0e\xa4\x3b\x98\x1e\x6d\xa3\xc2\
\xa8\x59\x68\x14\x75\x92\x0e\x80\x8a\x88\xc1\x50\x56\x15\x9b\xcd\
\x06\x63\x85\xfa\x33\xbd\x21\x99\xa8\xa4\x02\xc5\x67\x31\x0c\xbd\
\xa8\x6f\x6b\x9c\x68\x0c\x15\xa6\x14\xad\x82\x98\xd9\xe0\x07\x8c\
\xb2\x50\xf6\x7d\x22\x73\x91\xea\x88\x35\x72\xfc\x3c\x93\x19\x5f\
\xb3\xc5\x0c\x62\xe4\xea\xd1\x31\x44\x09\x08\x8a\xb2\xe4\xec\xfc\
\x82\xde\x8b\x4f\xe7\x34\x82\x95\x6a\x8a\xa4\x81\xa6\xa3\x31\xe3\
\xd1\x58\x00\x02\x4e\xb4\xa0\xcb\x9c\xde\x0c\xc7\x7c\xb1\xc0\x10\
\xd9\xdb\xdb\x63\xdd\xf6\xbb\x48\x56\xf9\xfb\xac\x9a\xf6\xa8\x9a\
\xc9\x38\xe8\xbb\x81\xd1\xa8\xa6\x69\xd6\x3c\x77\xe7\x59\x6e\x3e\
\xf5\x94\x2c\xbe\x9a\xed\xe9\x74\x44\x51\xc8\x8d\x1e\x4f\xc6\x3c\
\xfd\xdc\x1d\x6c\x3d\xe5\xfe\xe9\x8c\xf7\xef\x3d\xe2\xde\xc3\xc7\
\x2c\x96\x2b\xbc\x0f\x5c\x5c\x5c\xf0\xfd\xb7\xdf\xe7\xdd\x7b\x8f\
\x78\xfd\xfd\x07\xbc\x73\xb2\xa0\xab\xf7\x39\xb8\xf5\x3c\xb7\x5e\
\xf8\x14\x7b\x47\x57\x68\x9b\x96\xf5\x66\x83\xb3\x86\xd7\xdf\x7c\
\x9b\x47\x27\xa7\x4c\x26\x63\xde\x78\xed\x75\xc1\x09\x1a\xe9\xbf\
\xf5\x41\xb0\x72\x89\x40\xc8\x39\x27\x5a\x27\x93\x14\xd8\x95\xc3\
\x03\xa5\xc6\x95\xe9\x43\x46\x67\x6b\x14\xb9\xb0\x50\xf5\xbd\xcc\
\x9e\x58\x37\x1b\x46\x75\xc5\x6c\xb1\x62\x3a\x99\xe0\x30\xd4\x65\
\xc9\x7c\x2d\x48\xed\x78\x29\x91\xaf\x4b\x85\x55\x80\x68\xaf\xad\
\xa7\x4f\x68\xba\x48\xca\x56\x4b\x02\x54\x7a\x4e\x13\x4c\x47\x77\
\xc0\x16\xab\x24\x42\x39\x9d\xee\xb1\x5a\xad\xc5\x97\x32\xaa\x8d\
\xd4\x87\x90\x26\x62\x15\x27\xad\x02\x5c\x92\x5c\xa2\x62\xe4\x76\
\x9a\x4a\xd0\xa7\x79\x51\x53\x64\xb9\x38\xbe\x9a\x14\x17\x0d\x87\
\xea\xab\x94\x6e\x10\x61\x2a\x73\x21\xca\xee\xbd\xdf\x06\x2a\xbd\
\x8e\x51\x32\x56\x02\x87\xad\x0b\xc0\x0e\xbd\x22\x43\x3c\xc4\xad\
\x90\x2e\x78\x09\xa4\x8c\xb5\xd4\x75\x4d\xdb\x77\xc2\x87\x37\x78\
\x82\x7e\xa7\x6c\x28\xd9\xd5\x92\xd3\x54\x4e\x14\x65\x27\xed\xba\
\x86\xac\x28\x78\xed\xcd\x37\x28\x2a\x81\x97\x1b\x6b\xf0\x5e\x19\
\x05\xd2\x46\x0e\x42\x7b\x71\x7c\x7c\xc8\xa7\x3f\xfb\x23\xfc\xe8\
\x4f\xff\x0c\xcf\xff\xe8\xe7\x89\xfb\x37\x78\xfb\xbc\xe3\x9d\x45\
\xe0\xc4\x4e\xd9\x7f\xe1\x33\x7c\xee\x4f\xfd\x39\xfe\xcc\xbf\xf5\
\x3f\xe7\x33\x3f\xfe\x13\xe4\xd5\x94\x4d\xd3\x6e\xa3\x6d\xe7\xc4\
\x1f\xac\xeb\x0a\x13\x03\xdf\xf8\xda\x37\xd4\x85\x90\xdb\x94\xe9\
\xe8\x78\x6b\xd3\xa6\x4d\x3d\xb8\x92\xe0\x06\xa1\xf4\xed\xbb\x5e\
\xd1\x38\x06\x14\xb6\x5f\x15\x85\x64\x00\xb4\xa9\xda\xf7\x32\xc4\
\x66\x3c\x1e\x93\xe7\x19\x79\xe6\x58\x35\x9d\xa2\x55\x14\xb1\xa2\
\x5f\x6c\xd4\x2d\xb1\x06\x99\x1d\x6c\x25\x68\x7b\x42\xe8\x30\x02\
\xa9\x31\x46\x72\x46\x5d\xd7\x49\xb6\x3f\x99\x4e\x79\x13\xe8\xa2\
\x79\xa5\xe1\x1f\x8f\xc7\x2c\x97\xcb\xed\xae\x4f\x6f\x33\x56\x04\
\x44\xdc\x24\x11\xc0\xa8\x37\x0c\x74\x55\x12\x6d\x97\x66\xc4\x51\
\x14\xea\x10\x90\x29\x34\xaa\x9d\x22\x3b\x8a\x08\xb4\x45\x90\x18\
\x29\xb2\x9c\xd1\x48\x66\xc3\x7a\x2f\x01\x48\x3f\xc8\x30\x0d\x49\
\xaf\x18\x05\x27\x26\xb3\xa1\x65\x38\x63\xf0\x83\x68\xc2\xa8\x98\
\x30\x13\xb5\xd0\x6f\xc5\xc4\xcd\x17\x4b\x41\x21\x1b\x99\x0a\x29\
\xfa\x5d\xa8\xb4\xb6\x7b\x27\x2d\x8d\x72\x24\x37\x6d\x87\x73\x86\
\xd7\x5e\x7d\x95\x47\x8f\x1e\x89\xd0\x19\xb9\x82\xae\x4b\x39\xd0\
\x04\x88\x10\x10\x40\xd7\x76\xf4\x5d\x47\x9e\x15\xdc\x7e\xfa\x16\
\x3f\xfe\x13\x9f\xe7\xa7\x7e\xee\x67\xf9\x0b\x7f\xe9\xcf\xf1\x89\
\x4f\xbe\xc8\xfe\xe1\x3e\xb3\x8b\x19\x0f\x1f\x9e\x48\x2e\x33\x73\
\xd8\x4c\x90\x1b\xe8\xbe\xae\xca\x82\xb6\x5d\xb3\x69\xd7\x28\x3e\
\x7b\xeb\x4a\xb8\x2c\xa7\x69\x84\x73\xb8\xaa\x44\xd3\x0e\x3e\x30\
\x5b\x2c\x84\x0e\xcd\x08\x03\x82\x55\x4f\x24\x06\x41\x18\x11\x0d\
\x7d\xef\xc9\x32\xa9\xa9\xd6\xa3\x9a\xa2\xa8\xa9\xca\x8a\x3c\xcb\
\x58\xac\x5b\x36\xea\xfb\xc7\x98\x5c\x0e\xc5\x1d\x6a\x16\xa1\xd7\
\xf9\xaf\xa2\x8c\x3e\x4e\xe8\x34\x37\x96\x7c\xb0\xac\x10\xd2\x69\
\x3d\x1a\x24\x53\x92\x4a\x20\xda\x83\xe0\x9c\xf8\x0f\xab\xe5\x72\
\x27\x50\x97\x1e\x16\xd9\x49\x41\x85\x62\x27\x9a\x2a\x08\x51\x6e\
\x0a\xfa\x3b\x48\x4a\xa0\xf7\x81\xbd\x71\x45\xd4\x12\x55\xca\x55\
\x49\x92\x58\xa0\xd1\xd2\xbd\x26\xcd\x2b\xc9\x2f\xea\x95\xa3\x44\
\x84\x53\x2e\x53\xfe\x6d\xb0\x08\xdb\x38\x8a\x84\x4e\x3b\x32\x05\
\x12\x56\x4b\x68\x45\xee\x58\x6c\x36\xb4\x83\x4c\xe4\xf6\xd1\x13\
\x8d\x20\x43\x52\xa7\x6c\x12\x3c\xf1\xf6\x24\x25\x91\x15\x8e\xd5\
\x7a\xc3\x66\xb3\x61\x31\x9f\xf3\xd1\x87\xf7\x18\x06\x85\xbc\xab\
\xb9\xdf\xa9\x5d\xf5\x93\xa3\x44\xdf\x51\xb3\x03\x5d\xdb\xd1\x36\
\x2d\x9b\x4d\x47\x3f\x78\x06\x1f\x05\xfa\xad\xca\x40\xea\xc6\x89\
\x11\x40\xdc\x82\x5c\x71\x6e\x79\x96\x41\x10\xa5\x10\xb4\x99\xbc\
\x6b\x5a\xda\x56\x38\x81\xa3\xf7\xf8\x4e\x50\x33\x99\xb3\x94\x79\
\x21\x41\x8f\xba\x01\xce\x3a\x0c\x51\x84\xb8\x1f\x40\xc9\xc2\x13\
\x4b\x53\x35\xaa\xc4\x1a\xc4\xc0\x78\x2c\x2d\x8c\x90\x6a\xeb\x3b\
\x77\x1d\x05\xdd\x76\x0a\xd6\x05\xf5\xc1\x77\x2f\xeb\x23\x99\x4d\
\x85\x64\x97\x45\x09\x4a\xc5\x90\xb6\x54\x14\xd9\xdc\xfd\x8e\x4c\
\x07\xac\xca\x8a\xc1\x7b\xd6\xab\x95\x24\x21\xf5\x21\xc5\x73\xa1\
\x3f\x90\x5b\xa3\x22\x27\xd2\x9b\xbe\x78\x6b\xb6\x44\x2d\x88\x10\
\xf8\x60\xd8\x6c\x1a\xea\x32\x91\xf2\xe9\xbb\x55\x2b\x06\xef\x35\
\xb7\x24\xa8\x88\x21\x46\xb2\x3c\x17\xea\x08\x2d\x7f\x59\xe7\x44\
\x3f\x69\x22\xd6\xa4\x7c\x9f\x7e\xff\x10\x82\xa2\x2f\xf4\x9a\x8c\
\xf8\x98\x99\x15\x92\xe7\xc5\x7a\xc3\x62\x39\x27\x0c\xc2\x0d\x62\
\xb7\xe3\x87\x64\x9d\xb6\xff\xe9\xbe\x8c\x01\x46\xa3\x09\x7d\x80\
\x37\xde\xf8\x3e\x2f\xbc\xf0\x0c\x1f\x7c\xf0\x01\xeb\xd5\x42\x68\
\x27\x12\x86\x4e\xaf\xf3\xf2\x9a\xa7\x6b\x4b\x8f\xb4\x21\xda\xa6\
\xd3\x51\x52\xb2\x2e\x56\x5b\x34\xf3\xa2\xa0\xaa\x6a\xee\x3f\x78\
\xcc\x97\x7e\xf3\xb7\x84\x5f\xce\x68\xb6\x40\xd3\x1e\xab\xd5\x82\
\xcd\x66\xb5\x3d\xc7\xac\xa8\x28\xea\x1a\x22\xf8\x41\xfa\x63\xbb\
\xb6\xd9\x65\x2e\xac\xa1\x2c\x4a\x8c\xe6\xf1\x0a\x65\x27\x8d\xc6\
\x30\x99\x8c\xc9\x74\x78\xa0\x35\x32\x84\x05\x2d\x45\x6e\x83\x34\
\x23\xaa\xc4\x28\x88\x33\xca\x85\x68\xa0\xf6\x31\x20\x4e\xd0\xab\
\xd6\x15\x74\xd6\x52\x29\xd2\x54\x54\xa6\xbe\x9c\xa4\x45\x77\x47\
\x40\x08\x6f\xc6\x93\x09\x5d\xdf\xd3\x34\x8d\x4c\x49\x51\x11\xdb\
\x36\x28\x6b\xed\xd2\x68\xe2\x19\xd9\x23\x72\x62\xba\xe3\xe5\xb9\
\x28\x82\x67\x1d\x9d\xfa\x42\xd3\x71\xb9\x2d\xad\x25\xd5\xdd\x75\
\x9d\x0c\xcd\x4d\xcd\x36\x21\x68\x72\x3b\x7d\x87\x56\x2e\xf4\x74\
\xad\x2e\x8a\x08\xa2\x90\x37\x1b\x6d\xc4\x21\x39\xc1\xe2\x40\x82\
\xd1\x9e\x0c\x6d\xd4\x7e\xf8\xf0\x01\xc4\x80\x73\xd9\xb6\x6e\x19\
\x2f\x2f\x97\xac\xac\xe6\xc3\x22\x7b\xfb\x07\xfc\xc6\x6f\xff\x1e\
\xa7\xa7\x8f\xf9\x13\x7f\xe2\x67\x58\x2c\xe6\xbc\xf3\xce\xbb\x34\
\x4d\x2b\x83\x8f\x35\xa2\x96\x47\xda\xbe\xfa\xf7\x36\xf8\x10\xc1\
\x99\x2f\xd6\x0a\xbb\x12\xbf\x38\x2f\x32\x46\xe3\x9a\x6e\xe8\x79\
\xfb\xdd\xf7\xf9\x07\xbf\xf8\x8f\x79\x78\x72\x22\x78\x39\xc4\xa6\
\xfa\x30\x30\x5b\xcc\x98\xcf\x67\x60\xa0\x1a\x8d\x28\x94\xba\x2c\
\xf8\xc8\x30\x44\x50\xe1\xdd\xf4\x3d\xda\x15\x21\xb0\xf5\xb2\xa0\
\xed\x05\x84\x59\x64\x52\x2c\x70\x2e\x93\x20\x43\xf1\x86\x59\xe6\
\xe8\xfa\x34\xa6\xf3\xd2\xb5\xe8\x3d\xec\xd3\x30\x40\xeb\xb0\x36\
\x53\xbf\xfa\x63\xa0\x4d\xe9\xc2\xe5\xe2\x65\xe7\xe7\x79\x46\x55\
\x95\x84\xd4\x31\xaf\xf7\x44\xde\xad\x9f\x50\x41\xb0\x18\x26\x93\
\x09\x7d\xdf\xd1\xf5\x2d\xbd\x17\x40\xe0\xba\x69\x24\xd3\xa4\xf0\
\x21\x39\xba\xa2\x88\xd3\xb1\xf4\xb8\xbb\x63\x8a\x33\xeb\x32\x47\
\x3b\x78\xba\x6e\x20\x57\x8a\x7e\x90\xc4\xae\x1f\x7a\xea\xba\x92\
\xcc\xb9\x6e\x0a\x1f\x64\xb1\xb6\xbc\x22\xb2\x01\xb7\x27\x2c\x8b\
\x26\xf3\xab\x40\x76\xe9\x76\x0f\x69\xf5\x45\x04\x50\xf0\x60\x4d\
\xd3\x2a\x46\xcf\x28\x7c\x5d\xa0\x5d\x2a\x03\x2a\x24\x81\xbe\x6b\
\xc9\x8c\xd0\x40\x18\x23\xa5\xb5\x2c\x2f\xf8\x6f\xff\xdf\x7f\x9f\
\xe0\x07\x7e\xe6\xa7\x7f\x82\xaa\x2c\x78\xfd\xf5\x77\x78\xff\xfd\
\xfb\x52\xc3\xd4\x73\x8b\x51\xea\x9f\x29\x01\x1f\xd5\xdd\x30\x58\
\x56\xeb\x96\xae\x17\x50\xa5\x55\x81\x3e\x3b\x9b\xf1\xfd\xd7\xdf\
\xe1\xe4\xd1\x19\x1f\xde\xbd\xc7\x6b\x6f\xbd\xc9\xfe\xc1\xbe\x56\
\x88\x64\x0a\xce\x6c\x36\xa7\xdd\xac\xd9\xdf\x3f\x60\x6f\x4f\x12\
\xb6\x43\x9a\x6f\x81\x48\x74\xe6\x64\x2e\xee\xd0\x0d\x5b\x78\xbf\
\xb5\x32\xed\xb0\xe9\x5a\xbc\x32\x6d\xa6\x9e\x09\xd9\x8f\xe2\x9e\
\x38\xe7\x74\x86\xac\x9e\x6b\x5a\x64\xa5\xa9\xe8\xda\x0e\xa7\xec\
\x4f\xb9\xde\x0b\xf9\xf4\x0f\x3d\xd2\xf9\x18\x64\xc3\xe8\x86\xa7\
\x2c\x4b\xf2\x42\xc1\x00\xec\xa2\xcd\x4b\xae\x09\x68\x40\x90\x65\
\x39\x65\x55\xd1\x77\x3d\x6d\xbb\x61\xd3\xa8\xea\x8e\x7a\x30\x0d\
\x42\x2e\x0b\x1c\x1a\x5c\x04\x45\xa2\x24\x99\x87\x88\xc1\x81\x71\
\xb4\x43\x64\xdd\xf6\x34\x8d\x4c\x4e\x4e\x20\x82\xa2\x28\xb5\x9c\
\x23\x8c\x99\x7d\xd7\xd2\x36\x3a\xf9\x45\xa3\xd4\xad\xd4\xa9\x7f\
\x97\x3b\xc7\xa8\x1a\xd1\xf7\x83\x8c\xd9\xd4\x0b\x0f\x4a\xb0\x13\
\x43\xf2\x15\x4b\x25\xc9\xee\xb1\x2e\xc3\x39\xc7\xc3\x07\x0f\xe8\
\x3a\xc9\xc9\xa5\xf7\x6e\x56\x6b\x0e\xf7\xc7\xbc\xf4\xc2\x1d\x7e\
\xe4\x33\x2f\x89\x29\x8c\x02\x40\xb8\xff\xe8\x84\x7f\xf6\xcf\xfe\
\x25\xce\x39\x9e\xbd\xf3\x0c\x5d\x3f\x10\x30\x2c\xe7\x2b\x2e\xce\
\x17\xcc\x17\x2b\x9a\x8d\xb0\x50\x89\x87\x2b\x39\xbd\xbe\x1d\xd8\
\x34\x2d\xb3\x8b\x39\x6d\xdb\x32\x9f\xcf\xb9\x7b\xf7\x01\x77\xef\
\x3d\xe0\xfe\xc3\x13\x8c\xcd\x38\xbc\x7a\xcc\xaf\xff\xd6\x6f\xcb\
\x14\x6b\x97\xa9\x6b\x12\x59\x2d\x16\x64\x99\xe3\xda\xb5\x1b\x94\
\x65\x8d\xf4\x56\x69\x4e\x13\xdd\x58\x3a\x76\xc9\x68\x62\x98\x18\
\xa9\xf2\x02\x13\xa5\xa3\x4d\xea\xb1\xa2\xb9\x87\x41\x7e\x4f\xeb\
\x24\xf7\x5d\xc6\x1b\x24\x2d\x27\x56\x4a\x7e\x9a\xa6\x03\xc5\x2b\
\xba\x2c\x13\xad\x1e\x91\x40\x55\x6f\xc5\xa5\x47\xba\x3b\xfa\xdb\
\x76\xd7\x09\x01\xa1\x51\xac\x3f\xb2\xbf\x77\x9b\x26\x7d\xc2\x88\
\x39\xa8\x2a\x99\xe7\xe0\x07\x2f\xf5\x88\xb8\xb5\xcb\x44\x85\x47\
\x4b\x52\x58\x1e\xe9\x38\x32\x7f\xe1\x12\xdb\xcf\x25\x35\x15\x8d\
\x21\x5a\x01\x66\x46\x85\xca\x1b\x27\xe4\xc9\x29\x76\xb1\x16\xda\
\x2e\x4d\xe3\x53\x4e\xb7\x14\xe2\x21\x5a\x2e\x46\x18\x8f\x27\xa0\
\x11\x9b\x8c\xd9\x14\xfc\x9e\x9c\x8b\xe6\xf3\x4c\x24\xcf\x0a\xb2\
\x5c\xb4\x9c\xd3\x0a\x48\x51\x14\x3c\x7a\xf4\x90\xd5\x6a\xa9\x7e\
\x64\xa0\xf5\x03\x6f\xbf\xfb\x01\x5f\xfe\xdd\xaf\xf2\xfe\x07\x1f\
\x50\xd5\xa5\xf4\x1e\x04\xf1\x75\xbf\xf9\xed\xef\x32\x5b\x2c\x28\
\xf2\x9c\xa7\x6e\xde\xe0\xf5\xef\xbf\xcd\xc9\xc9\x05\x55\x5d\x13\
\x83\x61\xb9\x5a\xb3\x5e\x6f\xb8\x7f\xff\x31\x1f\xdd\x7d\xc0\xab\
\xaf\xbf\xc5\xb7\xbf\xf7\x3a\x0f\x1f\x9e\x10\x95\x82\x75\x54\xe5\
\x4c\xa7\x23\x8c\x31\x94\x79\xc1\x8d\xeb\x57\xf8\x5b\x7f\xe7\xbf\
\xe3\x62\x2e\xa3\x3f\x9d\x73\xf4\x6d\x47\x96\x59\xf6\x0f\x0f\x98\
\xee\xef\x4b\x22\x3b\x65\x05\x8c\x21\x2b\xf2\x2d\xfe\x2d\xc6\x20\
\xc4\x37\xd6\x31\x24\x26\xa6\x42\xfa\x8c\x63\x84\x10\xbc\x6a\x28\
\x49\x3a\x8b\xf6\x16\x61\xb5\xda\xb6\x20\x90\xb2\x4b\x7b\x1a\x69\
\xde\x32\x26\x0a\xc3\x96\xa6\x60\x8c\x36\x62\xb5\x6d\xf3\x64\x72\
\xf8\x70\x7a\x28\xb4\x05\x49\xdd\x18\xd1\x35\x46\x65\xd8\x5a\x4b\
\xd3\x6e\x04\x14\xb9\x7d\xf6\xd2\x97\x46\xdd\xad\x0a\x8e\x6c\xd6\
\x2b\xd9\x19\x1a\xbd\xa0\x37\x54\x66\x48\xe9\xee\xd0\x9d\x62\x10\
\x3f\x4d\xde\xb6\x4b\xc4\x76\x83\x04\x31\x56\xa7\x06\xc6\x18\x28\
\x74\x07\xa6\x24\xc8\x90\x58\x87\x74\x8c\xd2\x30\x04\xb2\xa2\x20\
\x73\x99\xec\x50\xa0\x1f\x74\xf0\x9a\x81\x2b\x87\xfb\x62\x52\x40\
\xc6\x8b\xca\x09\x48\xaa\xc5\x07\xf2\xcc\x42\xb4\x42\x38\x58\x96\
\xac\x37\x0d\x75\x5d\x51\x97\x85\xe0\xc5\x30\x2c\xe6\x33\xac\xb5\
\x54\xa3\x31\x5d\xd7\x53\x94\x05\xcf\xdc\xb9\xc3\xdd\x8f\x3e\x62\
\xe8\x5b\x8a\xbc\x14\x7f\xc6\x59\x66\xb3\x19\x9f\x7e\xe9\x65\xea\
\xaa\x62\x7f\x6f\xc2\xc1\xfe\x1e\xaf\xbe\xfa\x16\xe0\xb9\x79\xe3\
\x0a\x55\x55\x92\xb9\x8c\xc9\x74\xcc\xfe\xde\x84\xeb\x57\x8f\xb9\
\xfd\xd4\x0d\x0e\x0f\xf6\xf0\x21\x70\x72\x76\xce\x7a\xdd\xb0\x37\
\x1d\x53\xe4\x19\xe3\xf1\x84\x7f\xf0\x8f\x7e\x89\x57\x5f\x7b\x8d\
\xba\x2e\x19\xba\x9e\x66\xb3\xc6\x59\x18\x55\x25\x21\x48\xc3\x74\
\xd2\x3c\x72\x4b\xd2\x08\xa9\x81\xf1\xa8\xc6\xfb\xc0\x74\x32\x81\
\x18\x99\x2f\x16\x5c\x3d\x3a\x14\x0e\x3c\x63\xe8\x07\x41\x8c\x94\
\x65\x49\xe6\x2c\x8b\xf5\x0a\xab\xe3\x0d\xac\x35\x8c\xca\x82\x3e\
\x04\xd6\x8d\xb8\x08\xaa\xc6\xe8\xfb\x9e\x61\x10\xeb\x91\xe5\xd2\
\xc8\x1e\x62\x94\xc8\xb9\x6d\xb6\x08\xe3\x1f\x78\x44\x4d\x2d\x84\
\x10\xb5\x8f\x75\x27\x70\x28\x9d\x80\xb5\x56\x6a\xa3\x97\x3e\x95\
\x7c\x3a\xf1\x47\xc4\xc7\x01\x18\xef\x4d\x19\xfa\x5e\x79\xda\x76\
\x95\x87\xe4\x07\xca\xc7\x75\x61\xb6\x69\x98\xcb\x54\x05\xbb\xda\
\x6b\x4c\xfe\xbd\xa6\x49\xbc\x1f\xa4\x82\xa0\xdf\x15\x83\xa4\x40\
\xda\x56\x12\x91\x92\x5a\xf8\xe1\x4b\xd4\x71\x97\x4e\x9b\x61\x74\
\x27\xcb\x01\x80\x28\x4e\xb1\x41\x48\x63\x9c\x66\xf3\x8d\x76\xa7\
\x3b\x23\xa4\xcf\xf5\x68\xcc\xde\xc1\x01\xeb\xd5\x8a\xd5\x62\x2e\
\xc8\x9b\x7a\xc4\x9d\x3b\xcf\xb1\x7f\x70\xc8\x83\xfb\xf7\x15\xe8\
\x29\x27\xde\xb4\x1d\xdf\xf8\xa3\x6f\xb1\x6e\x5a\x16\xcb\x35\x07\
\xfb\x13\xfe\xf8\x1f\xfb\x31\x88\x48\xa7\x7c\x54\x82\x49\x5d\x13\
\xeb\x2c\x6d\x3f\xf0\xd6\xfb\x77\x79\xf3\xed\x0f\xc0\x47\x6e\x5c\
\x3d\x66\x3c\xaa\x08\xc1\xf3\xfb\x5f\xfb\x57\xfc\xe1\x37\xbe\x89\
\xcb\x1c\xab\xc5\x92\x10\x3c\x93\xc9\x88\xf1\x64\x2c\xc5\xf5\xa1\
\x97\xb5\xd6\x8d\x29\x8a\x20\x4a\x49\xd2\x1a\x9a\xb6\xe3\xda\xb5\
\xab\xda\xa0\xde\x91\x67\x96\x7a\x24\x30\xff\xa0\xc4\xd4\x59\x26\
\xc9\xdf\x74\x0f\xac\xd1\x51\xa4\x51\x7a\x2a\x36\x9b\x76\x97\x20\
\x57\x57\xc3\x07\x4f\x5e\xe4\x60\x05\xe0\xba\x5a\xaf\x58\xaf\xd7\
\xc4\x10\x28\xab\x92\xd1\x78\xfc\xa4\xd0\x41\x12\x82\xdd\xaf\xc9\
\x56\xcb\x7f\x46\xe6\x68\x35\x32\x11\x59\xcc\xe6\xa5\x8f\xaa\x5f\
\x94\x4e\x44\xaa\x0b\x39\xcb\x95\xe0\xef\x8c\x42\xa1\xe4\x75\x31\
\x75\xfa\x41\x59\xf8\xf4\xa5\xe9\xfb\x22\x3a\x12\x53\x9e\xd3\xe5\
\x53\x93\x68\xb1\x18\x71\xdc\x23\x84\x20\x0e\x7c\x5d\x8b\x70\x58\
\xa3\xac\x4f\xdb\x45\x87\x18\x3c\x85\x93\xbe\x88\x4e\x91\x34\x49\
\xe8\xd2\xb9\x18\x24\x15\x63\xb5\xe2\x61\x80\xcc\x59\xe5\x52\x11\
\x92\x6e\x83\x68\xd5\xd1\x64\x42\xb3\xd9\xb0\x5c\xcc\x89\x31\x92\
\xb9\x92\xa7\x9f\x7d\x8e\xfd\xc3\x2b\x58\x6b\xe9\xfb\x9e\x5e\x67\
\x32\xfc\xd1\xb7\xbe\xcd\x72\xb9\xe4\xec\xf4\x02\x1f\x3c\x75\x95\
\xf3\xc2\x0b\x4f\x6b\x83\xb3\xa6\x42\x34\xad\x73\x7a\xb6\xe0\xf5\
\xb7\x3f\xe0\xfc\x7c\xce\xde\x64\xc4\xb5\xab\x47\x8c\x26\x63\xde\
\x78\xeb\x3d\xfe\xc5\xaf\x7f\x99\x7f\xf2\x2b\xbf\xc6\x10\x7a\x36\
\xeb\x35\xd5\xa8\x12\x0a\x90\x20\x08\xef\x18\xa4\x71\x48\x10\x40\
\xc9\xb4\x6a\x6b\xa7\x32\x37\x75\x5d\xcf\x83\x87\x8f\x89\xea\x47\
\x8f\xab\x9a\x22\x93\xba\x2f\xd6\x30\x28\x63\xc2\x16\xe6\xa4\x06\
\x49\x7c\x76\x29\x01\x36\xad\x90\x0f\x79\x65\xa9\xdf\xac\x57\x58\
\x2b\xbc\x81\x6d\x23\xfd\xc2\xd6\x5a\xaa\xaa\xa4\x1e\xd5\xc2\x03\
\x6d\x3f\x36\x4f\x77\xe9\xef\xcb\xc2\x24\x8a\x08\x63\xa0\x1a\xd5\
\x14\x45\xc9\x7a\xb9\x94\x8b\x4b\x67\xb4\xbd\x79\xbb\x20\x21\x06\
\xf1\x9f\xf2\xcc\xd1\x36\xeb\xed\x7b\xc4\x94\x26\xcb\xba\x8b\x5c\
\x62\xd4\x9e\xda\x24\x90\x9a\x37\x93\xe4\xab\x7e\xd6\x18\x69\xe6\
\x51\xb3\xe9\xbd\x02\x0a\x8c\x32\xae\x3b\x61\x8f\x4c\x7b\x5c\xcf\
\x44\xa0\xf7\x04\x0e\xf7\xf7\x20\x06\xfa\xbe\xdb\xe6\xf7\xe4\xf4\
\xd5\x0c\x25\x70\xa8\x55\x2d\xef\x21\xcf\x0b\x9d\x21\x21\x8d\x2b\
\xc1\xa7\x0b\x34\x54\x75\x4d\xd7\xb6\x0c\xbd\x10\xce\x54\x65\x8d\
\x73\x05\x9b\xa6\x11\xc6\xd0\x41\x92\xba\x0f\x1e\x3d\xe6\xfe\xbd\
\x07\x74\x6d\xcf\x6c\xb6\xda\x96\xdb\x64\xcc\x80\x68\xde\xb6\xeb\
\x79\xfb\xdd\x7b\xbc\xf5\xde\x47\x34\x4d\xcb\xde\x74\xc4\x95\xe3\
\x03\xea\xaa\xe2\xfb\xdf\x7f\x9d\xff\xcf\xcf\xff\xf7\xfc\xe3\xff\
\xf1\x57\xd9\x6c\xd6\x14\x59\xce\xc1\xe1\xc1\xd6\x84\x49\xde\xcc\
\x11\xe2\x6e\xf2\xcf\x65\x9d\xd0\x2b\xd1\x77\xda\x68\xad\x12\x61\
\xb7\xdd\xa0\xed\x8f\x60\x8c\xa0\xb8\x43\x14\xe1\x72\x9a\x7e\xb2\
\x5a\x8b\x8d\x21\x32\x2e\x4b\x30\x46\xe9\x36\xe4\xe8\xeb\xd5\x8a\
\xc1\xf7\xcc\x67\x33\xda\x66\x43\x59\x95\x54\x55\xb5\x2d\xbb\xa5\
\x64\x35\x82\x52\xfb\xa1\x87\xfa\x70\x3b\xcd\xa6\x4f\x22\xc7\x17\
\x4d\x04\xa3\xd1\x88\xbc\x28\x68\x36\x0d\x5d\xdf\xa9\x46\xd9\xbe\
\x53\x53\x2b\x49\x8b\x18\x0e\x0e\x0f\xf1\xbe\xc7\x0f\x3d\x58\x41\
\x7e\x88\x19\xdb\x3d\x12\xa5\x18\x09\x67\x17\x85\x3d\x40\xbe\x58\
\xeb\x84\x6a\xc2\x87\x41\x46\x29\x45\x03\x1e\x21\x09\x74\x6a\x4a\
\x1b\xe5\x9f\xdb\x9d\x90\xe0\xb8\x42\x8c\x8c\xca\x8a\xd1\xa8\xa2\
\x1b\x64\xe2\x61\x2a\x81\xc5\xa8\x49\xcd\xad\xa0\xab\x76\x88\x11\
\x1f\x65\xfe\x44\x34\x92\xe8\xb3\xd6\xc8\x4c\x31\xcd\xe7\xc5\x10\
\x29\xab\x9a\xbc\x94\x0e\x2a\x29\x31\x0d\xac\x37\x0d\x17\x8b\x85\
\x44\xfc\x5e\x22\xbd\x37\xde\x7e\x97\x2c\xcf\x39\x3d\x9f\x33\x84\
\x88\xcb\x32\x5c\x9e\x41\xb4\x3c\x3c\x99\xf1\xfa\x5b\x1f\x72\x72\
\x3e\xc3\x19\xcb\xf1\xc1\x84\xe3\x83\x29\x55\x59\x70\xef\xe1\x43\
\xfe\x8b\xff\xf2\x6f\xf2\xea\xf7\xbf\xcf\x64\x32\x66\xff\xe0\x80\
\xfd\x7d\xe9\x8b\x18\x7a\xf1\x31\x07\xaf\x91\x77\x94\xe3\x92\x5c\
\x9e\xe0\x05\x11\x6c\x84\xe2\x62\x7b\x77\x83\x74\x91\xc5\x20\x3e\
\x1e\x4a\x6d\xdb\x75\xd2\x82\x98\xb0\x86\x83\x1f\x30\x56\x9a\x73\
\x32\x27\x95\x8f\x75\x2b\xcd\x59\x06\x68\xdb\x86\xd5\x7a\xc9\x7a\
\xb3\x26\x84\xc0\x64\x6f\x4f\x84\x34\x48\x60\xd8\x2b\x63\x80\x20\
\xb0\x3f\x46\xe8\x76\xa6\x54\x6e\x56\xaa\x39\x5c\x7a\x03\x00\xc6\
\x5a\x8a\xb2\x24\x2f\x0a\xba\xae\xa3\x6b\x65\xce\xe7\xee\x6d\xbb\
\xfa\x9b\x28\x42\xc7\xfe\xfe\x01\x6d\xd3\x28\x0b\x80\x76\x47\xa9\
\x50\xee\xee\xbc\x6c\x85\x88\x80\x09\x52\x8d\xd3\x47\x11\xd4\xa8\
\x02\x94\x69\x47\xd9\xd0\x4b\xc1\x5e\x26\x35\xc8\xf7\x07\xd5\x96\
\xfe\x12\x1b\x94\x80\x18\x82\x94\xb0\x86\x81\x56\x5b\x16\xa3\x78\
\xdb\xdb\x1c\x9f\xf8\x87\x22\xe4\x46\x3b\xc4\x12\xf8\x51\x7c\xc6\
\x88\x73\x19\xe3\xc9\x58\xf0\x67\x11\x2d\xc7\x49\x4a\x82\x18\x29\
\x8b\x92\xcd\x7a\x43\x08\x9e\xb6\x6d\xb9\x38\x9f\xc9\x38\xcb\x2c\
\xe3\x95\xef\xbd\x2a\x45\x08\x22\x8f\x4f\x2e\x88\xc0\x7c\xb1\xe6\
\xbd\x8f\x1e\xf0\xf0\xf1\x05\x51\x37\xc6\xb5\xab\x07\x4c\xc7\x23\
\x8a\x2c\xe7\xec\xfc\x9c\xff\xf4\x3f\xfb\x2b\xbc\x77\xf7\x1e\xc7\
\xd7\xae\xb2\x7f\xb0\x4f\xee\x32\xc2\x30\xf0\xd2\x8b\xcf\xf1\xf9\
\x1f\xff\x11\x69\xb7\xec\xfb\x6d\x14\x1f\x75\x6d\x43\xf0\xb4\xcd\
\x1a\xef\x3b\xac\xb6\x1f\x36\x5d\xc7\x87\x1f\x7d\x84\x1f\x06\xa2\
\xfa\xaf\x55\x59\xd2\xf5\xb2\x59\xfa\x5e\x0a\xff\x68\xb5\x2e\xa4\
\x29\x87\x61\x60\x54\xd7\x02\x6b\xef\x7a\x9c\x73\x74\x7d\xc7\xf9\
\xb9\xa0\x93\x8b\xa2\x60\x6f\x6f\x5f\x1b\xe0\xe3\x16\xc4\x19\xb7\
\x2d\x9d\x22\x6e\x1f\x2f\x74\x2a\x3b\xf2\xab\x7a\xf0\x49\xf4\xb6\
\x3e\x9e\xa4\x50\xd2\x4f\x3f\x0c\x6c\xd6\x1b\x29\xb8\xab\x93\xb4\
\x35\x41\xaa\x3d\xf3\xa2\x62\x3a\xdd\x53\x56\x23\xa9\x9d\x1a\x24\
\x99\x99\xbe\xcf\xec\xaa\x42\x2a\x2c\x92\x72\x01\x0d\x50\x10\x4d\
\x98\x02\x84\x7e\x48\x83\x36\x44\x90\x33\xb7\x23\xe5\x13\x4c\xbe\
\x1e\x29\x4a\x0e\x31\xcf\x32\x22\x32\xed\x25\x77\x19\xa0\x84\x3e\
\x7a\x5d\x3e\x26\xbe\x61\x43\x44\xc8\x73\xd2\xb9\x81\x0c\xf1\x00\
\x81\x71\x8d\x46\x23\xc1\xfc\x19\x25\x09\x22\x02\x46\x60\xec\xa3\
\x92\x8b\xb3\x33\x0c\xe2\x94\x2f\x57\x2b\xf2\x2c\xe3\xd1\xe9\x09\
\x17\xb3\x0b\xb2\x3c\x63\xbe\xdc\x70\xef\xc1\x29\xf7\x1f\x9f\xd1\
\x74\x03\xce\x19\xc6\x75\xcd\xcd\x6b\x87\x8c\x8a\x9c\xba\x2c\xb9\
\x77\xff\x11\xff\xfb\xff\xe3\x7f\xc8\x07\x1f\xde\xe5\xd6\xed\xdb\
\xd4\xf5\x88\xbe\xed\x59\x2d\x65\x22\xe4\xbb\xef\xbe\xcf\x2b\xdf\
\x79\x85\xd5\x72\xae\xf5\xe0\x1d\xe1\x0f\x71\x10\x65\xa0\xae\xc5\
\x72\xb9\x94\xbc\xdf\x62\x89\x8f\x51\x5a\x4a\xb5\xcc\x15\x23\x6c\
\x5a\x69\x01\x0d\x3a\x22\x3d\xf8\x40\x30\x46\x2b\x21\x82\x92\x19\
\xd5\xb5\xe4\x3e\x9d\xa1\xeb\x1a\xce\xce\x4e\x30\xc6\x52\xd7\x63\
\x32\x57\x52\x14\xd2\xaf\x1b\xe4\x24\xe4\xbd\x99\xcc\xae\x90\x75\
\xfc\x98\x3c\xdd\x0e\xc5\xb1\x7b\x42\x9e\x13\x98\xb6\x88\x82\x48\
\x87\x44\x74\x25\x79\x26\x60\x4e\x88\xb4\xcd\x46\x1c\x7b\xf9\xb0\
\xe4\xd2\xd4\xca\xc5\x18\x29\xca\x12\x6b\x2d\x5d\xdb\xaa\xf4\xef\
\xbe\xd0\x68\x2d\x77\xf7\xc4\xa5\x5f\x55\x3b\x84\x20\x44\x84\x45\
\xe6\x68\x07\x61\x90\x32\x6a\xf6\x88\x50\x96\x92\x26\x31\x46\x48\
\xfb\xac\x11\x0d\xe9\x75\xac\x77\xea\x70\x0f\xc1\x63\x95\x48\x31\
\xaa\x76\xdc\x6a\x6a\xdd\x77\xc6\x18\x72\xa5\x41\x05\x59\x07\xef\
\x85\x82\xd6\x10\xa9\xaa\x8a\xb2\xc8\x19\x86\x6e\x77\xae\x46\xae\
\xb6\x2c\x6b\x9c\x33\xac\x56\x2b\x30\x12\x55\x8b\x49\xf3\xbc\xf1\
\xc6\x9b\x32\x35\x9c\xc8\x62\x21\x91\x9d\xd3\x49\xda\xc7\x57\xf6\
\xa9\xab\x92\xbd\xbd\x29\xef\xbc\xfb\x2e\xff\x87\xff\xf3\xff\x85\
\x93\x8b\x05\x57\xaf\x5d\xc3\x84\x48\xdf\xf5\x3c\x3e\x7b\xcc\x87\
\x77\xef\x71\xef\xde\x23\x6e\x3f\xf7\x3c\xb3\xd5\x8a\x93\x93\x53\
\x2c\x30\x0c\x3d\x9b\x66\x83\xf7\x91\xae\x6d\x79\xf8\xe0\x1e\xa7\
\x67\xa7\xac\xd6\x2b\x3d\x07\xa1\x09\xa9\xca\x4a\x04\xc8\xc8\xdc\
\xdc\xbe\xef\xb1\xe8\x48\x2a\xbd\xf6\xa0\x60\x81\x26\x05\x05\x18\
\xca\x42\xc0\xbd\xe7\x17\x33\x56\x8b\x05\x60\x98\x4c\x65\x36\x5b\
\x5d\x55\xc2\x89\xa7\x75\xd6\x5c\x3b\xe4\x76\xf7\x55\x64\xe7\x09\
\xa1\x4b\xc2\x22\x66\x51\x8c\x93\x40\x82\xc4\xbe\x6f\x23\xc1\xa8\
\x8e\xb9\x72\xde\xd6\x75\x8d\xd3\x9e\xd3\x61\xf0\x82\xc6\xdd\x6a\
\x28\xfd\x15\x0d\x2c\x26\x53\xbc\x76\x26\xc9\x71\x93\x7f\x77\x59\
\xeb\xc9\x07\x06\x8d\x90\xd3\x19\x48\xd1\x5f\xbe\x77\xe8\xc5\x5c\
\xa6\xd7\x8c\x82\x13\x8d\x46\xae\x7e\xd8\xf5\x6f\x84\x18\xc8\x8c\
\x21\x4b\x91\xb3\x34\xb7\xeb\x35\xe9\x09\x5e\xda\x85\x5d\x2f\x68\
\x8d\xe9\x78\x44\x08\x01\xeb\xd2\xc6\xd9\x69\x72\x62\x64\x3c\x9e\
\x4a\x70\xd1\x0b\xf7\xae\xd1\x90\xc7\x18\x47\x55\x8f\x28\xeb\x52\
\x90\x1d\xc8\xcc\x8b\x3c\x2f\xf8\xf6\x77\xbf\x2b\xb4\xb4\x20\x98\
\x36\x51\x24\xca\x4e\x50\xb2\xbf\x3f\xe5\xcb\xbf\xfb\x55\xfe\xf2\
\x7f\xfc\x7f\x63\x20\x72\x70\xb8\x2f\x66\xb2\x6b\xb9\xb8\x38\x97\
\x59\x5d\x99\xe3\xe6\xed\x5b\x3c\x73\xfb\x16\xa3\xba\xa6\x28\x0b\
\x66\xb3\x0b\xee\xde\xfd\x88\xd9\x7c\xc6\x62\xb9\xc0\x18\x28\xab\
\x9a\xfd\xbd\x43\xca\xaa\xc2\x1a\xe9\x5b\xed\xba\x81\x3c\x2b\x18\
\xd5\x35\x99\xb5\x64\x79\xce\x72\xd3\x6c\x2d\x80\x55\x8c\x62\x08\
\x81\xbe\x17\xc8\xbe\xf7\x9e\xaa\xc8\xb0\x44\xce\xce\xcf\x69\xda\
\x86\x08\x8c\x47\x13\x40\xe0\xf6\x65\x55\x2a\x50\x43\xae\xc5\x6a\
\x07\xd9\x76\xb9\xf4\xe7\x09\xa1\x03\x79\x97\x49\x50\x1f\xd5\x30\
\x5b\xa1\x49\x7f\x5c\x12\x24\xa3\x2c\xe5\x65\x59\xd2\xf7\x1e\x97\
\x39\x81\x25\x29\x8c\x06\x7e\x50\x83\x5a\xeb\xd8\x3f\x38\xa2\x6d\
\xa4\x77\x76\x97\x4b\xd3\x1b\xa0\x07\x96\x14\x80\x96\x6c\x54\x10\
\x83\x1f\xa8\xaa\x42\x2a\x09\x3a\x1f\x4c\x6e\x9c\xdc\xf0\x66\xd3\
\xc8\xe7\xed\x25\xcc\x9e\x1c\x0c\x63\xa4\x99\x7c\x18\x82\xf4\x23\
\x60\xb6\x95\xc0\x24\x48\x82\xbf\x43\x99\x3c\x05\x19\xa3\x8b\xb0\
\xd5\xd6\xdb\x0b\xd7\x4d\x32\x1e\x0b\x8f\x5c\xdf\xb7\x9a\x0a\x4a\
\x4d\xdf\x15\xce\xe5\x38\xeb\x58\x2d\x57\xc2\x74\xe9\x1c\xef\x7d\
\xf8\x11\x0f\x1e\x3d\x02\xad\xde\x04\xc5\x24\x66\xce\x52\x57\x25\
\x7f\xff\x1f\xfc\x02\x7f\xf5\xaf\xff\x37\x64\x95\xa4\x42\xfa\xb6\
\x63\xbe\x98\x73\x31\xbb\x60\x18\x7a\xda\x46\x3a\xb6\xea\x72\xc2\
\xa3\x07\xe7\x2c\x97\x4b\xe6\xb3\x0b\xc9\xf7\x61\x19\x55\x15\x55\
\x55\x82\x75\xe4\x79\xa9\x02\x24\x26\xc1\x2a\xfd\xd7\x78\x54\x51\
\x15\x39\x45\x9e\xb3\x5a\xae\xe5\x79\xe5\x72\xc9\xb4\x05\x31\x46\
\xa9\xd8\x04\xef\xd9\x6c\x56\x8c\xea\x6a\x8b\xfb\xf3\x83\xc7\x58\
\x47\x96\xe7\xc4\x10\xc4\x82\xe9\xf8\x27\x81\x89\x25\x39\x12\xa1\
\x13\xa0\x91\xa8\x87\x27\x85\x2e\xa2\x5a\x4c\x17\x55\x7d\x95\xe4\
\x98\xaa\x08\xee\x64\x2e\xfd\xa1\xc3\xc9\xf2\x22\x17\x82\x68\x23\
\x9d\x4d\xeb\x14\xdd\xea\xdb\x62\x14\x14\xb2\xb5\xc2\x69\xd6\x75\
\xc2\xab\x6b\x14\x3d\x28\x72\x2e\x9a\x2b\x46\x29\xb9\x24\x8d\x1b\
\xa2\xcc\x55\x1d\x57\xd5\x76\xb8\x4a\xd2\x82\x04\x19\x1b\xde\x76\
\x8a\x27\xd3\xef\x0a\x5e\x9c\xfd\xa0\x39\x2b\xe7\x1c\x8b\xd5\x52\
\x4e\x47\x37\x15\x97\xcd\x49\xf2\x1b\x81\xa6\x53\x21\xd2\x8d\x27\
\xcf\xef\x84\x2e\x8a\x7b\x89\x75\x8e\xd1\x68\x8c\x1f\x7a\xc9\x15\
\xaa\xf6\x74\xd6\x0a\xf7\x71\x55\x31\x1a\x8f\x58\x2e\x97\x78\x3f\
\xb0\x6e\x36\x7c\xf7\x95\xef\x61\x10\x70\x40\xd0\x8e\xf8\xac\xc8\
\xf8\xcf\xff\x8b\xff\x9a\xbf\xff\x8b\xff\x23\xfb\x07\x87\x00\xcc\
\x66\x17\x9c\x9c\x9d\xb0\x5e\xaf\xe8\xfa\x86\xf5\x6a\x29\x60\xcf\
\xa2\xe6\xe8\xea\x75\x8a\xd1\x98\xde\x43\x51\xd5\xb8\x3c\x13\xaf\
\x4e\xa3\x7c\xd9\x48\x51\x38\x5f\x8c\xb4\x08\x44\x24\x08\x9c\x8e\
\x47\x18\x6b\x08\x06\x3c\xc2\x4b\x97\x29\x64\x3f\xd1\x4f\xc8\x26\
\xf5\xac\xd6\x6b\x62\x80\xba\x28\xd9\x6c\x5a\x96\xab\x35\xed\x16\
\xf2\x24\xc2\x5c\xe6\x12\xb9\x93\x3c\x26\x45\x0c\x8b\xf2\x92\x0d\
\x8e\x9a\xd9\x27\x84\x2e\x99\xb5\x88\x64\xfe\x65\x63\xcb\x07\x64\
\x0f\x8b\x93\x7e\x49\x14\x61\xfb\x9c\x61\x54\x57\x58\x9b\xc8\x70\
\x64\x36\x56\xdb\xb4\xd2\xa5\xae\x0f\x63\x44\x63\xe5\x65\xc6\xd0\
\x77\xf8\xa1\xdf\x26\x73\x0d\x49\xbb\xee\x20\x4c\x52\x1d\x91\x6f\
\x0c\x31\x70\x76\x7e\xbe\x13\xc6\x28\x19\x76\x4c\xa4\x1d\x5a\x7a\
\x2f\x9d\xf4\x71\xcb\x7f\x27\x54\xac\x31\x44\xca\x4c\x92\xc2\xeb\
\x46\x88\x64\xe4\x86\xec\xb2\x79\x12\x65\x49\x16\x1f\x84\x49\x32\
\xcb\x32\x59\x30\x35\x9c\x79\x9e\x93\x29\x45\x83\x5c\x8b\x2e\xac\
\xb5\x1c\x1f\x1f\x71\xe5\xf8\x08\xef\x3d\xde\x4b\x02\xd6\x59\xc7\
\x78\x34\x66\x7f\xba\x2f\xe5\xb4\xd5\x8a\xcc\x3a\xbe\xf5\xed\xef\
\x48\xb3\x8b\x96\xd4\x9c\xb3\xfc\xf5\xbf\xf1\x37\xf9\x8d\x2f\x7f\
\x95\xe9\xde\x1e\xc3\x30\xb0\xde\xac\x99\x6f\xa7\x1a\x4a\xfe\x6f\
\x3c\x9d\x52\x8f\x46\x02\x72\xe8\x7b\x36\x9b\x35\x9b\xa6\xa1\xeb\
\x06\xc2\x20\x24\xe0\x79\x56\x60\xb0\xe4\xce\x51\x55\x85\x8c\x66\
\xb2\x86\xcc\x4a\x27\x9b\x55\xdf\xd6\x20\x44\x37\xb2\x8e\x72\x17\
\x89\x29\x88\x12\x30\xe7\x6a\xb9\xa4\x6d\x1b\x8e\xf7\xf7\xc5\xd5\
\x31\x91\x4d\xd7\x51\x96\x32\xac\x24\x2a\x95\x47\x82\x8a\xa9\xa3\
\xb3\xb5\x1c\x69\x8b\xca\x1a\x09\x0d\xda\x13\x42\x67\x74\xbc\xa2\
\xfc\x63\xab\x08\x2e\x69\xbf\xc4\x73\x72\x49\xdc\xa2\xc0\xc8\x45\
\xd2\x0d\x75\x5d\x6f\x39\x51\xd2\x97\x75\x5d\xb7\xed\xa1\x90\x94\
\x81\x28\xda\x6a\x34\x62\xbd\x5e\x29\x87\xc9\x6e\x22\x4e\x0c\x22\
\x04\x3f\x70\x1e\x31\x0a\xd2\x05\xd1\x2e\xe2\x43\xc9\x05\xc5\x68\
\x70\x08\xbf\x46\xb6\x9d\x22\x23\xb3\xbd\x82\x81\x10\x3d\x55\x9e\
\xd3\xf5\x03\xde\x23\x4a\x5e\x2e\x61\xbb\xe8\x82\xb3\x13\xad\x1b\
\x74\xe6\x6b\x51\x14\xdb\xef\x20\xa5\x66\x4c\x14\xad\xcc\xf6\x62\
\x40\x19\xa3\x9e\xbe\xf5\x94\xe6\x16\xc5\x1f\x5d\x6f\x36\x58\x23\
\x09\xe0\xe9\x74\xa2\x55\x0d\xcf\x47\x77\xef\x71\x76\x76\x26\xac\
\xed\xc1\xf3\x37\xfe\xeb\xbf\xc9\xb7\xbe\xfd\x3d\x46\x93\x31\xf3\
\xf9\x9c\xd9\x7c\x86\xf7\x81\xf1\x64\xcc\xd1\xd1\x31\xd3\xbd\x7d\
\x15\x76\x89\x26\x53\x2f\x43\xdf\x77\x32\x27\x22\x73\x64\x45\x81\
\x71\x96\xac\x28\xb6\x77\xa7\x2c\x0a\x59\x3f\x1d\x66\x17\x34\x91\
\xee\x9c\x14\xe0\x87\xc1\xd3\x36\x1d\x56\xa9\x3d\x50\xf3\x18\x23\
\xf8\x08\x0f\x4e\x1e\xd3\xb4\x0d\xfb\xfb\x7b\xda\x0b\x0d\x36\x53\
\x8e\xe6\x28\xf7\xa4\x2c\x04\x00\x1b\x91\xcf\xe9\x72\x80\x6a\xb9\
\x54\x21\x37\x88\x75\x79\x42\xe8\xd2\x43\x8f\xb7\x95\x3a\xd1\x78\
\xb2\x13\xe4\x1b\xa2\x86\xe7\x92\x0b\xdb\x7e\x93\x9a\x9b\xb2\x2a\
\x18\x06\x71\xa0\xad\x42\x8b\xda\xb6\x91\xdc\x96\xb2\x00\x85\x28\
\x2c\xe8\x45\x59\xb0\x5a\xad\xb4\x64\x24\xcd\xc5\x83\x6a\xca\xad\
\xd3\x6e\xc0\x22\xe3\x83\x8a\x5c\x04\x41\x4c\xab\x7c\x69\x44\xc0\
\x9b\xc2\x96\xee\xb0\x46\x98\x25\x87\x5e\x52\x39\xd1\x7b\x8a\x32\
\xd7\x68\x32\xa5\x8c\xe4\xa4\xf5\x8a\xf0\xca\x6f\x2c\x35\xc6\x28\
\x14\x63\x99\x40\xb7\x9d\x95\x92\x9a\x98\xec\x4b\xd8\xb1\x4b\xe7\
\x31\xf4\x3d\x87\x07\xfb\xdc\x79\xe6\x36\x83\xd7\xfa\xaf\x11\xbe\
\x37\x39\x51\xa1\x5c\xeb\xfb\x9e\xd5\x62\xc1\xfd\x8f\xee\x11\x89\
\xfc\xd5\xbf\xfe\x37\xf8\xde\xeb\x6f\xe0\x8a\x8c\xc7\x8f\x1f\xd1\
\xb6\x1b\x25\xdf\xce\xc9\xf3\x92\x22\xcf\x95\x64\x5a\x59\xe4\xad\
\x53\xc8\x95\xdb\xf6\x26\x0b\x9d\x86\x60\xe1\x9c\x5a\x9a\x7e\xe8\
\xb7\x44\x8b\x20\x42\x10\x43\xa0\x52\x82\xa1\xa8\x9c\x71\xc6\xc9\
\x54\xef\x5e\x91\x24\x72\x4d\x41\x86\xb3\x04\xcf\xe1\xfe\x01\x55\
\x35\x62\xb1\xda\x28\xe4\x4b\x2a\x29\x01\x21\x1c\xca\x94\xcb\x4e\
\xac\xa4\xca\x48\x94\xeb\xdd\x5a\xae\xdd\xde\x7c\x52\xe8\x82\x6a\
\x2e\xb9\x91\x2a\x63\xdb\xdb\xaa\x1a\x41\x5f\x48\x79\x54\xf9\x22\
\x7e\x40\x42\xab\xb2\x92\xd6\xb7\x54\x9f\x45\x4c\xf4\x66\xd3\x48\
\x52\x52\x6b\x7e\x21\x04\x46\xf5\x58\x6f\x5a\xc7\xa0\x05\x7b\x09\
\x1e\x44\xfd\x18\x23\x5a\x29\x15\xf9\xa3\xfa\x2b\x21\xee\xfc\x4c\
\xa9\x12\xf4\xf4\x5e\xf2\x6f\x46\xd1\xc0\x36\x77\x2c\xd7\x2b\xca\
\x42\xa8\x56\x7b\x9d\xf6\x2c\xc1\x8b\xf6\xcf\x6a\x52\x58\x10\xcd\
\x56\x06\xd9\x21\xfe\x24\xc6\xc8\x50\x12\x45\x58\x98\xcc\xc9\x98\
\xd1\xb4\x2e\xba\xd8\x3b\x67\x23\xf2\xd2\x4b\x2f\x72\x74\x78\x08\
\x6a\xe2\x13\x60\x81\x28\x5a\x64\x6f\x3a\x05\x22\xbf\xf5\x95\xaf\
\xf0\xff\xfa\x7b\x3f\xcf\xfb\x1f\x7c\x84\x01\x66\x17\x17\xd8\xcc\
\x49\xbf\x47\x90\x4d\xe6\x94\x45\x2a\xc6\x88\xb5\x4e\x84\xcb\x38\
\x41\x1e\x1b\x49\x91\x10\x35\x6f\x94\x7e\x74\xb9\xbd\xd7\xbc\xa5\
\x6a\xae\xe4\xe3\x8d\xab\x52\xca\x76\x41\x5a\x0a\x53\x83\xb4\xf7\
\x32\x48\x58\x6f\xb8\x14\xf9\x31\x5c\xbf\x76\x83\x10\xa1\xe9\x3a\
\xbc\xfa\x7c\xa2\x0d\x83\x8e\xff\xd4\x75\x48\x00\x54\x50\x29\x0b\
\x62\x19\xb7\x0f\xf9\xfe\x27\x84\x0e\xbd\x8f\x26\x09\xad\xae\x96\
\xd1\x94\x46\x54\xe7\x39\x68\x68\x2c\x2a\x35\x25\x1d\x76\x5f\x60\
\x30\x8c\x46\x63\xa9\xff\x5d\x3a\xbc\xb5\x86\xa6\x69\xf0\x5e\x46\
\x04\xa0\x2a\x79\x32\x99\xd2\xb6\xed\x36\x52\x95\x05\x14\x0e\x92\
\xa4\xcd\xf2\x3c\x13\xfa\x07\xdd\xa5\xa9\x8a\x80\x46\x45\x61\x4b\
\x45\x26\x93\x96\x21\x92\xe5\x19\x65\x51\x70\xb8\x37\xa5\xeb\x7b\
\x06\x2f\x2d\x79\x46\xfd\x0e\xd9\x54\x22\x14\x31\x11\xcb\x44\x4d\
\x2c\xab\x46\x76\x46\x7c\x56\xb9\x89\xc2\x75\x22\x77\x31\x5d\x95\
\x2e\x96\x9e\xb7\xd1\x5e\x02\xa7\xc2\x6f\x8c\x1c\x3b\x78\xaf\x38\
\x41\x29\x0f\x7d\xfb\x7b\xaf\xf2\xad\xef\x7c\x0f\xb4\x81\xc5\x39\
\xa9\x51\x66\x2e\x93\x86\xe6\xe9\x98\xc9\x78\xac\xa3\x15\x24\xca\
\xf7\xc1\x0b\x3f\x9c\x7e\x5d\xdb\x49\xd1\x5d\x94\x80\xa6\x96\x52\
\xea\xc8\x8a\xdf\x9a\xaa\x37\x21\x06\xaa\xbc\x48\x27\xcd\x66\xd3\
\x30\x78\x9d\x16\x14\x45\x70\x52\xd5\x22\x22\xfc\x2e\x55\x55\xb3\
\xbf\xbf\xc7\x72\xbd\x56\xca\x5c\xc4\x02\xc5\x88\x33\x56\xb4\xf0\
\x0f\x6c\x3a\x11\xfa\x48\x54\x48\xbf\x94\xc3\xd2\x3a\x8b\x53\xf5\
\x71\x8f\x6d\x32\x0f\xb9\xc1\x2a\xc9\xf2\x92\xac\xb4\xd1\x75\x57\
\xfd\x27\xcf\x5d\xca\x8b\x44\x1d\x93\x59\xd7\x23\x89\xce\xf4\x53\
\x46\x17\x2f\x04\x21\x4d\x8e\xda\x33\xea\x5c\x46\x59\x16\x74\xad\
\x34\xed\xca\xbb\xd3\xec\xae\x08\x31\x30\xae\x4a\x08\x5e\x60\xd3\
\x5a\xf1\x30\x0a\x61\x92\xd3\x12\xed\x67\x9d\xcc\x4e\x08\x21\x92\
\xbb\x9c\x22\x13\xcd\x90\x88\xa0\xfb\x5e\xcf\x27\xec\xce\x29\x6a\
\x5e\x4a\x56\xc7\x48\xdb\x25\xd2\x81\x55\x55\x15\x43\xdf\x6d\x35\
\x49\x88\x81\xa0\xbe\x6d\x12\x36\x63\xa4\x66\x64\xad\x0c\x74\x2b\
\xcb\x4a\x1d\x7e\x21\xc7\x4e\x2d\x96\xa8\xaf\x37\xd9\x3b\xe0\xda\
\x8d\x9b\x8c\xc6\x13\xa6\xd3\x29\xe3\xf1\x94\xbd\xe9\x3e\xfb\x07\
\x87\x8c\xc6\x13\x9c\x16\xca\x87\x5e\x6b\x96\x21\x48\xef\x6d\x2f\
\x89\xf7\x4c\xd9\xa4\xba\x66\x43\x59\x96\x4c\xc6\x13\xf6\xa6\x13\
\xa6\x93\xb1\x9c\x27\xe2\xc7\xf9\x20\x83\x46\x24\xa9\x6e\x99\x4e\
\x46\x92\x9e\x29\x72\x36\x4d\x4b\x55\xe4\xdb\xfa\xb3\x51\x94\xb5\
\x8a\x0e\x43\xd7\x09\xde\x4e\x29\xd7\xf2\xdc\x11\x63\x90\x3c\x7c\
\x64\x8b\x17\x04\x59\x06\x51\xa4\x72\x91\x29\x75\xb4\x35\xb9\xfa\
\x88\x1f\xa7\xe9\xcc\x25\x4c\x97\x21\x21\x33\xf4\xa0\x6a\x98\x25\
\x14\x16\xf7\xd0\x46\x83\x15\xa9\xdc\xdd\x00\x8c\x68\x4b\x0c\x55\
\x59\x91\xe5\x02\x73\xdf\xee\x82\x98\x04\x2f\x48\x54\xab\x37\xbc\
\x1e\x8d\x25\x67\xa5\x69\x8e\xad\xe8\x1b\x59\x0c\x69\x04\x91\xe8\
\x54\x6a\xa2\x9a\x13\x42\x36\x43\x8c\x91\xae\x97\x9c\x57\xa2\x80\
\xad\x8a\x12\xa3\xb9\xa7\xb6\x95\x68\xd2\xa7\x79\x64\x16\x05\x2a\
\x98\xad\xaf\x29\xbb\x91\xed\xe8\x82\xb6\x97\x9a\xa5\xf7\x42\xe2\
\x1c\x82\x94\xef\x50\xed\x9e\x34\x9b\x08\x5b\x2e\x69\xa3\x3c\xdf\
\x82\x32\x0b\x9d\xaf\x20\x8c\x9d\x72\x9d\x99\x2b\x24\x7a\x8c\x06\
\x67\x33\x9c\x52\xd0\x66\x79\x46\xa6\x93\x21\xbd\x76\xb9\x75\x43\
\xc7\x30\x08\x98\xb2\xae\x47\xd4\xe3\x11\x65\x59\xe2\x5c\x86\x57\
\xf6\xf2\xba\x1a\x91\xe7\x05\xd6\xe5\x38\x2b\x65\x3e\xd4\xbd\x90\
\xe1\x7c\xb2\x46\x93\xf1\x48\xa8\xf7\xd5\x6f\x8d\x68\x15\x41\x7b\
\x44\x72\xa7\x53\x1a\x15\x4b\x68\x8d\xa5\xca\x4b\xa2\xf7\xac\x37\
\x0d\x79\x2e\xe5\xb2\x88\xf4\x46\x97\x5a\xdd\xd1\x9b\xae\xf2\x23\
\x7f\x93\xc4\x21\xbd\x9c\x5e\xff\xff\xa7\xe9\xb6\xd5\x29\x23\x5f\
\xc0\x36\xe7\x23\xc7\x36\xc6\x6c\x39\x86\xe5\xf7\xcb\x5f\x76\xe9\
\x9b\xf4\xd7\xba\xae\x75\x17\x24\x4e\x61\xf9\x9c\xb5\x96\xae\x93\
\x45\x8d\x51\x34\xdb\x68\x34\x66\xd3\x2c\xf5\x22\x34\x0f\x67\x74\
\x66\x28\x91\xa6\x15\x7e\xdb\xa8\xe9\x8e\xdd\x26\x12\x58\x76\x37\
\x04\xba\x6e\xa0\x2e\x25\x75\x43\x0c\x4a\xcb\x6f\xe8\x75\xaa\xdf\
\x76\x13\xa5\x33\x55\x9e\x8d\x42\x9b\x8b\x0d\xd0\x76\x2d\x51\xd9\
\xa0\xba\xae\xc3\x19\x9d\x87\xa5\x30\x1f\x73\x29\xb2\x37\x3a\x9c\
\x38\xcb\xc5\xff\xe2\x52\x14\x6e\x13\x07\x9d\x89\xd2\x74\x9c\xd6\
\x52\xdd\x13\xa3\x25\x23\x6b\xa4\x75\x90\x18\xa4\xfa\xb0\x69\x74\
\xd2\x62\x24\x2f\x2a\xf2\x42\x27\x45\x23\xf7\xc4\x20\x10\xae\xba\
\x1a\xe1\x74\x5c\xbd\xd3\xb6\xc6\x18\xd3\x6c\x0c\x4b\xd3\x36\x32\
\x93\xab\x2a\x38\x3b\x9f\x71\xb6\x58\xe0\xd5\x8d\x70\x4e\x18\xdd\
\x65\x1d\xc5\x15\xb1\x46\x58\x41\xad\x0e\x72\x36\xce\x4a\x53\x94\
\x52\x88\x61\xa4\x95\x40\x3a\xbc\x76\x5a\x51\xe4\xe0\x07\x16\x45\
\x6e\xbf\x11\x2b\x19\xb5\x21\x28\xc6\x8f\x9b\xf7\x9a\xfe\x4e\x52\
\xa7\x7f\x25\x61\x4a\xc2\x27\x77\x4b\x9e\x53\xf1\xdb\xfd\xa7\x3b\
\x0b\xe4\x0b\x8d\xb1\x8c\x46\x52\x4e\x4a\x02\xb7\x15\x62\x6b\xa4\
\x4c\xa4\x00\xc4\xaa\x1e\xe1\xac\xa3\x6b\x5b\x51\x28\xaa\x69\x27\
\x75\x8d\x49\x9d\x5e\x7d\xa7\xf9\x9e\x64\xfa\xc5\x67\x8d\x0a\x89\
\x5a\xb5\x32\x15\x71\x52\x55\x6c\x9a\x86\x71\x5d\x4b\x66\x3d\xc8\
\x8e\x0a\xfa\x21\x23\xbb\x4a\x4c\xab\x97\x86\xa2\x74\x55\x43\x3f\
\x10\xd5\xff\x8a\x40\x5d\x64\x64\xd6\xe0\xa3\x2c\xa8\x7c\x4e\xae\
\xd1\xd8\x5d\x03\x90\xb5\x22\x3c\xc5\x76\x64\x80\xf8\x90\x32\x60\
\x45\x08\x05\xbd\x17\x5a\xb1\xa0\x68\x82\x64\xda\x87\x41\x28\x69\
\x5b\x9d\x31\x21\x60\x0a\x31\x61\xa9\x05\x14\xd4\xc1\x37\x86\xa7\
\x9e\xba\x21\x54\x12\x56\x22\x5a\xab\x49\xf6\x18\xc5\xcd\x48\x94\
\x11\x65\x91\xb3\x5a\x37\x44\x67\x99\xaf\x36\x9c\x2d\x16\x04\x9d\
\x11\x22\x01\x95\x5c\x8b\x6c\x18\xb9\x87\x29\x1d\x53\x94\xd2\xf7\
\xeb\x15\xad\x1d\x15\xba\x95\x34\xb2\xae\x80\x0a\xde\x0f\xc9\x45\
\x8c\xe2\xcb\x46\x49\xa9\x05\xd5\xe0\xff\x3f\x2c\x5a\xdc\x42\x96\
\xa0\xcc\xc6\x00\x00\x00\x00\x49\x45\x4e\x44\xae\x42\x60\x82\
"

qt_resource_name = b"\
\x00\x02\
\x00\x00\x07\x85\
\x00\x72\
\x00\x65\
\x00\x0c\
\x03\xb9\x19\x02\
\x00\x55\
\x00\x49\x00\x5f\x00\x63\x00\x68\x00\x61\x00\x72\x00\x61\x00\x63\x00\x74\x00\x65\x00\x72\
\x00\x0a\
\x07\xed\xfb\x27\
\x00\x6e\
\x00\x6f\x00\x6d\x00\x61\x00\x6c\x00\x20\x00\x2e\x00\x70\x00\x6e\x00\x67\
"

qt_resource_struct_v1 = b"\
\x00\x00\x00\x00\x00\x02\x00\x00\x00\x01\x00\x00\x00\x01\
\x00\x00\x00\x00\x00\x02\x00\x00\x00\x01\x00\x00\x00\x02\
\x00\x00\x00\x0a\x00\x02\x00\x00\x00\x01\x00\x00\x00\x03\
\x00\x00\x00\x28\x00\x00\x00\x00\x00\x01\x00\x00\x00\x00\
"

qt_resource_struct_v2 = b"\
\x00\x00\x00\x00\x00\x02\x00\x00\x00\x01\x00\x00\x00\x01\
\x00\x00\x00\x00\x00\x00\x00\x00\
\x00\x00\x00\x00\x00\x02\x00\x00\x00\x01\x00\x00\x00\x02\
\x00\x00\x00\x00\x00\x00\x00\x00\
\x00\x00\x00\x0a\x00\x02\x00\x00\x00\x01\x00\x00\x00\x03\
\x00\x00\x00\x00\x00\x00\x00\x00\
\x00\x00\x00\x28\x00\x00\x00\x00\x00\x01\x00\x00\x00\x00\
\x00\x00\x01\xa0\xfb\xa5\xcd\x2f\
"

qt_version = [int(v) for v in QtCore.qVersion().split('.')]
if qt_version < [5, 8, 0]:
    rcc_version = 1
    qt_resource_struct = qt_resource_struct_v1
else:
    rcc_version = 2
    qt_resource_struct = qt_resource_struct_v2

def qInitResources():
    QtCore.qRegisterResourceData(rcc_version, qt_resource_struct, qt_resource_name, qt_resource_data)

def qCleanupResources():
    QtCore.qUnregisterResourceData(rcc_version, qt_resource_struct, qt_resource_name, qt_resource_data)

qInitResources()
